Gender,Senior Citizen,Partner,Dependents,Tenure Months,Phone Service,Multiple Lines,Internet Service,Online Security,Online Backup,Device Protection,Tech Support,Streaming TV,Streaming Movies,Contract,Paperless Billing,Payment Method,Monthly Charges,Total Charges,Churn Value,Churn Score,CLTV,Charges_Per_Month,Total_Services_Count
1,0,0,0,-1.2367242199587352,1,0,0,2,2,0,0,0,0,0,1,3,-0.3626603559551803,-0.9580659010627455,1,86,3239,1.3964241971165443,3
0,0,0,1,-1.2367242199587352,1,0,1,0,0,0,0,0,0,0,1,2,0.19736523310080326,-0.9388744441030343,1,67,2701,2.0404032218840493,2
0,0,0,1,-0.9924020376385531,1,2,1,0,0,2,0,2,2,0,1,2,1.1595456961969886,-0.6437892489880273,1,86,5372,0.607852453632696,6
0,0,1,1,-0.1779947632379461,1,2,1,0,0,2,2,2,2,0,1,2,1.330710787214099,0.33808539553347106,1,84,5003,-0.24729388052853946,7
1,0,0,1,0.6771328748826912,1,2,1,0,2,2,0,2,2,0,1,0,1.2941512532104444,1.2161496993050833,1,89,5340,-0.42383888843993717,7
0,0,1,0,-0.9109613101984924,1,0,0,0,0,2,2,0,0,0,0,1,-0.31779183695069496,-0.7726808386611219,1,78,5925,-0.08627366541128198,3
1,1,0,0,-1.2774445836787656,0,1,0,0,0,2,0,0,2,0,1,2,-0.8346107040023594,-0.988286930987808,1,100,5433,1.6114023582036194,3
1,0,0,0,-1.2774445836787656,1,0,2,1,1,1,1,1,1,0,0,3,-1.4827115340671475,-0.9968899979007819,1,92,4832,0.4935159205508293,8
1,0,1,1,0.5956921474426305,1,2,1,0,2,0,0,2,2,0,1,2,1.1495749141959914,1.0894640242250588,1,77,5789,-0.4243213949792659,6
1,0,1,0,-1.2774445836787656,0,1,0,0,2,0,0,0,0,0,0,2,-1.1486903370337564,-0.9924561095687108,1,97,2915,1.0696573922641903,2
0,0,0,0,-0.62591876415828,1,0,0,0,0,0,0,2,2,0,1,3,-0.0020504069191315333,-0.5235227853738373,1,74,3022,-0.24951230139901656,3
1,0,0,1,-1.1145631287986442,1,0,1,0,0,0,0,0,0,0,1,2,0.16412929309748078,-0.8659689668020626,1,66,2454,0.6702757418890911,2
1,0,0,1,0.06632741908223598,1,2,1,0,2,2,0,2,2,0,1,2,1.3822264942192488,0.5600886401800608,1,65,2941,-0.3132459327325139,7
0,0,0,1,-0.8702409464784621,1,2,1,0,0,2,0,2,2,0,1,0,1.099721004191008,-0.5180962354748845,1,70,5674,0.27328273774829254,6
0,0,0,1,-1.2367242199587352,1,0,1,0,0,0,0,2,0,0,1,2,0.5280628361338618,-0.9421833159926397,1,90,5586,2.420675702384742,3
0,0,0,1,-0.7073594915983407,1,0,1,2,2,0,0,2,2,0,1,1,1.141265929195161,-0.37647651859977455,1,82,2966,0.04851112710058406,6
0,1,1,1,-0.9924020376385531,1,2,1,0,2,0,0,0,0,0,1,1,0.5280628361338618,-0.7263786913525774,1,69,5302,0.36580296855687827,4
1,1,0,1,-0.5851984004382496,1,2,1,0,0,0,0,2,2,0,1,2,1.0199547481830342,-0.2325847096938023,1,81,3179,-0.08564278851112218,5
0,0,0,1,-0.9516816739185228,1,2,1,0,0,0,0,2,2,0,0,2,0.9850570111795457,-0.6275757767289609,1,96,5571,0.4207099833293401,5
0,0,0,1,-1.2774445836787656,1,0,1,0,0,0,0,2,0,0,1,2,0.48485611412954227,-0.9707719691188302,1,87,2483,3.8873044902454534,3
0,0,1,1,-1.0331224013585834,1,0,1,0,0,2,0,0,0,0,1,0,0.34526516611558833,-0.7865560414515337,1,70,3457,0.41540718868919224,3
0,0,0,1,-0.8295205827584317,1,2,1,2,0,0,0,0,0,0,1,2,0.47156173812821356,-0.5966488541341161,1,86,5806,0.03467535314344165,4
1,0,0,0,-1.1145631287986442,1,0,2,1,1,1,1,1,1,0,0,3,-1.4527991880641573,-0.9555511584266455,1,66,2604,-0.25938537250079335,8
0,1,1,1,-0.30015585439803716,1,0,1,0,2,2,0,2,2,0,1,2,1.1213243651931677,0.10357461514417286,1,88,5337,-0.2272672677503483,6
1,0,1,0,1.4508197855632678,1,2,1,0,2,2,2,2,2,2,1,0,1.503537675231376,2.352438365341499,1,86,5034,-0.47885003434098994,8
1,0,1,1,0.9214550572028734,1,2,1,2,2,0,0,2,0,0,1,2,1.0631614701873533,1.3055333586162896,1,75,5154,-0.4635463784982489,6
0,1,1,1,0.18848851024232702,1,2,1,0,0,0,0,0,0,0,1,2,0.39013368512007346,0.25959895431203156,1,67,2793,-0.43081474118987845,3
0,0,1,1,-0.9109613101984924,1,2,1,2,0,0,0,2,2,0,1,2,1.1794872601989819,-0.536074439408407,1,87,5998,0.38329075432072907,6
1,0,0,1,-1.1960038562387048,1,2,1,0,0,0,0,0,0,0,1,2,0.32033821111309646,-0.9045062947429998,1,76,4415,1.4709499596267306,3
0,1,0,1,-0.21871512695797646,1,2,1,0,0,2,0,0,0,0,1,2,0.44164939212522314,-0.06363371101055196,1,95,4638,-0.34203253220760216,4
0,0,1,0,-0.30015585439803716,0,1,0,2,2,2,0,2,2,0,1,1,-0.2047896409393986,-0.34283632105545325,1,99,4190,-0.40321862420930815,6
1,0,0,0,-1.2774445836787656,0,1,0,0,0,0,0,0,2,0,1,2,-0.9742016520163136,-0.990139899245987,1,80,2301,1.3706268177860956,2
1,0,0,0,-1.2367242199587352,1,0,0,0,0,0,0,0,0,0,0,2,-0.6784017859867437,-0.9699337215734635,1,76,2570,1.0333499695028177,1
0,1,1,1,-1.2774445836787656,1,0,1,0,0,0,0,0,0,0,1,3,0.18905624809997262,-0.9746984970944953,1,76,3964,3.377089654598796,2
0,0,0,0,-0.9924020376385531,1,2,0,2,0,0,2,0,2,0,0,2,0.21232140610229844,-0.7571070816340459,1,66,2662,0.24477822601896929,5
1,0,0,0,-1.2774445836787656,1,0,0,0,0,0,0,0,0,0,1,2,-0.6351950639824246,-0.9856398334761236,1,73,2600,1.9553674159429395,1
1,0,0,1,-1.0331224013585834,1,2,1,0,0,0,0,2,2,0,0,3,1.0049985751815391,-0.7165844305593455,1,94,2786,0.6998949551944215,5
0,0,1,1,-0.5037576729981889,1,2,1,2,0,0,0,0,0,0,0,2,0.5862257311396761,-0.30326221325577307,1,86,5719,-0.21174894188530813,4
0,0,0,1,-1.1552834925186746,1,0,1,0,0,0,0,0,0,0,1,0,0.20401242110146783,-0.8853368969292195,1,75,4287,0.9641747745574658,2
1,1,1,0,1.0436161483629645,0,1,0,0,2,2,0,0,2,0,1,2,-0.6468276429835875,0.16388432011871337,1,100,5444,-0.5736016632407193,4
0,0,1,1,-1.2367242199587352,1,2,1,0,0,2,2,2,2,0,1,2,1.3174164112127704,-0.8986606210713638,1,83,4690,3.3283612714190594,7
0,0,1,0,0.8400143297628127,1,0,1,0,0,2,0,2,2,1,1,0,1.0000131841810405,1.200222995943116,1,80,4328,-0.460243980291779,5
0,1,0,1,-0.7073594915983407,1,2,1,0,0,0,0,0,0,0,1,3,0.32200000811326246,-0.5003165638547383,1,99,5717,-0.12812926192596252,3
0,1,0,1,-1.0331224013585834,1,0,1,2,0,0,0,0,0,0,0,0,0.3884718881199074,-0.7836001158968197,1,81,4419,0.4340386293167387,3
0,0,0,0,-1.2774445836787656,0,1,0,0,2,0,0,0,0,0,0,0,-1.156999322034587,-0.9925664052983643,1,95,4534,1.0553255148583853,2
1,0,0,1,-0.9924020376385531,1,2,1,0,0,0,0,0,2,0,0,0,0.6560212051466532,-0.713429972691255,1,86,2152,0.4148498379011887,4
0,0,0,1,-0.7888002190384014,1,0,1,0,2,2,0,0,0,0,1,2,0.4815325201292102,-0.5153388422335466,1,73,5142,-0.012604092979884381,4
0,0,1,0,-1.2774445836787656,0,1,0,0,0,0,0,0,0,0,1,2,-1.328164413051698,-0.9948384973292265,1,94,4851,0.7600888402988024,1
1,0,1,1,-1.0738427650786138,1,0,1,0,2,2,0,0,2,0,1,2,0.8720548151682491,-0.7715117039267947,1,94,2283,0.8288818518466664,5
1,0,0,1,-1.2774445836787656,1,0,1,0,0,0,0,0,2,0,0,2,0.50313588113137,-0.9705293185135924,1,98,3394,3.918834620538225,3
0,0,0,1,-0.5444780367182193,1,0,1,2,0,2,2,2,2,0,1,2,1.3905354792200795,-0.15233353679790662,1,71,3764,-0.05052214577352845,7
1,0,0,0,-1.2367242199587352,1,0,0,0,0,0,0,0,0,0,1,1,-0.6235624849812617,-0.9684998770879678,1,76,2667,1.0964102300883598,1
0,0,0,1,-1.1552834925186746,1,0,1,0,0,0,0,0,0,0,1,2,0.179085466098976,-0.8873883975007748,1,67,2227,0.9469765216704997,2
1,0,1,0,-1.1552834925186746,1,0,0,0,0,0,2,0,0,0,0,3,-0.4889569279678058,-0.9266536772574252,1,82,3394,0.48606334429981074,2
0,0,1,0,-1.2774445836787656,1,0,0,0,0,0,0,2,0,0,0,3,-0.31779183695069496,-0.9814265366033595,1,81,3638,2.5028451328446906,2
1,0,0,1,-1.2774445836787656,1,0,1,2,0,0,0,0,2,0,1,3,0.6593447991469852,-0.9684557587961065,1,66,2484,4.1882739157673585,4
1,0,0,0,-1.2367242199587352,1,2,0,0,2,0,0,0,0,0,1,3,-0.34438058895335305,-0.955440862696992,1,81,2556,1.4174442839783918,3
0,1,0,1,-0.8702409464784621,1,0,1,0,2,0,0,2,2,0,1,2,1.0049985751815391,-0.5115226099875352,1,85,5980,0.24605217067726307,5
1,1,0,0,-0.7073594915983407,1,0,1,0,2,0,0,0,0,0,1,2,0.32033821111309646,-0.5318170242437815,1,86,4616,-0.12848755886110763,3
1,0,0,0,-1.2774445836787656,1,0,0,2,0,0,0,0,0,0,1,3,-0.5388108379727895,-0.9843604030121428,1,77,5687,2.1216171938502772,2
0,0,1,0,-1.2367242199587352,1,0,1,0,0,0,0,0,0,0,0,2,0.1873944510998066,-0.9408597672367975,1,75,5687,2.0289377199594054,2
1,1,1,0,-1.2774445836787656,0,1,0,0,2,0,0,2,0,0,0,2,-0.8163309370005319,-0.9880442803825703,1,65,5828,1.6429324884963907,3
0,0,1,0,-1.2367242199587352,1,0,0,0,0,0,0,0,0,0,1,1,-0.6700928009859131,-0.9702425496164933,1,99,4884,1.042904554440021,1
1,1,0,0,-1.1960038562387048,0,1,0,0,0,2,0,0,2,0,1,2,-0.7847567939973756,-0.9474554518700777,1,96,2314,0.5178801121406978,3
1,1,0,0,-0.7888002190384014,1,2,1,0,2,2,0,2,2,0,1,2,1.4005062612210766,-0.40387397784570706,1,84,2494,0.2138395700318347,7
1,0,0,0,1.0843365120829946,1,0,2,1,1,1,1,1,1,2,0,3,-1.5093002860698053,-0.520655096402846,1,83,5084,-0.6246571546500769,8
0,1,0,0,-0.6666391278783103,1,0,1,0,0,0,2,2,2,0,1,2,0.9867188081797118,-0.33906420710130314,1,81,3810,-0.024623600249626735,5
1,0,0,0,-1.2774445836787656,0,1,0,0,0,0,0,0,0,0,0,0,-1.328164413051698,-0.9948384973292265,1,73,5087,0.7600888402988024,1
1,0,0,0,-1.2774445836787656,1,0,1,0,0,0,0,0,0,0,0,3,0.19404163910047073,-0.9746323196567032,1,69,3338,3.3856887810422784,2
1,0,1,0,-1.1145631287986442,1,2,1,0,2,0,2,0,0,0,1,2,0.6859335511496436,-0.8288213650547598,1,80,3676,0.9702897089172758,5
0,0,1,0,0.7992939660427822,1,2,1,0,2,2,0,2,2,0,1,2,1.3390197722149297,1.4758079060553824,1,65,4839,-0.4343784970016099,7
1,0,1,0,-0.5851984004382496,1,0,1,0,0,2,0,2,2,0,0,3,1.0099839661820376,-0.2204962977237773,1,68,4643,-0.08745313092027643,5
1,0,1,0,-1.2774445836787656,1,0,1,0,0,0,0,0,0,0,0,2,0.17410007509847744,-0.9748970294078716,1,97,4094,3.3512922752683467,2
1,1,0,0,-0.9924020376385531,1,0,1,0,2,0,0,0,0,0,1,2,0.3236618051134285,-0.7381803344255032,1,80,4345,0.28745537207181093,3
1,0,0,0,-0.9109613101984924,1,0,0,0,0,0,0,0,0,0,1,1,-0.6617838159850825,-0.8136887909462978,1,83,4061,-0.19415361533861422,1
1,1,0,0,-0.3408762181180675,1,2,1,0,0,0,0,0,0,0,1,2,0.37683930911874425,-0.25016584900057215,1,98,2018,-0.31262351977089037,3
0,0,0,0,-1.2774445836787656,1,0,1,2,0,0,0,0,0,0,1,3,0.2937494591104381,-0.973308770900861,1,80,2565,3.5576713099119384,3
0,1,0,0,-1.1552834925186746,1,2,1,0,0,0,0,2,2,0,1,2,1.0199547481830342,-0.83102727964783,1,85,3677,1.527130919057486,5
1,1,1,0,-0.015113308357824713,1,2,1,0,0,0,0,0,0,0,1,2,0.33695618111475767,0.010418841878816238,1,69,4105,-0.40140124861286103,3
1,0,0,0,-1.1145631287986442,1,0,1,0,0,0,0,2,0,0,1,2,0.5264010391336954,-0.8224462718807867,1,69,5715,0.8785656935201236,3
0,0,1,0,0.22920887396235737,1,0,0,2,2,0,2,2,2,1,0,1,0.5164302571326987,0.343644300308008,1,81,2071,-0.42556165360092213,6
1,1,1,0,-0.3408762181180675,1,0,1,0,0,2,0,2,2,0,1,2,0.9435120861753926,-0.021478683136979433,1,73,2212,-0.2344287966448182,5
0,1,0,0,0.880734693482843,1,2,0,2,2,0,2,2,2,1,0,0,0.5878875281398422,0.9134099805521226,1,83,4149,-0.48975510132307226,7
0,1,0,0,-1.2367242199587352,1,0,1,0,0,0,0,0,0,0,1,2,0.1857326540996401,-0.9444333488775714,1,73,2671,2.0270268029719642,2
0,0,0,0,-1.0331224013585834,1,2,1,0,0,0,0,0,0,0,1,2,0.3020584441112687,-0.7802250665694221,1,67,2473,0.39677574806164556,3
0,0,0,0,-1.2367242199587352,1,2,1,0,0,2,0,0,0,0,0,3,0.5264010391336954,-0.937043534990786,1,92,2683,2.418764785397301,4
1,0,1,0,1.4508197855632678,1,2,0,0,2,2,2,0,2,1,1,0,0.36686852711774764,1.329820478285993,1,81,4903,-0.5356790438805298,6
0,0,0,0,0.43281069256250915,1,2,1,0,2,2,0,2,2,2,1,2,1.3240635992134344,1.0941846814542295,1,91,5250,-0.38906714805756226,7
1,0,1,0,1.247217966963116,1,2,1,0,2,2,0,2,2,0,1,2,1.284180471209448,1.907350977897715,1,98,4352,-0.4763938828870241,7
0,0,0,0,-1.2367242199587352,1,0,1,0,0,0,0,2,2,0,1,2,0.8521132511662559,-0.931572866799972,1,76,4157,2.7933045149356723,4
1,0,1,0,-1.1552834925186746,1,2,1,0,2,2,0,0,0,0,1,0,0.6659919871476498,-0.84170390627829,1,73,4939,1.282915728062569,5
0,1,0,0,-0.46303730927815856,0,1,0,2,0,0,0,2,0,0,1,2,-0.7598298389948839,-0.6351420637831919,1,97,4778,-0.4432677026104248,3
0,0,0,0,-0.9109613101984924,1,0,1,0,0,0,0,0,2,0,1,0,0.5147684601325326,-0.632539084563369,1,85,3598,0.1748270829635655,3
1,1,1,0,-0.21871512695797646,0,1,0,2,0,0,0,0,0,0,0,1,-1.1304105700319294,-0.6505834659346836,1,91,2927,-0.5357176182917669,2
1,0,0,0,-1.1145631287986442,1,0,1,0,0,2,0,2,2,0,0,0,1.0548524851865226,-0.7884751871475049,1,98,5383,1.1824014945231895,5
1,0,0,0,-1.2367242199587352,1,2,1,0,0,0,0,2,0,0,1,2,0.6942425361504742,-0.9257051339824051,1,73,3878,2.611767401128809,4
0,0,1,0,-0.30015585439803716,1,2,1,0,0,2,2,2,2,0,1,0,1.3356961782145975,0.12651612691210345,1,66,3642,-0.19882400336036601,7
1,0,0,0,-1.2774445836787656,1,0,0,0,2,0,0,0,0,0,0,3,-0.4690153639658123,-0.9834339188830533,1,76,2431,2.2420049640590394,2
1,0,0,0,-1.2774445836787656,1,2,1,0,2,0,0,0,2,0,1,1,0.8670694241677506,-0.9656983655547686,1,81,3424,4.546570850912484,5
1,1,1,0,-0.8702409464784621,1,0,2,1,1,1,1,1,1,0,0,3,-1.4893587220678117,-0.9110358019384879,1,80,5888,-0.4710194288598472,8
0,1,1,0,0.9214550572028734,1,2,1,0,2,2,0,0,0,0,1,2,0.6875953481498096,1.1448545396570529,1,100,5502,-0.4866821234533341,5
0,0,0,0,0.06632741908223598,1,0,1,0,2,0,0,0,0,0,1,1,0.30538203811160125,0.10796438518438257,1,94,5795,-0.4193837219777897,3
1,0,1,0,1.4915401492832983,1,2,1,0,0,2,0,2,2,0,1,1,1.1528985081963241,2.0858535867689594,1,80,4020,-0.49874137458478995,6
0,0,0,0,-1.2774445836787656,1,0,2,1,1,1,1,1,1,0,1,3,-1.491020519067978,-0.9970002936304354,1,92,3351,0.47918404314502433,8
1,0,0,0,-1.2774445836787656,1,0,2,1,1,1,1,1,1,0,1,3,-1.5009913010689746,-0.9971326485060197,1,95,3448,0.46198579025805847,8
1,1,0,0,-1.1960038562387048,1,2,1,0,2,0,0,0,0,0,1,2,0.5513279941361872,-0.9026753856307516,1,73,2818,1.6701630555674198,4
0,0,1,0,-0.4223169455581282,1,0,1,0,2,0,0,0,2,0,0,2,0.6161380771426661,-0.1914002842411807,1,88,3804,-0.24638282865146882,4
0,1,0,0,-1.2774445836787656,1,0,1,0,0,2,0,0,0,0,1,0,0.3502505571160864,-0.972558759939217,1,67,4902,3.6551280762714127,3
0,0,1,0,1.1657772395230555,1,0,2,1,1,1,1,1,1,0,1,3,-1.5076384890696393,-0.4840589733038106,1,82,4221,-0.6257574729799419,8
1,0,0,0,-0.8295205827584317,1,0,0,0,0,0,0,0,0,0,1,0,-0.6435040489832552,-0.7768500172420246,1,68,2887,-0.2612227926810248,1
0,0,0,0,1.125056875803025,1,2,1,0,2,2,0,2,2,0,1,2,1.3672703212177542,1.816224646057983,1,84,4105,-0.462584766583316,7
0,0,0,0,-1.2774445836787656,1,0,1,0,0,0,0,0,0,0,0,3,0.15914390209698223,-0.9750955617212478,1,73,2792,3.3254948959378976,2
0,0,1,0,-0.1779947632379461,1,0,1,0,0,0,0,0,2,0,1,2,0.5413572121351905,-0.02322135566550505,1,98,5201,-0.3411923876700205,3
1,0,1,0,-1.1552834925186746,1,2,1,0,0,2,0,2,2,0,0,2,1.2093996062019723,-0.8355273454176932,1,84,4417,1.6578376409984277,6
1,0,0,0,-1.0331224013585834,1,2,1,0,2,0,0,2,2,0,1,2,1.1645310871974868,-0.7087534337539461,1,98,2031,0.7686879667422853,6
0,0,1,0,-0.7888002190384014,1,0,0,0,0,0,0,0,2,0,0,2,-0.2928648819482031,-0.6817971574266277,1,91,4498,-0.20342280358288808,2
1,0,0,0,-1.2774445836787656,1,0,0,0,0,0,0,0,2,0,1,2,-0.3244390249513595,-0.9815147731870822,1,71,4877,2.4913796309200467,2
0,0,1,0,-1.2774445836787656,1,0,1,0,2,0,0,0,0,0,1,2,0.3303089931140931,-0.9728234696903856,1,80,5980,3.620731570497481,3
1,0,0,0,-0.3408762181180675,1,2,1,0,2,0,0,0,0,0,1,2,0.5147684601325326,-0.18451783071080158,1,77,4418,-0.29359078657598126,4
1,0,0,0,-1.1145631287986442,1,0,1,0,0,0,2,2,2,0,1,2,1.0415581091851935,-0.8057474984112448,1,66,4192,1.174757826573427,5
0,0,0,0,-0.7073594915983407,1,0,1,0,0,0,0,0,0,0,0,0,0.14086413509515497,-0.5668910662735984,1,73,5671,-0.16718362785678118,2
0,0,1,0,0.6364125111626608,0,1,0,2,0,2,0,0,2,0,1,0,-0.6468276429835875,-0.05944247328371849,1,65,4926,-0.555636003012896,4
0,0,1,0,-0.9924020376385531,1,0,1,0,2,0,0,2,0,0,1,2,0.6244470621434968,-0.7057533899073706,1,65,2879,0.4027473636473977,4
1,0,0,0,-1.2774445836787656,1,2,1,0,0,0,0,0,0,0,1,2,0.31867641411292996,-0.9729778837119004,1,93,2814,3.600666942129353,3
0,0,1,0,-1.2367242199587352,1,0,1,2,0,0,0,0,0,0,1,2,0.32033821111309646,-0.9442789348560564,1,77,4263,2.1818110789546585,3
1,0,0,0,-0.4223169455581282,0,1,0,0,2,2,0,0,2,1,1,0,-0.6983433499887373,-0.6071269484511997,1,66,3099,-0.4435396117469776,4
0,1,0,0,-1.1145631287986442,0,1,0,0,2,0,0,0,0,0,0,2,-1.2068532320395708,-0.9479628122264837,1,89,4099,-0.11797751543018405,2
0,0,0,0,-0.8295205827584317,1,2,1,2,2,2,0,0,2,0,1,0,1.1612074931971548,-0.4593968481532852,1,76,2538,0.2176824030944901,7
0,1,0,0,-0.5037576729981889,1,2,1,0,2,2,0,0,2,0,1,2,0.9750862291785486,-0.21941539957317285,1,87,2666,-0.14786971687657727,6
1,0,1,0,-1.2367242199587352,1,0,1,0,0,0,2,2,2,0,1,2,0.9784098231788811,-0.9318816948430017,1,72,3715,2.938534205981163,5
0,0,1,0,-1.0738427650786138,1,2,1,0,0,0,2,0,0,0,1,2,0.5230774451333633,-0.7839310030857802,1,98,5032,0.6568993229770064,4
0,1,1,0,-1.1145631287986442,1,2,1,0,0,0,0,0,0,0,1,2,0.31867641411292996,-0.8580717925588712,1,82,5273,0.7591333818050819,3
1,0,0,0,0.3106496014024181,1,2,1,0,0,2,2,2,2,0,0,0,1.330710787214099,0.8171659268564674,1,88,3492,-0.3685639833076168,7
0,1,1,0,-0.21871512695797646,1,0,1,2,0,0,0,0,0,0,1,0,0.3469269631157543,-0.15458356968283835,1,99,4517,-0.3537027752380434,3
0,0,0,0,-0.38159658183809786,1,2,1,0,0,0,0,0,0,0,0,0,0.36022133911708304,-0.22991555303618733,1,81,2115,-0.30047008773076767,3
1,0,1,0,0.06632741908223598,1,2,1,0,0,2,0,2,2,0,1,2,1.1728400721983174,0.5295367230660378,1,72,2568,-0.33388383619687306,6
0,0,0,0,-1.2774445836787656,1,2,1,0,0,0,0,0,2,0,1,2,0.6726391751483144,-0.9682792856286608,1,80,5679,4.211204919616646,4
1,0,0,0,-0.9109613101984924,1,2,1,0,0,0,0,2,0,0,1,0,0.7075369121518029,-0.6377891612948763,1,85,2966,0.23528154765714288,4
1,0,0,0,-0.7888002190384014,0,1,0,2,0,0,2,2,0,0,1,1,-0.6385186579827569,-0.7423936312982674,1,74,4856,-0.2885951035945292,4
1,0,1,0,0.26992923768238775,1,0,1,0,2,0,0,2,0,0,1,3,0.7158458971526335,0.43512357848263117,1,98,3364,-0.4142651943328594,4
1,0,0,0,-0.015113308357824713,1,2,1,0,2,0,0,0,0,0,1,0,0.5180920541328647,0.13959720044901006,1,92,5974,-0.3824657984645854,4
0,0,0,0,0.10704778280226633,1,2,1,0,0,2,0,2,2,0,1,2,1.1794872601989819,0.5505370299920666,1,72,2744,-0.34235101837217563,6
1,0,1,0,0.9621754209229036,1,2,1,0,2,0,0,2,2,1,0,1,1.1811490571991479,1.4712196037017962,1,67,5170,-0.45988079431463386,6
0,0,1,0,-0.8295205827584317,1,0,2,1,1,1,1,1,1,0,0,3,-1.5209328650709681,-0.9027415630685437,1,72,3535,-0.49406067791994907,8
0,0,0,0,-1.2774445836787656,1,0,1,2,0,0,0,0,0,0,0,3,0.3502505571160864,-0.972558759939217,1,87,3244,3.6551280762714127,3
0,1,0,0,-1.1552834925186746,1,2,1,0,0,2,0,2,0,0,1,2,0.8122301231622688,-0.853042307286671,1,74,5808,1.383812144999436,5
0,1,0,0,-1.2774445836787656,1,2,1,0,0,0,0,2,0,0,1,2,0.6959043331506402,-0.967970457585631,1,66,4880,4.251334176352901,4
0,0,0,0,-0.8295205827584317,1,2,0,2,0,2,2,0,0,0,1,3,-0.10342002392926519,-0.6908855255500771,1,67,5670,-0.11790401862297474,5
0,1,1,0,1.3286586944031769,1,2,1,2,0,2,0,2,2,0,0,0,1.3456669602155942,1.9882639251715315,1,91,4196,-0.47879338660420806,7
1,0,1,0,-0.9516816739185228,0,1,0,0,2,0,0,0,0,0,1,2,-1.156999322034587,-0.8959473461218873,1,83,2573,-0.31824161571396586,2
0,0,1,0,-0.9516816739185228,1,0,0,2,2,2,2,0,0,0,0,3,0.00792037508186511,-0.7132534995238095,1,76,3983,0.08362422674480635,5
0,0,0,0,-1.0331224013585834,1,0,2,1,1,1,1,1,1,0,0,0,-1.4876969250676457,-0.9450730641095618,1,100,4479,-0.37499585024095367,8
1,1,1,0,0.6771328748826912,1,2,1,0,2,0,0,0,2,0,0,1,0.8404806721650927,1.0003891929568822,1,96,5059,-0.4551397086942152,5
1,1,1,0,0.43281069256250915,1,2,1,0,2,2,2,2,2,0,1,0,1.5284646302338678,1.0624415704599484,1,65,2728,-0.3730415033219803,8
0,0,1,0,1.3286586944031769,1,2,1,0,2,2,0,2,2,0,1,2,1.3539759452164248,2.0761696217053807,1,89,5720,-0.47835908728888066,7
1,1,1,0,0.9621754209229036,1,2,1,2,0,2,0,2,2,1,1,0,1.3224018022132684,1.5507207656360478,1,91,6268,-0.45133195516029395,7
1,0,1,0,-0.9109613101984924,1,2,1,0,0,0,0,0,2,0,1,2,0.6809481601491449,-0.6284360834202584,1,75,3573,0.22694300080285637,4
0,0,1,0,0.43281069256250915,1,0,0,0,0,0,0,2,0,0,0,2,-0.28621769394753876,0.09686863478123939,1,65,2152,-0.5153179590232444,2
1,0,0,0,-1.2774445836787656,1,0,1,0,0,0,0,2,2,0,1,2,0.8238627021634315,-0.9662719033489668,1,99,4996,4.4720450884022975,4
1,1,1,0,-0.5037576729981889,1,2,1,0,0,0,0,2,2,0,1,2,0.9900424021800438,-0.16768670236567554,1,84,5604,-0.14541282360701072,5
1,0,0,0,-1.2774445836787656,1,0,0,0,0,0,0,0,0,0,1,3,-0.6335332669822583,-0.985617774330193,1,95,2295,1.9582337914241006,1
0,1,0,0,-1.2367242199587352,1,2,1,0,2,0,0,0,2,0,0,2,0.8222009051632655,-0.934528792354686,1,80,2065,2.7589080091617397,5
0,0,0,0,-1.1960038562387048,1,0,1,0,0,0,0,0,0,0,1,0,0.15914390209698223,-0.9077048709029517,1,87,2876,1.331930748790422,2
0,0,0,0,-1.2774445836787656,1,0,1,0,0,2,0,0,0,0,1,3,0.32698539911376057,-0.9728675879822469,1,94,3860,3.6149988195351583,3
0,1,0,0,-0.9924020376385531,1,0,2,1,1,1,1,1,1,0,0,2,-1.4993295040688086,-0.9332934801825666,1,83,5432,-0.4113032730023264,8
1,0,1,0,-1.2367242199587352,1,0,2,1,1,1,1,1,1,1,0,3,-1.4926823160681442,-0.9899413669326106,1,68,2362,0.09700064565689108,8
0,0,0,0,-1.1552834925186746,0,1,0,0,0,0,0,0,0,0,1,3,-1.3464441800535252,-0.9634042143779755,1,93,2038,-0.10555655501181971,1
0,0,0,0,-1.2367242199587352,1,0,1,0,0,0,0,0,0,0,0,2,0.16246749609731476,-0.9417421330740257,1,80,2323,2.0002739651477954,2
0,0,0,0,-1.1552834925186746,1,0,0,0,0,0,0,0,0,0,0,3,-0.6351950639824246,-0.9214918371096408,1,78,2864,0.38516692736294345,1
0,0,0,0,-1.2774445836787656,1,2,1,0,0,0,0,0,0,0,1,3,0.3419415721152558,-0.9726690556688705,1,78,4838,3.6407961988656075,3
1,1,0,0,0.7992939660427822,0,1,0,0,2,0,0,2,2,0,1,2,-0.518869273970796,0.11963367338172431,1,90,5597,-0.5553070927728552,4
0,0,0,0,-1.2367242199587352,0,1,0,0,0,0,0,0,2,0,1,2,-0.9991286070188055,-0.9783161970271305,1,65,3146,0.6645429909267693,2
1,0,1,0,-1.2774445836787656,1,0,1,0,0,0,0,0,2,0,0,2,0.5064594751317021,-0.970485200221731,1,88,2046,3.924567371500547,3
1,1,0,0,-1.2367242199587352,1,0,0,2,0,0,0,0,0,0,1,2,-0.5155456799704636,-0.9655880698251151,1,89,3475,1.2206198342720032,2
0,0,0,0,-1.1960038562387048,1,2,1,0,0,0,0,0,0,0,1,1,0.3436033691154218,-0.8863516176420317,1,69,4965,1.4910145879948573,3
1,0,1,0,-1.1960038562387048,1,0,0,0,0,2,0,0,0,0,1,2,-0.4856333339674735,-0.9315949259459025,1,86,3273,0.7758539054451878,2
0,0,0,0,-0.30015585439803716,1,0,1,2,2,0,0,0,0,0,1,0,0.5014740841312035,-0.11664183868203007,1,85,4535,-0.30951019501750626,4
1,0,0,0,-1.2774445836787656,1,0,2,1,1,1,1,1,1,0,0,3,-1.502653098069141,-0.9971547076519502,1,66,3556,0.45911941477689744,8
0,0,1,0,-1.1552834925186746,1,2,1,0,0,0,0,0,2,0,1,2,0.7042133181514708,-0.8375567868433179,1,74,5640,1.3092863824892502,4
1,0,0,0,-1.1960038562387048,1,0,0,0,0,0,0,0,0,0,1,2,-0.6451658459834212,-0.9433524507269669,1,67,2450,0.63826788234946,1
1,1,1,0,0.025607055362205634,1,2,1,0,0,0,0,2,2,0,1,2,0.9883806051798778,0.364335779191007,1,96,4333,-0.342959888980919,5
0,1,0,0,-0.0965540357978854,1,2,1,2,2,2,0,0,0,0,0,1,0.895319973170575,0.2110688332644861,1,97,2482,-0.32247645432806826,6
0,0,0,0,0.5142514200025698,1,2,1,0,0,2,2,0,0,0,1,2,0.7474200401557899,0.7332308765901445,1,73,5269,-0.4441627368515778,5
1,0,0,0,-0.9109613101984924,1,2,1,2,0,0,0,2,2,0,0,2,1.1229861621933337,-0.5608248011426552,1,80,3658,0.3655713422553702,6
1,1,0,0,-0.5037576729981889,1,2,1,0,0,2,0,2,2,0,1,2,1.1229861621933337,-0.19276795128888433,1,92,5444,-0.1235737723219745,6
0,0,0,0,-0.7073594915983407,1,0,1,0,2,0,0,0,2,0,1,0,0.7025515211513048,-0.4456760593843883,1,96,3579,-0.04607926377772886,4
0,0,0,0,-0.4223169455581282,1,0,1,0,0,0,0,2,2,0,0,2,0.8138919201624348,-0.1640690024330404,1,82,3161,-0.21672207367249843,4
1,0,1,0,-1.1960038562387048,1,0,1,0,0,0,0,0,0,0,1,2,0.18407085709947407,-0.9136387811583108,1,66,3038,1.3534285648991293,2
1,0,0,0,-0.7073594915983407,1,2,1,0,0,0,0,2,2,0,1,2,0.9501592741760567,-0.3684249303350681,1,77,5264,0.007306979558894684,5
0,0,0,0,-1.2774445836787656,1,0,2,1,1,1,1,1,1,0,0,3,-1.491020519067978,-0.9970002936304354,1,100,4248,0.47918404314502433,8
0,0,1,0,-1.1145631287986442,1,0,1,2,0,2,0,0,2,0,1,3,0.8022593411612722,-0.8054166112222844,1,79,4356,1.0371718034776993,5
1,0,1,0,0.025607055362205634,1,0,1,0,0,2,0,2,2,1,1,2,1.0315873271841969,0.3339823943903603,1,76,4161,-0.3385760205979669,5
1,0,0,0,-1.2367242199587352,1,2,1,0,2,0,0,0,0,0,1,2,0.572931355138347,-0.9243154077887707,1,97,3051,2.47227046104564,4
1,0,0,0,-1.2367242199587352,1,0,0,0,0,0,0,0,0,0,0,2,-0.6451658459834212,-0.9662939624948976,1,81,3478,1.0715683092516313,1
0,0,0,0,-1.2774445836787656,1,0,0,0,0,0,2,0,0,0,1,2,-0.4174996569606623,-0.9827500853592017,1,71,4138,2.3308626039750306,2
0,1,0,0,0.5549717837226001,1,2,1,2,2,2,0,2,2,1,1,2,1.503537675231376,1.1448986579489144,1,81,2403,-0.393291863950492,8
1,0,0,0,1.2064976032430856,1,2,1,0,0,2,0,2,2,1,1,2,1.0631614701873533,1.6966420159676447,1,92,5016,-0.4855560473714494,6
0,0,0,0,-0.9109613101984924,1,2,1,0,0,0,2,2,2,0,1,2,1.1213243651931677,-0.538898010087537,1,74,5184,0.36505018307697734,6
1,0,0,0,-1.0738427650786138,1,0,1,0,2,0,0,2,0,0,1,2,0.684271754149477,-0.7898428541952084,1,75,4694,0.7363388720263254,4
1,0,1,0,0.3106496014024181,1,2,1,0,2,0,0,2,2,0,1,2,1.2143849972024705,0.8088496288405929,1,70,2576,-0.3783516069018251,6
1,0,0,0,-1.2774445836787656,1,0,1,0,0,0,0,0,0,0,1,2,0.15914390209698223,-0.9750955617212478,1,76,3042,3.3254948959378976,2
1,0,0,0,1.0436161483629645,1,2,1,0,2,2,0,2,2,1,1,0,1.2791950802089493,1.6491045564869808,1,74,6105,-0.4609871146757837,7
1,0,0,0,1.5322605130033284,1,2,1,2,0,0,2,2,2,2,1,1,1.304122035211441,2.192862503678797,1,80,4544,-0.4936880180524092,7
0,0,0,0,-1.2367242199587352,1,0,1,0,0,2,0,0,2,0,1,3,0.7125223031523015,-0.9269404461545244,1,95,2969,2.632787487990656,4
1,0,1,0,-0.46303730927815856,1,2,1,0,2,2,2,2,2,0,1,2,1.5434208032353631,0.01648510700975942,1,89,4123,-0.08210439198413874,8
0,0,1,0,-0.6666391278783103,1,0,1,0,2,2,0,2,0,0,1,1,0.8205391081630994,-0.3747779643631105,1,73,3696,-0.05834566473387378,5
1,1,1,0,-1.0331224013585834,1,2,1,0,0,0,0,2,2,0,1,0,1.0249401391835322,-0.7215036201018922,1,83,3265,0.7084940816379043,5
1,0,1,0,1.125056875803025,1,0,1,0,2,2,0,2,0,1,0,2,0.8703930181680831,1.4001670946590032,1,76,4111,-0.49068464425109115,5
0,0,1,0,0.7178532386027215,1,2,1,2,2,0,2,2,2,1,0,2,1.4553455622265583,1.4695651677569934,1,82,4274,-0.4175980583727191,8
0,1,0,0,-1.1552834925186746,1,0,1,0,0,0,0,2,0,0,1,2,0.46823814412788106,-0.8766014751406613,1,72,5301,1.1464762551593053,3
1,0,0,0,-1.2774445836787656,1,0,0,0,0,0,0,0,0,0,0,3,-0.6767399889865777,-0.9861913121243912,1,89,3522,1.8837080289139145,1
0,1,0,0,0.9214550572028734,1,2,1,0,0,2,0,2,2,1,1,2,1.1711782751981514,1.424829219809529,1,83,5679,-0.45689229255983943,6
0,0,1,0,-0.8295205827584317,1,0,2,1,1,1,1,1,1,1,0,0,-1.4943441130683104,-0.9044842355970693,1,94,2653,-0.4870049844278605,8
1,0,0,0,-1.2774445836787656,1,0,1,0,0,0,0,2,2,0,1,2,0.8354952811645946,-0.9661174893274519,1,80,5951,4.492109716770425,4
0,0,0,0,1.2064976032430856,1,2,1,0,0,2,0,2,2,1,1,2,1.1761636661986499,1.8238129922581445,1,91,5600,-0.4793683161740224,6
1,0,0,0,-1.2774445836787656,1,0,0,0,2,0,0,0,0,0,0,2,-0.46402997296531395,-0.9833677414452612,1,85,3718,2.2506040905025224,2
1,1,1,0,-0.5037576729981889,1,0,1,0,2,0,0,0,0,0,1,2,0.2954112561106046,-0.3601086323191933,1,95,5849,-0.25952186657132476,3
0,0,0,0,-1.1960038562387048,1,0,1,0,2,0,0,2,2,0,1,2,1.0083221691818711,-0.8701602045288961,1,77,5861,2.0642896842270573,5
1,0,0,0,-0.4223169455581282,1,2,1,0,0,0,0,2,2,0,1,1,0.9933659961803764,-0.07728832234165671,1,85,3665,-0.189803069153769,5
1,0,1,0,-1.1552834925186746,1,0,1,0,0,2,2,0,0,0,1,3,0.5264010391336954,-0.864976305235181,1,86,3080,1.186605511895559,4
1,0,1,0,1.0843365120829946,1,2,1,0,0,0,0,0,2,1,0,2,0.6909189421501416,1.2374808934200725,1,80,6304,-0.49815445008150466,4
0,0,0,0,1.125056875803025,0,1,0,0,2,0,0,2,2,0,1,2,-0.46402997296531395,0.32985733410131896,1,67,4941,-0.566150202001002,4
0,0,0,0,-0.7073594915983407,1,0,1,2,0,2,2,2,2,0,0,2,1.3406815692150957,-0.3074975692744679,1,84,2122,0.09150675931799906,7
1,0,0,0,-0.9109613101984924,1,0,1,2,2,2,2,2,2,0,1,2,1.506861269231708,-0.545493694720817,1,76,5803,0.4859591124641321,8
0,0,0,0,-1.0738427650786138,1,0,1,0,0,2,0,0,2,0,0,2,0.6360796411446599,-0.7862692725544347,1,97,3962,0.7125889037538488,4
0,0,1,0,1.247217966963116,1,2,1,2,2,2,0,2,0,0,1,2,1.1894580421999785,1.7363264194969787,1,79,5413,-0.4814996142128421,7
1,0,1,0,0.7178532386027215,1,2,1,0,2,2,0,2,2,0,1,0,1.2991366442109427,1.2080319336025847,1,100,5812,-0.4281643052444499,7
0,0,0,0,-1.2774445836787656,0,1,0,0,0,0,0,0,0,0,0,2,-1.3348116010523623,-0.9949267339129494,1,76,5768,0.7486233383741585,1
0,0,0,0,-0.8295205827584317,1,0,1,2,0,0,2,2,2,0,1,0,1.1346187411944968,-0.5112358410904361,1,71,5559,0.2106267096024015,6
0,0,0,0,-0.9516816739185228,1,2,1,0,0,2,0,2,2,0,0,1,1.114677177192503,-0.5983474083707802,1,81,2954,0.4654254408354516,6
1,0,0,0,-0.62591876415828,1,0,1,2,0,0,0,2,2,0,0,2,0.966777244177718,-0.28857082206592516,1,93,4940,-0.06383486745269847,5
1,1,0,0,-0.9516816739185228,1,2,1,0,0,2,0,2,2,0,1,2,1.1877962451998125,-0.600509204671989,1,70,4038,0.49064954506966846,6
1,1,0,0,-0.9109613101984924,1,0,1,0,2,0,0,0,0,0,1,2,0.2688225041079463,-0.7019592168072897,1,99,3189,0.09769552456141484,3
1,1,1,0,-1.2774445836787656,1,2,1,0,0,0,0,0,0,0,1,2,0.2920876621102721,-0.9733308300467916,1,94,4369,3.5548049344307775,3
0,1,0,0,-1.1960038562387048,1,2,1,0,2,0,0,0,0,0,1,2,0.48651791112970877,-0.9153152762490441,1,91,3501,1.6142687336847807,4
0,0,0,0,-0.7888002190384014,1,0,1,0,2,2,0,0,0,0,1,2,0.544680806135523,-0.5856413403146955,1,79,4806,0.0029562310607039524,4
0,1,0,0,-1.1552834925186746,1,2,1,0,0,0,0,0,2,0,1,2,0.6593447991469852,-0.8469098647179357,1,83,2467,1.278329527292711,4
0,0,0,0,-1.0738427650786138,1,2,1,2,0,0,0,0,0,0,1,2,0.4748853321285456,-0.8140858555730505,1,99,3263,0.6331493547045295,4
0,0,0,0,-1.1960038562387048,1,2,1,0,0,0,0,0,0,0,0,0,0.32033821111309646,-0.910572559873943,1,97,2054,1.4709499596267306,3
1,1,0,0,0.10704778280226633,1,2,1,0,0,2,0,2,2,0,1,2,1.1396041321949948,0.4923891213187349,1,82,2074,-0.34617285234705697,6
1,1,0,0,-1.2367242199587352,1,0,0,0,0,0,0,0,0,0,0,3,-0.6584602219847502,-0.9682131081908687,1,84,5900,1.056280973352106,1
1,0,1,0,-1.2774445836787656,1,0,0,0,0,0,0,0,0,0,0,1,-0.6667692069855808,-0.9860589572488071,1,74,3700,1.9009062818008806,1
1,0,0,0,-1.2774445836787656,1,0,0,0,0,0,0,0,0,0,1,3,-0.6335332669822583,-0.985617774330193,1,72,3571,1.9582337914241006,1
1,1,0,0,-0.9924020376385531,1,0,1,2,0,0,2,2,2,0,0,1,1.1811490571991479,-0.6385612314024508,1,74,5084,0.6161330939116054,6
1,0,0,0,-1.0331224013585834,1,0,2,1,1,1,1,1,1,0,0,2,-1.5126238800701375,-0.9562349919504972,1,82,4489,-0.3857447582953074,8
0,0,0,0,-1.2367242199587352,1,2,1,0,0,0,0,2,2,0,1,2,1.0382345151848615,-0.9286610595371191,1,83,3391,3.0073272175290264,5
0,0,0,0,-1.2774445836787656,1,0,1,0,0,0,0,2,2,0,0,2,0.8570986421667539,-0.9658307204303528,1,72,2627,4.5293725980255175,4
1,1,1,0,0.47353105628253944,0,1,0,0,2,0,0,0,0,0,1,2,-1.1437049460332582,-0.40590341927133167,1,96,4829,-0.5843049575986214,2
1,0,0,0,1.5729808767233588,1,2,1,2,0,2,2,2,2,2,1,2,1.438727592224897,2.317276086727959,1,81,5200,-0.4895712479462504,8
1,0,0,0,-1.2774445836787656,1,0,1,0,0,0,0,0,0,0,1,2,0.17077648109814536,-0.974941147699733,1,84,5367,3.345559524306025,2
1,1,1,0,1.2064976032430856,1,2,1,0,2,2,0,2,2,1,1,2,1.2958130502106107,1.8104451498241392,1,91,5052,-0.47281660078851157,7
1,0,0,0,-1.2774445836787656,1,2,1,0,0,0,0,0,2,0,1,2,0.7258166791536301,-0.9675733929588783,1,93,5228,4.3029289350137985,4
0,1,1,0,0.025607055362205634,1,2,1,0,2,0,0,0,0,0,1,0,0.5264010391336954,0.1662225895873679,1,72,3601,-0.3898335586140224,4
0,0,0,0,0.10704778280226633,1,2,1,0,2,0,2,0,0,0,0,1,0.682609957149311,0.28137133134563486,1,88,2455,-0.38996469997590555,5
0,0,0,0,0.06632741908223598,1,0,1,0,0,0,0,0,0,0,1,1,0.17410007509847744,0.06016221595255034,1,93,2318,-0.4323233598641737,2
0,1,0,0,-1.1552834925186746,1,2,1,0,0,0,0,2,2,0,1,2,0.9817334171792131,-0.8185197439051216,1,99,5419,1.500760264630805,5
0,0,0,0,-1.0331224013585834,1,0,1,0,0,2,0,2,2,0,1,2,1.0166311541827018,-0.7142020427988296,1,92,3077,0.7049111122864531,5
1,1,1,0,-0.21871512695797646,1,2,1,0,0,0,0,0,0,0,1,2,0.356897745116751,-0.17020144500177564,1,65,2377,-0.3524743286032601,3
0,0,0,0,-0.5851984004382496,1,2,1,0,0,0,2,0,2,0,1,2,0.8421424691652587,-0.2942620817160464,1,80,4260,-0.11792722814104088,5
0,0,0,0,-1.2367242199587352,1,0,1,0,0,0,0,0,0,0,0,2,0.13920233809498894,-0.9529481792068226,1,84,5225,1.973521127323626,2
1,0,1,0,-0.015113308357824713,1,2,1,2,0,0,0,2,2,0,1,1,1.156222102196656,0.4080570064256593,1,71,5026,-0.315757423630293,6
1,0,1,0,-0.5851984004382496,1,0,0,0,0,2,0,0,2,0,0,2,-0.24301097194321938,-0.568633738802124,1,84,2989,-0.31495282700400223,3
1,0,1,0,-0.8295205827584317,1,0,0,0,0,0,0,0,2,1,0,1,-0.3693075439558449,-0.6985621083339616,1,78,2595,-0.18846095354386094,2
1,1,0,0,-0.9924020376385531,1,2,1,0,0,2,0,2,2,0,1,2,1.1911198392001445,-0.6442745501985027,1,90,5906,0.6199549278864868,6
1,0,1,0,-0.2594354906780068,1,2,1,0,0,0,0,2,0,0,1,2,0.6310942501441613,-0.09226648242860382,1,84,2404,-0.30599051458337406,4
0,1,1,0,-1.1960038562387048,1,0,1,2,0,0,2,2,0,0,1,3,0.7823177771592784,-0.8850060097402589,1,68,4486,1.8693761515081095,5
0,1,0,0,-0.9924020376385531,1,0,1,0,0,2,0,2,2,0,1,2,0.9086143491719036,-0.6837383622685295,1,81,5662,0.5116696319315156,5
1,0,1,0,0.22920887396235737,1,0,1,2,2,0,0,0,0,0,1,2,0.4881797081298748,0.3235263592192074,1,85,2405,-0.42806054504603686,4
1,1,0,0,-0.748079855318371,1,0,1,0,0,0,0,2,2,0,0,1,0.8537750481664219,-0.4471981404536068,1,96,4777,0.02973636769897958,4
1,0,1,0,-0.015113308357824713,1,0,1,0,0,0,0,0,0,0,1,0,0.1657910900976468,0.03007354090307223,1,96,2356,-0.41929438040435096,2
0,0,0,0,-1.2774445836787656,1,0,2,1,1,1,1,1,1,0,0,3,-1.4993295040688086,-0.9971105893600889,1,99,5881,0.4648521657392193,8
1,1,0,0,-0.8295205827584317,0,1,0,0,0,2,2,0,2,0,1,2,-0.7016669439890695,-0.7732984947471815,1,74,2437,-0.2766571221949686,4
0,0,0,0,-1.1145631287986442,0,1,0,0,0,2,0,0,2,0,0,2,-0.8395960950028577,-0.9128005336129441,1,93,2863,0.09317881168200966,3
1,0,1,0,0.3106496014024181,1,2,1,0,0,0,0,2,2,0,1,0,1.074794049188516,0.6296631864454963,1,67,3099,-0.3900967552148751,5
0,0,0,0,-1.1145631287986442,1,0,1,0,0,0,0,0,2,0,1,2,0.5064594751317021,-0.8237918797825595,1,97,3937,0.8671001915954798,3
0,0,0,0,-0.9109613101984924,1,0,1,2,0,0,0,2,0,0,1,3,0.6626683931473177,-0.638693586278035,1,69,5686,0.2212102498405344,4
1,0,1,0,-1.2367242199587352,1,0,1,0,0,0,0,2,2,0,1,0,0.8238627021634315,-0.923918343162018,1,73,3851,2.7608189261491805,4
1,0,0,0,-0.38159658183809786,1,2,1,0,0,0,2,2,0,0,1,2,0.85876043916692,-0.1484731862600337,1,82,4359,-0.22881070070174267,5
0,0,0,0,-0.38159658183809786,1,2,1,2,0,0,0,2,0,0,1,0,0.8404806721650927,-0.04850113690208997,1,67,4650,-0.2314382115594736,5
1,0,1,0,0.6771328748826912,1,2,1,0,2,0,0,2,2,0,1,0,1.1396041321949948,1.1356117575120885,1,100,5157,-0.43450180522985604,6
0,0,0,0,-1.2367242199587352,1,0,1,0,0,0,0,0,0,0,0,0,0.1657910900976468,-0.9420068428251941,1,68,5667,2.0040957991226764,2
0,0,0,0,-1.2367242199587352,1,0,0,0,2,0,0,0,0,0,1,1,-0.5221928679711283,-0.9655880698251151,1,98,2960,1.2129761663222403,2
1,0,0,0,-1.0331224013585834,1,2,1,0,0,2,0,2,2,0,1,0,1.1063681921916724,-0.6912164127390376,1,86,2561,0.7436071812821267,6
0,0,0,0,0.35136996512244845,1,2,1,2,2,2,2,2,2,0,1,0,1.653099405246327,0.9916537711683241,1,80,3038,-0.3490619768399732,9
1,0,0,0,-1.2367242199587352,1,0,1,0,0,0,0,0,2,0,1,2,0.5380336181348585,-0.9302713771900604,1,65,3533,2.432141204309386,3
0,1,0,0,-0.7888002190384014,1,0,1,0,0,2,0,0,0,0,1,2,0.3170146171127639,-0.5909134761921334,1,97,2995,-0.05314283192773282,3
0,1,0,0,-0.8702409464784621,1,0,1,0,0,0,0,2,2,0,0,0,0.82884809316393,-0.5435524898789151,1,89,2202,0.19541287051008543,4
1,1,1,0,-0.62591876415828,1,2,1,0,0,2,0,2,2,0,1,1,1.1861344481996465,-0.28998260740549014,1,87,5508,-0.021794693729003747,6
1,0,1,0,-0.30015585439803716,1,0,1,0,0,0,0,2,2,1,1,2,0.8521132511662559,-0.044618727218286455,1,100,5801,-0.2629867160540469,4
1,0,1,0,-1.1960038562387048,1,0,0,0,2,2,0,0,0,0,1,3,-0.28621769394753876,-0.9315949259459025,1,83,2539,0.9478364343148479,3
0,0,0,0,-1.1552834925186746,1,0,1,2,0,2,2,0,2,0,1,0,0.9850570111795457,-0.834953807623495,1,74,4249,1.503053365015734,6
0,0,1,0,0.18848851024232702,1,2,1,0,0,2,0,0,0,0,1,1,0.47156173812821356,0.24702524113153115,1,97,3982,-0.4234225096858316,4
0,0,0,0,-0.5444780367182193,0,1,0,0,0,0,0,2,2,1,1,1,-0.6617838159850825,-0.611560836783271,1,72,5182,-0.40451951769691197,3
1,1,1,0,0.26992923768238775,1,2,1,0,2,2,0,2,2,0,1,2,1.3589613362169235,0.884600735966625,1,96,4687,-0.358800828772394,7
1,0,0,0,-1.0331224013585834,1,0,1,0,0,2,0,0,0,0,0,3,0.32864719611392706,-0.7655336753795743,1,75,3331,0.4082412499862897,3
0,0,1,0,-0.748079855318371,1,2,0,2,0,0,0,2,0,0,1,0,-0.0020504069191315333,-0.5906267072950343,1,86,4049,-0.16708808200740913,4
0,1,1,0,-0.8702409464784621,1,2,1,0,0,2,2,2,2,0,1,0,1.3057838322116073,-0.5056328180240376,1,82,4553,0.3325211643589531,7
1,0,0,0,-1.2774445836787656,0,1,0,0,0,0,0,0,2,0,1,2,-0.9708780580159815,-0.9900957809541254,1,71,3958,1.3763595687484174,2
0,0,0,0,-1.2367242199587352,1,2,1,0,0,0,0,2,2,0,1,2,1.0099839661820376,-0.9189109170357486,1,82,2414,2.9748416287425354,5
1,0,1,0,-0.7888002190384014,1,0,1,0,0,2,0,2,2,0,1,3,1.0598378761870213,-0.4927502768005074,1,75,5295,0.12989571665497687,5
0,1,1,0,-1.1960038562387048,1,0,1,0,0,0,0,2,0,0,1,2,0.5197538511330312,-0.9069328007953771,1,89,3834,1.6429324884963907,3
1,0,0,0,-1.2774445836787656,0,1,0,0,2,0,0,0,0,0,1,3,-1.1104690060299358,-0.9919487492123046,1,85,3605,1.1355840283308936,2
0,0,0,0,-0.8295205827584317,1,2,1,0,2,0,0,2,0,0,1,0,0.830509890164096,-0.5414789301614291,1,97,5671,0.12992721528663795,5
1,0,1,0,1.125056875803025,1,0,1,0,2,0,0,2,2,1,1,2,0.9850570111795457,1.4693666354436172,1,99,4990,-0.48420005709698916,5
1,0,0,0,-1.2774445836787656,1,0,2,1,1,1,1,1,1,0,1,2,-1.4926823160681442,-0.9970223527763662,1,66,3874,0.47631766766386346,8
0,0,0,0,-1.0738427650786138,1,2,1,0,2,2,2,2,2,0,1,1,1.5002140812310438,-0.7104299288446795,1,69,5750,1.1384504038120546,8
1,0,0,0,-0.7073594915983407,1,0,1,0,0,2,2,2,2,0,1,2,1.2160467942026365,-0.3202036373305525,1,99,3025,0.06463448918211469,6
1,1,0,0,-0.46303730927815856,1,0,0,0,0,2,0,2,0,0,1,0,-0.15659752793458118,-0.46041156886609746,1,70,4716,-0.3486773117321118,3
0,0,0,0,-1.2774445836787656,1,2,0,0,0,0,0,0,2,0,1,2,-0.15327393393424887,-0.9792426811562199,1,91,4611,2.7866163054796296,3
1,0,0,0,-1.0331224013585834,1,2,1,0,0,2,0,2,0,0,1,2,0.8537750481664219,-0.7439598306593472,1,98,5356,0.6346849129980087,5
1,0,1,0,0.8400143297628127,1,0,1,0,2,0,0,2,2,1,1,0,0.9800716201790471,1.141876554956408,1,96,5414,-0.46151792495007277,5
1,0,0,0,-1.2774445836787656,1,2,1,0,0,0,0,0,0,0,1,2,0.33695618111475767,-0.9727352331066627,1,84,2548,3.632197072422125,3
0,0,0,0,-1.2774445836787656,1,0,1,0,0,0,0,2,0,0,1,2,0.5147684601325326,-0.9703749044920775,1,69,2502,3.9388992489063517,3
1,0,1,0,-0.62591876415828,1,0,1,0,0,0,0,0,0,0,1,2,0.14086413509515497,-0.49857389132621277,1,77,3368,-0.22212249124570033,2
0,0,1,0,-0.8702409464784621,1,2,0,0,0,0,2,0,2,0,1,2,0.05278889408635025,-0.6789515276015671,1,91,2860,-0.027686687773612575,4
1,0,0,0,-0.5444780367182193,1,2,1,0,0,0,0,0,2,0,1,0,0.7058751151516368,-0.3296890700807546,1,98,4857,-0.1686168155973617,4
0,0,1,0,-1.1960038562387048,1,0,1,0,0,0,0,0,2,0,1,2,0.5164302571326987,-0.8954620449114119,1,72,3212,1.6400661130152294,3
1,0,0,0,-0.3408762181180675,1,2,1,0,2,0,0,2,0,0,1,1,0.8570986421667539,0.0012422371716441262,1,67,5927,-0.246352918646448,5
0,0,0,0,-1.2367242199587352,1,2,1,0,0,0,0,0,0,0,1,2,0.37019212111808014,-0.9425362623275311,1,86,2101,2.2391385885778785,3
1,0,1,0,-1.2774445836787656,1,0,0,0,0,0,0,0,0,0,1,3,-0.62854787598176,-0.9855515968924009,1,73,3706,1.9668329178675836,1
0,0,1,0,-0.6666391278783103,0,1,0,0,0,0,2,2,2,0,1,2,-0.4922805219681379,-0.648333433049752,1,78,4840,-0.3247499741594255,4
1,0,1,0,0.06632741908223598,1,0,1,0,0,0,0,2,0,0,0,2,0.4499583771260538,0.1255455244911526,1,77,2777,-0.40513374101430366,3
1,0,0,0,-1.1960038562387048,1,2,1,0,0,0,0,0,0,0,1,2,0.40508985812156867,-0.905013655099406,1,92,4428,1.544042534396336,3
0,1,0,0,-0.6666391278783103,1,2,1,0,0,0,0,2,2,0,1,2,1.04321990618536,-0.33112291456625026,1,96,5913,-0.013158098324982673,5
1,0,0,0,-1.2774445836787656,1,0,0,0,0,0,0,0,0,0,0,2,-0.6468276429835875,-0.9857942474976384,1,66,4568,1.9353027875748123,1
0,0,0,0,-0.7073594915983407,1,0,2,1,1,1,1,1,1,0,0,0,-1.5076384890696393,-0.8781456153558105,1,87,5379,-0.5226141875207452,8
0,0,0,0,-0.8702409464784621,1,2,1,0,0,0,2,2,0,0,0,2,0.8438042661654253,-0.5699131692661046,1,66,5250,0.1997124337318269,5
1,0,0,0,-1.2774445836787656,1,0,0,0,0,0,0,0,0,0,0,3,-0.6551366279844181,-0.985904543227292,1,98,4094,1.9209709101690073,1
0,0,0,0,-1.2774445836787656,1,0,1,0,2,0,0,0,0,0,0,2,0.36686852711774764,-0.97233816847991,1,70,3940,3.6837918310830227,3
0,0,0,0,-1.0331224013585834,1,0,1,0,0,0,0,0,2,0,1,2,0.4831943171293762,-0.7749749898379149,1,69,3830,0.47488447992328287,3
0,0,0,0,-1.2367242199587352,0,1,0,0,0,0,2,0,0,0,1,2,-1.125425179031431,-0.9797279823666953,1,98,2860,0.5193132998812783,2
0,1,0,0,0.5549717837226001,1,0,1,0,2,0,0,2,2,1,0,1,1.0133075601823696,0.9461016348214234,1,90,3180,-0.4292740242459173,5
0,1,1,0,1.4508197855632678,1,2,1,0,2,0,0,0,2,0,1,0,0.8255244991635975,1.6976126183885958,1,69,5651,-0.5127480400312417,5
1,0,1,0,1.0843365120829946,1,2,1,2,2,2,0,2,2,1,1,2,1.5085230662318745,1.8389896846584681,1,97,4601,-0.45114589219046425,8
1,1,1,0,-1.0331224013585834,1,0,1,0,0,0,0,2,2,0,1,2,0.8222009051632655,-0.7072313526847276,1,89,3077,0.6210696294624939,4
1,0,1,0,-0.9924020376385531,1,0,1,2,0,0,0,0,0,0,0,2,0.3402797751150897,-0.7265331053740922,1,80,2587,0.2938250953632798,3
1,0,0,0,-1.0738427650786138,1,0,0,0,0,0,0,0,0,0,0,2,-0.6651074099854147,-0.8862413219123783,1,78,2087,0.07133976039697354,1
0,0,1,0,-0.8702409464784621,1,0,0,0,0,0,0,0,0,0,1,2,-0.6883725679877406,-0.7923796559772391,1,84,3200,-0.2407539318732469,1
1,1,1,0,-0.7073594915983407,1,2,1,0,0,0,0,0,2,0,1,0,0.6925807391503077,-0.4121461575697205,1,83,4981,-0.0482290453885997,4
0,0,0,0,1.5322605130033284,1,2,1,2,2,2,2,2,2,1,0,1,1.6879971422498155,2.579978455616695,1,87,4838,-0.47503639168203754,9
1,1,0,0,-0.6666391278783103,1,2,1,0,0,0,0,2,0,0,1,2,0.7258166791536301,-0.4406245149662574,1,81,2508,-0.07756724148989463,4
0,0,0,0,-0.5851984004382496,1,2,1,0,0,0,0,2,0,0,1,2,0.6792863631489789,-0.3202256964764832,1,77,3326,-0.147496154157228,4
0,0,1,0,0.06632741908223598,1,2,1,0,0,0,0,2,2,0,1,2,1.0930738161903437,0.40933643688964005,1,87,3979,-0.34174589465948607,5
1,0,1,0,0.5956921474426305,1,2,1,0,2,2,2,2,2,0,1,2,1.4885815022298807,1.2550840918727733,1,90,5863,-0.3999572033893974,8
0,0,1,0,0.26992923768238775,1,2,1,0,2,2,2,0,0,1,1,2,0.8238627021634315,0.5270881578677298,1,65,3849,-0.40494947401908615,6
1,0,0,0,-1.2774445836787656,1,0,2,1,1,1,1,1,1,0,1,3,-1.505976692069473,-0.9971988259438118,1,78,5687,0.4533866638145754,8
0,0,1,0,-1.1552834925186746,1,0,2,1,1,1,1,1,1,0,0,3,-1.4760643460664828,-0.9720955178746724,1,81,4133,-0.19498747002404285,8
0,1,0,0,-1.2774445836787656,1,0,1,0,0,0,0,0,0,0,1,2,0.14917312009598557,-0.9752279165968321,1,75,4371,3.3082966430509315,2
1,0,1,0,1.0843365120829946,1,2,1,0,0,2,0,2,2,1,1,0,1.15456030519649,1.6241556624393567,1,76,6098,-0.4714971581067074,6
0,1,0,0,-1.2774445836787656,0,1,0,0,0,0,0,0,0,0,1,2,-1.3148700370503688,-0.9946620241617811,1,67,5688,0.7830198441480903,1
1,0,0,0,-1.2367242199587352,1,0,0,0,0,0,0,0,0,0,1,3,-0.6567984249845842,-0.96322774121053,1,93,5704,1.0581918903395464,1
1,0,0,0,-1.2774445836787656,1,0,2,1,1,1,1,1,1,0,0,3,-1.4827115340671475,-0.9968899979007819,1,70,4103,0.4935159205508293,8
1,0,1,0,1.369379058123207,1,2,1,0,2,2,0,2,2,0,1,1,1.3373579752147637,2.141288220492815,1,96,5723,-0.4819501592394984,7
1,0,0,0,-1.1960038562387048,1,0,0,0,0,0,0,2,0,0,1,1,-0.33440980695235617,-0.9310213881517044,1,66,3335,0.9062739898380135,2
0,0,1,0,-0.748079855318371,1,2,1,0,0,2,0,0,2,0,1,2,0.7474200401557899,-0.45050701234321217,1,78,4786,0.005276630259738988,5
1,0,1,0,-0.9109613101984924,1,0,1,0,0,0,0,2,0,0,1,2,0.5047976781315361,-0.6275978358748916,1,68,5640,0.17170012789320804,3
0,0,0,0,-0.5851984004382496,1,2,1,0,0,0,2,2,0,0,1,2,0.7839795741594444,-0.2825486752268434,1,96,5727,-0.12848755886110771,5
0,0,0,0,-0.9516816739185228,1,2,1,0,0,0,0,2,2,0,1,2,0.9966895901807084,-0.6131711544362122,1,83,2893,0.42472290900296533,5
0,1,0,0,-0.7888002190384014,1,2,1,0,0,0,0,2,2,0,1,2,1.0066603721817051,-0.43665386869873096,1,97,2230,0.116792285883955,5
1,0,0,0,-1.1552834925186746,1,2,1,0,2,0,0,0,0,0,0,2,0.45494376812655235,-0.8601674114222879,1,67,5048,1.1373038536195903,4
1,0,0,0,-1.1552834925186746,1,0,1,0,0,0,0,0,0,0,1,2,0.18074726309914202,-0.9008003582266418,1,92,5094,0.9481230718629642,2
1,0,1,0,1.0843365120829946,0,1,0,0,2,0,0,0,2,0,1,0,-0.788080387997708,0.07630951077382452,1,70,4324,-0.5831902560226144,3
1,0,1,0,-0.9109613101984924,1,2,1,0,0,0,0,2,0,0,1,2,0.6925807391503077,-0.6467231153968107,1,70,5146,0.23059111505160668,4
0,1,0,0,-1.2774445836787656,1,0,1,0,0,0,0,2,0,0,1,2,0.47987072312904416,-0.9708381465566224,1,76,4363,3.878705363801971,3
1,0,0,0,-1.1145631287986442,1,0,0,0,0,2,0,2,2,1,1,3,0.17410007509847744,-0.8525128877843341,1,77,2673,0.676008492851413,4
0,0,0,0,-1.2774445836787656,1,2,0,0,0,0,0,0,0,0,1,0,-0.4922805219681379,-0.9837427469260833,1,71,2041,2.201875707322786,2
0,0,1,0,-0.4223169455581282,1,0,1,0,0,0,0,0,0,0,1,2,0.14917312009598557,-0.32018157818462184,1,85,2159,-0.31642209040853325,2
0,1,1,0,0.06632741908223598,1,2,1,0,2,2,0,0,2,0,1,2,0.9800716201790471,0.4137482660757806,1,88,3369,-0.35288381081485454,6
1,0,1,0,0.35136996512244845,1,2,0,0,0,2,0,2,2,1,1,2,0.27380789510844483,0.31829834163363074,1,86,2041,-0.46235205538109847,5
0,0,0,0,1.2879383306831464,1,2,1,0,0,2,0,2,2,1,1,1,1.1728400721983174,1.7534663758851343,1,69,5452,-0.48515286488618714,6
0,1,0,0,-1.1552834925186746,1,0,1,0,2,2,0,2,2,0,1,1,1.1645310871974868,-0.8104019782026232,1,89,2268,1.626880785801889,6
0,0,0,0,-0.5851984004382496,0,1,0,0,0,0,0,0,2,0,1,2,-0.9891578250178088,-0.7618056797172855,1,76,2649,-0.45042678395571684,2
0,0,0,0,-1.2774445836787656,1,2,1,0,0,0,0,0,0,0,0,2,0.3735157151184122,-0.9722499318961872,1,72,2567,3.6952573330076666,3
0,1,0,0,-1.2367242199587352,1,2,1,0,0,0,0,2,2,0,1,2,0.966777244177718,-0.9304037320656446,1,72,4193,2.925157787069078,5
0,0,1,0,-0.7073594915983407,1,0,1,0,0,2,0,2,0,0,1,2,0.6493740171459885,-0.4285361029962324,1,86,4003,-0.05754476570237293,4
1,1,0,0,-0.9516816739185228,1,2,1,0,0,0,0,0,2,0,1,1,0.6526976111463211,-0.6826133458260636,1,83,5745,0.3060549640829001,4
1,0,1,0,-0.7073594915983407,1,2,1,0,0,2,0,2,2,0,1,2,1.2077378092018058,-0.3422186649693936,1,97,2055,0.06284300450638906,6
1,0,0,0,-1.2774445836787656,1,2,0,0,0,0,0,0,0,0,1,2,-0.4756625519664766,-0.9835221554667763,1,68,2928,2.230539462134396,2
1,0,0,0,-0.8295205827584317,1,2,1,0,0,0,2,2,2,0,1,3,1.1695164781979852,-0.5060298826507903,1,80,5598,0.21988730731076778,6
0,0,0,0,-1.2367242199587352,1,2,1,0,0,2,0,2,0,0,1,2,0.8853491911695783,-0.920366820667175,1,80,5100,2.8315228546844855,5
0,1,0,0,-1.1145631287986442,1,0,1,0,0,2,0,0,0,0,1,1,0.358559542116917,-0.8515202262174525,1,97,4028,0.7820643856543701,3
1,0,0,0,-1.1552834925186746,1,2,1,0,0,0,2,0,0,0,0,1,0.53304822713436,-0.8591085724176142,1,72,5436,1.1911917126654168,4
0,0,1,0,-0.6666391278783103,1,2,1,0,2,0,0,2,2,0,1,2,1.1711782751981514,-0.3286743493679423,1,68,3794,0.012807891327887575,6
1,0,0,0,-1.2774445836787656,1,0,2,1,1,1,1,1,1,0,0,2,-1.4694171580658184,-0.9967135247333362,1,87,5636,0.5164469244001174,8
1,0,0,0,-1.1145631287986442,1,2,1,0,2,2,0,0,0,0,1,2,0.682609957149311,-0.8186520987807058,1,81,2264,0.9683787919298351,5
0,0,0,0,-1.1552834925186746,1,0,1,0,0,0,0,0,0,0,0,2,0.1873944510998066,-0.8818074335803071,1,88,4494,0.9527092726328218,2
1,0,0,0,0.18848851024232702,1,2,1,0,0,0,2,2,2,0,0,0,1.1312951471941644,0.5275734590782054,1,82,3066,-0.36353034831630965,6
1,0,1,0,-0.7888002190384014,1,2,1,0,0,0,0,0,0,0,1,1,0.32033821111309646,-0.610149051443706,1,89,3687,-0.05232386750454387,3
0,0,0,0,-0.3408762181180675,1,2,1,0,0,2,0,2,2,0,1,2,1.1296333501939984,0.056279806268746825,1,85,4016,-0.20874607233361564,6
1,0,1,0,1.1657772395230555,1,2,1,2,2,0,0,2,2,1,1,2,1.3705939152180862,1.882953562498358,1,92,4334,-0.46561030093572076,7
1,0,0,0,0.35136996512244845,1,2,1,0,2,2,0,2,2,0,1,2,1.327387193213767,0.9117776037532503,1,84,3316,-0.3758148146641425,7
1,1,0,0,-0.4223169455581282,1,2,1,0,0,0,0,2,2,0,1,2,1.0614996731871873,-0.08681787338372035,1,93,4458,-0.1795838174383255,5
0,0,0,0,-1.2367242199587352,1,0,0,0,2,0,2,0,0,0,1,1,-0.3227772279511935,-0.9604482888232614,1,81,5855,1.4422862048151202,3
1,1,0,0,-0.5444780367182193,1,2,1,0,2,0,0,2,0,0,1,2,0.7789941831589463,-0.22232720683602564,1,69,5683,-0.15600476348025324,5
0,0,1,0,-0.9924020376385531,1,0,2,1,1,1,1,1,1,1,1,3,-1.4960059100684764,-0.9418083105118178,1,89,2247,-0.41002932834403255,8
1,1,0,0,-0.7073594915983407,1,2,1,0,0,0,0,0,0,0,0,2,0.36188313611724954,-0.49989744008205494,1,96,2099,-0.1195301354824795,3
1,1,0,0,-1.2774445836787656,1,2,1,0,0,0,0,0,0,0,1,2,0.3303089931140931,-0.9728234696903856,1,88,3348,3.620731570497481,3
1,0,0,0,-0.62591876415828,1,0,1,0,0,2,0,0,0,0,1,2,0.395119076120572,-0.4262640109653701,1,87,3182,-0.17339410806596328,3
0,1,0,0,-1.2774445836787656,0,1,0,0,0,0,0,0,0,0,1,3,-1.2949284730483754,-0.9943973144106124,1,97,3884,0.8174163499220225,1
0,0,0,0,-1.2367242199587352,0,1,0,2,2,0,0,0,2,0,1,2,-0.736564680992558,-0.9738381904031977,1,79,4648,0.9664678749423946,4
0,0,0,0,-0.13727439951791576,1,0,0,2,2,2,0,0,2,0,1,0,0.13587874409465642,-0.13642889258187016,1,79,5449,-0.3985001291864739,5
1,0,1,0,-1.2367242199587352,1,0,1,0,0,2,2,0,2,0,0,1,0.8388188751649267,-0.9219330200282548,1,99,3902,2.7780171790361465,5
0,0,0,0,-0.748079855318371,1,0,1,0,0,2,0,0,0,0,0,2,0.35191235411625243,-0.5531482183587707,1,71,4995,-0.08568301834243681,3
1,0,0,0,-0.9924020376385531,1,2,1,0,2,0,0,2,2,0,0,2,1.1994288242009752,-0.6442083727607106,1,97,3849,0.6231397895322213,6
0,0,1,0,-1.1145631287986442,1,0,1,0,0,0,0,0,0,0,0,2,0.1724382780983114,-0.8601232931304265,1,81,2969,0.6750530343576927,2
0,0,1,0,1.247217966963116,1,2,1,0,2,2,0,2,2,1,1,2,1.42044782522307,2.026801253112469,1,96,6144,-0.469048795716549,7
1,0,0,0,-1.2774445836787656,1,0,0,0,0,0,0,0,0,0,1,3,-0.62854787598176,-0.9855515968924009,1,94,5930,1.9668329178675836,1
0,0,1,0,0.8400143297628127,1,0,1,2,2,2,0,2,2,1,1,0,1.3739175092184182,1.539735310962558,1,94,4471,-0.43635751794877065,7
0,0,0,0,-1.2774445836787656,1,0,1,0,2,0,2,2,0,0,0,2,0.895319973170575,-0.9653233600739467,1,71,4319,4.595299234092221,5
0,0,0,0,-0.6666391278783103,1,2,1,0,2,2,0,0,2,0,1,1,1.0249401391835322,-0.3194536263689086,1,96,5915,-0.01686752541824994,6
1,0,0,0,-1.2774445836787656,1,2,1,0,0,0,0,0,0,0,1,2,0.3386179781149237,-0.9727131739607321,1,82,2591,3.6350634479032857,3
1,1,0,0,-0.9109613101984924,1,2,1,0,0,0,0,2,2,0,1,2,1.0166311541827018,-0.6094431587739235,1,75,5353,0.332217154838224,5
0,1,0,0,-1.1960038562387048,1,0,0,0,0,0,0,0,0,0,0,2,-0.6567984249845842,-0.9497054847550094,1,77,4145,0.6282355681653964,1
1,0,0,0,1.369379058123207,1,0,1,0,2,2,0,2,2,0,0,2,1.15456030519649,1.9547781416487253,1,73,4001,-0.49136213843137044,6
0,0,1,0,-0.62591876415828,1,0,1,0,0,2,2,2,2,1,0,0,1.1246479591934997,-0.253585016619831,1,91,5160,-0.0335786818182212,6
0,0,0,0,-1.0331224013585834,1,0,0,0,0,0,2,2,0,0,1,3,-0.17487729493640844,-0.822269798713341,1,91,4661,0.19111330728834386,3
1,1,1,0,-0.8295205827584317,1,0,1,0,0,0,0,0,2,0,1,2,0.5214156481331973,-0.586567824443785,1,69,5374,0.04790477844110776,3
0,0,1,0,0.3920903288424788,1,0,1,0,0,0,0,2,0,0,1,1,0.4383257981248911,0.487183162879089,1,82,5396,-0.4537878460254259,3
1,1,0,0,-1.2367242199587352,1,0,1,0,2,0,0,0,0,0,1,2,0.3303089931140931,-0.9328081789720911,1,81,2803,2.193276580879303,3
1,1,0,0,-1.2774445836787656,1,2,1,0,0,2,0,2,0,0,1,2,0.7989357471609396,-0.9666027905379273,1,91,3106,4.429049456184883,5
1,0,0,0,-0.0965540357978854,1,0,1,0,0,0,0,2,2,0,1,2,0.8471278601657574,0.2098335210923667,1,84,5654,-0.32783935038959533,4
0,0,0,0,-0.7073594915983407,1,2,0,2,0,0,0,0,2,0,1,0,-0.003712203919297562,-0.5670013620032519,1,89,4780,-0.198355461214407,4
1,1,1,0,-0.7888002190384014,1,0,1,0,2,0,2,0,2,0,1,0,0.8072447321617703,-0.4898825878295161,1,82,3861,0.06765442049262364,5
1,0,1,0,1.4100994218432374,1,2,1,0,2,2,0,0,0,1,0,2,0.7524054311562884,1.6054936249819822,1,65,4421,-0.5142679765608941,5
0,1,0,0,-0.38159658183809786,1,0,1,0,2,0,0,2,2,0,1,2,0.9966895901807084,0.006117308422329254,1,95,2740,-0.20898493695704576,5
0,0,0,0,0.10704778280226633,1,2,1,0,0,0,0,2,0,0,1,2,0.720831288153132,0.3306073450629628,1,68,5874,-0.386302109083311,4
0,0,1,0,0.9621754209229036,1,2,1,0,2,0,0,2,2,1,1,2,1.113015380192337,1.4244100960368455,1,97,4886,-0.4640043520243742,6
0,0,1,0,-0.9516816739185228,1,0,1,0,0,2,0,0,0,0,1,0,0.3652067301175816,-0.7164079573918998,1,96,5105,0.2068783724347294,3
0,1,1,0,-0.62591876415828,1,2,1,2,0,2,0,0,0,0,1,0,0.684271754149477,-0.360130691465124,1,70,3209,-0.11797751543018405,5
1,0,0,0,0.6364125111626608,1,2,1,0,2,2,0,2,2,1,1,1,1.3739175092184182,1.2366647050206367,1,69,5898,-0.41337018321323155,7
1,1,0,0,-0.62591876415828,1,0,0,0,0,0,0,0,0,0,1,2,-0.6551366279844181,-0.6658042766268684,1,65,3797,-0.37467736407638025,1
0,0,0,0,0.06632741908223598,1,2,1,2,2,2,0,2,2,0,1,3,1.4968904872307114,0.5768535910873946,1,78,3410,-0.3019442236925076,8
0,1,0,0,0.3920903288424788,1,2,1,0,0,0,0,2,0,0,1,2,0.6610065961471517,0.5566032951230098,1,76,4871,-0.4359229941893526,4
1,0,1,0,-0.8702409464784621,1,0,1,0,0,0,0,2,0,0,1,0,0.4898415051300408,-0.6226124688945529,1,68,3469,0.09795610415061136,3
0,0,0,0,-1.2774445836787656,1,2,1,0,0,0,0,0,2,0,0,3,0.6992279271509723,-0.9679263392937695,1,99,2850,4.257066927315223,4
1,1,0,0,-1.2774445836787656,1,0,1,0,0,0,0,2,0,0,1,2,0.47654712912871167,-0.9708822648484837,1,84,5001,3.872972612839648,3
0,0,1,0,-1.1960038562387048,1,0,0,0,0,0,0,0,0,0,0,3,-0.6800635829869099,-0.9464407311572653,1,88,4903,0.6081709397972693,1
1,0,1,0,0.7178532386027215,1,2,1,2,0,2,0,2,2,0,0,1,1.3689321182179202,1.3509310809416755,1,79,5536,-0.42344321621665526,7
1,0,0,0,-1.1145631287986442,1,0,1,0,0,0,0,0,0,0,1,2,0.1657910900976468,-0.8625718583287345,1,99,3965,0.6712312003828114,2
1,0,1,0,0.758573602322752,1,2,1,0,0,0,0,2,2,0,1,2,0.9933659961803764,1.1175232578489125,1,100,4747,-0.45293921428637013,5
0,0,0,0,0.5549717837226001,1,2,1,0,0,0,0,2,2,0,0,0,1.0398963121850275,0.9352044167316564,1,77,2712,-0.42732244945023323,5
1,1,0,0,-1.2774445836787656,1,0,0,0,0,2,0,0,0,0,1,3,-0.4856333339674735,-0.9836545103423604,1,98,3438,2.2133412092474294,2
0,0,1,0,0.35136996512244845,1,2,1,2,2,2,2,2,2,0,1,0,1.6231870592433366,1.0214336181747725,1,96,4963,-0.3515188701095398,9
0,0,0,0,-0.13727439951791576,1,0,1,0,0,0,0,2,0,0,1,2,0.46989994112804756,0.04606642170283153,1,90,3249,-0.36009069773891644,3
0,0,1,0,-0.2594354906780068,1,2,0,0,2,0,2,0,0,0,1,2,-0.15659752793458118,-0.2927620597927586,1,71,2039,-0.40663214258858255,4
0,0,0,0,-1.2774445836787656,0,1,0,0,0,0,0,2,0,0,1,2,-0.9991286070188055,-0.9904707864349476,1,81,4476,1.3276311855686806,2
1,0,0,0,-1.1960038562387048,1,2,1,0,0,0,0,0,2,0,1,2,0.682609957149311,-0.8889545968618547,1,67,4934,1.7833848870732794,4
0,0,1,0,1.369379058123207,1,2,1,0,2,2,0,2,2,1,1,1,1.2526063282062914,1.9127113503588755,1,82,4688,-0.4863138950466391,7
0,0,1,0,-0.46303730927815856,1,2,1,2,0,2,0,2,2,0,1,0,1.3174164112127704,-0.03506711703029224,1,67,5570,-0.1175432161148565,7
1,0,0,0,-1.2774445836787656,1,2,1,0,0,2,0,2,2,0,1,2,1.1628692901973208,-0.9617718375791036,1,93,4214,5.056785686559142,6
1,0,0,0,-1.1552834925186746,1,0,0,0,0,2,2,2,2,0,1,2,0.32033821111309646,-0.8735573130022243,1,69,3633,1.0444332880299738,5
0,0,0,0,-0.9516816739185228,1,0,1,2,0,0,0,0,0,0,1,1,0.3153528201125979,-0.7235771798193781,1,76,5393,0.18968011954776334,3
1,0,0,0,-1.2774445836787656,1,2,0,0,0,0,0,2,0,0,1,2,-0.16324471593524553,-0.9793750360318042,1,71,4017,2.7694180525926635,3
0,1,0,0,-1.2774445836787656,1,0,1,0,0,0,0,0,0,0,1,2,0.16080569909714826,-0.9750735025753172,1,96,3438,3.3283612714190585,2
1,0,0,0,-0.9516816739185228,0,1,0,0,0,0,0,2,2,0,1,2,-0.6435040489832552,-0.821012427395291,1,81,5028,-0.14109961097821605,3
0,0,0,0,-1.2774445836787656,1,0,2,1,1,1,1,1,1,0,0,3,-1.504314895069307,-0.997176766797881,1,77,5211,0.4562530392957364,8
1,0,0,0,-1.2774445836787656,1,0,1,0,0,0,0,0,0,0,1,2,0.17077648109814536,-0.974941147699733,1,88,3349,3.345559524306025,2
0,0,0,0,-1.2367242199587352,1,0,1,0,2,0,0,2,0,0,1,0,0.7440964461554579,-0.9247124724155233,1,72,4149,2.6690949107520288,4
0,0,1,0,-1.1960038562387048,1,2,1,0,0,0,0,0,2,0,1,0,0.6643301901474837,-0.888932537715924,1,100,2014,1.767619821926894,4
1,0,0,0,-0.748079855318371,1,2,1,0,0,0,2,2,0,0,1,2,0.8371570781647607,-0.48588988241605885,1,97,5463,0.02591453372409826,5
0,1,0,0,0.35136996512244845,1,2,1,2,2,2,0,2,2,0,1,2,1.609892683242008,1.0631474631297309,1,89,3380,-0.35261082267379157,8
1,1,0,0,-0.7888002190384014,1,0,1,0,0,0,0,2,2,0,1,2,0.8554368451665879,-0.4758529710175892,1,76,5394,0.07952940462886209,4
1,0,0,0,-1.2367242199587352,1,0,1,0,0,0,0,2,0,0,0,2,0.4732235351283796,-0.9424039074519468,1,92,5239,2.3576154417992,3
0,0,0,0,-0.5851984004382496,1,0,2,1,1,1,1,1,1,1,0,0,-1.4827115340671475,-0.8333434899705537,1,85,4931,-0.5400387332088554,8
1,0,0,0,-1.2774445836787656,1,0,1,0,0,0,0,0,0,0,1,2,0.22893937610395967,-0.9741690775921583,1,93,2377,3.44588266614666,2
0,0,0,0,-1.1552834925186746,1,0,2,1,1,1,1,1,1,0,0,3,-1.4760643460664828,-0.9715881575182662,1,76,5984,-0.19498747002404285,8
0,0,0,0,0.22920887396235737,1,0,1,0,2,2,2,0,0,0,1,1,0.6477122201458225,0.43446180410471014,1,70,2885,-0.4139491580618596,5
0,0,0,0,-0.8295205827584317,1,0,1,0,0,0,0,0,2,0,0,0,0.4433111891253892,-0.5878472549077658,1,89,4741,0.027178678808097424,3
0,0,1,0,-0.5444780367182193,1,2,1,0,0,2,0,0,2,0,0,3,0.827186296163764,-0.22883465488558288,1,74,3046,-0.14769227458488637,5
0,0,0,0,-0.9109613101984924,1,2,1,2,0,0,0,2,2,0,1,2,1.1279715531938321,-0.5763985581697312,1,68,5561,0.3671348197905489,6
0,0,0,0,-1.2774445836787656,1,0,1,0,0,2,0,0,0,0,0,2,0.3851482941195749,-0.9720955178746724,1,67,5613,3.7153219613757935,3
0,0,0,0,-0.38159658183809786,1,2,1,0,2,0,0,0,0,0,1,2,0.47820892612887816,-0.2659381383410244,1,68,5216,-0.28351069946723173,4
1,1,1,0,-0.015113308357824713,1,2,1,0,0,0,0,0,2,0,1,2,0.6726391751483144,0.159847496413395,1,94,4584,-0.36630986393440523,4
1,1,1,0,-0.015113308357824713,1,2,1,0,0,0,0,0,2,0,0,2,0.682609957149311,0.16825203101299252,1,75,2712,-0.36526754557761937,4
0,0,0,0,-0.055833672077855064,1,2,1,0,0,0,0,2,0,0,1,1,0.7241548821534641,0.18426697095868258,1,74,4198,-0.351527400988948,4
1,0,0,0,-0.5444780367182193,1,0,1,0,2,0,0,0,0,0,1,1,0.3020584441112687,-0.37731476614514126,1,89,2251,-0.238269739789574,3
1,1,1,0,1.002895784642934,0,1,0,0,0,0,0,2,2,0,1,2,-0.6617838159850825,0.129361756737164,1,82,5172,-0.572973439508729,3
1,1,0,0,-1.2774445836787656,1,0,0,0,0,0,0,0,0,0,0,2,-0.6534748309842519,-0.9858824840813615,1,79,4499,1.9238372856501686,1
1,0,0,0,-0.3408762181180675,1,0,1,0,0,0,2,2,2,0,1,2,1.0382345151848615,-0.06939114809846539,1,71,3068,-0.2213581244507241,5
1,0,0,0,-1.2774445836787656,1,0,2,1,1,1,1,1,1,0,0,0,-1.4860351280674797,-0.9969341161926433,1,66,4710,0.4877831695885074,8
1,0,1,0,1.3286586944031769,1,2,1,2,0,2,2,2,2,2,0,0,1.4586691562268908,2.0551251964874906,1,79,6120,-0.4728869159157551,8
1,0,0,0,-0.9109613101984924,1,0,0,0,0,0,0,0,0,0,1,2,-0.6385186579827569,-0.8281595906768386,1,67,4097,-0.18685738684111353,1
0,0,1,0,-1.2367242199587352,0,1,0,0,0,0,0,0,2,0,1,2,-0.9858342310174765,-0.9754485080561391,1,78,2643,0.6798303268262945,2
1,0,0,0,-1.2774445836787656,1,0,0,0,0,0,0,0,0,0,0,1,-0.6169152969805971,-0.985397182870886,1,76,4167,1.9868975462357108,1
0,0,0,0,-1.2774445836787656,1,0,0,0,0,0,0,0,0,0,0,2,-0.6518130339840859,-0.9858604249354307,1,89,5828,1.9267036611313295,1
1,1,0,0,-1.2774445836787656,0,1,0,0,2,2,0,0,2,0,1,2,-0.7132995229902325,-0.9866766133348666,1,91,4972,1.8206477683283724,4
0,1,0,0,0.22920887396235737,1,0,0,2,2,0,0,0,0,0,1,1,-0.2529817539442163,-0.012831497932144099,1,75,3110,-0.4936196970766935,3
0,0,1,0,-0.5444780367182193,1,0,1,2,0,0,0,0,0,0,1,2,0.2804550831091094,-0.3699911296961481,1,97,4718,-0.24199602791508326,3
1,0,0,0,0.7992939660427822,1,0,1,0,2,0,0,0,2,0,1,2,0.684271754149477,0.908336376988061,1,98,6402,-0.47699555132528665,4
0,0,0,0,-1.2774445836787656,1,0,0,0,0,0,0,0,0,0,0,3,-0.6252242819814278,-0.9855074786005396,1,69,4888,1.9725656688299056,1
0,0,0,0,-1.1960038562387048,1,0,1,0,2,0,0,2,0,0,0,2,0.6310942501441613,-0.8966973570835313,1,65,4852,1.738956067115284,4
1,0,0,0,-1.2774445836787656,1,0,1,0,0,0,0,0,0,0,1,2,0.17576187209864347,-0.9748749702619408,1,69,2699,3.3541586507495076,2
1,0,0,0,-1.2367242199587352,1,2,1,0,0,0,0,0,2,0,1,2,0.7058751151516368,-0.9327861198261606,1,77,4546,2.6251438200408934,4
0,1,1,0,0.10704778280226633,1,2,1,2,2,0,2,2,0,0,1,0,1.1877962451998125,0.6060157820077833,1,81,4745,-0.34155480296074203,7
0,0,0,0,-0.6666391278783103,1,2,1,0,0,0,0,0,0,0,0,2,0.2621753161072821,-0.47887507401009555,1,73,2850,-0.1716518014009439,3
0,0,1,0,-1.2774445836787656,1,0,2,1,1,1,1,1,1,0,1,2,-1.4544609850643233,-0.99651499241996,1,90,3753,0.5422443037305664,8
0,1,0,0,-1.2774445836787656,1,0,0,0,0,0,0,0,0,0,0,3,-0.6534748309842519,-0.9858824840813615,1,70,2740,1.9238372856501686,1
1,1,1,0,-0.0965540357978854,1,0,0,0,2,0,0,0,0,0,1,0,-0.4773243489666429,-0.33187292552789416,1,83,4795,-0.47522652835638995,2
0,1,0,0,-1.1145631287986442,1,0,1,0,0,0,0,0,2,0,0,2,0.47156173812821356,-0.8388362173072986,1,65,4054,0.8470355632273527,3
1,0,0,0,0.9621754209229036,1,2,1,0,2,0,2,0,2,0,1,2,0.9867188081797118,1.255106151018704,1,96,4830,-0.47164801997413686,6
0,0,0,0,0.47353105628253944,1,2,1,0,2,2,0,0,0,0,1,0,0.6659919871476498,0.6983112485818426,1,66,3997,-0.445572384310429,5
1,0,0,0,-1.2774445836787656,1,0,0,0,0,2,0,0,0,0,0,3,-0.4607063789649817,-0.9833236231533998,1,83,5111,2.2563368414648446,2
1,0,1,0,0.6771328748826912,1,2,1,0,0,2,0,2,2,0,1,2,1.1645310871974868,1.1438618780901713,1,83,6088,-0.43278197994115947,6
1,0,1,0,0.5956921474426305,1,2,1,0,0,2,2,2,2,0,1,0,1.4154624342225712,1.2526134675285345,1,98,3620,-0.40521222510485927,7
0,0,1,0,-0.055833672077855064,1,0,2,1,1,1,1,1,1,0,1,3,-1.502653098069141,-0.7150623494901269,1,67,2687,-0.5915863475361818,8
0,0,0,0,-1.1960038562387048,1,0,1,2,2,0,0,0,0,0,1,2,0.47654712912871167,-0.8970282442724917,1,74,5339,1.6056696072412973,4
1,0,0,0,-0.9924020376385531,0,1,0,0,0,0,0,0,0,0,0,3,-1.304899255049372,-0.9108372696251116,1,78,5578,-0.33677751049214033,1
0,0,0,0,-1.2367242199587352,1,0,1,0,0,0,0,0,2,0,0,2,0.531386430134194,-0.9354332173378449,1,87,2176,2.4244975363596235,3
1,0,1,0,1.3286586944031769,1,2,1,0,2,0,0,2,0,0,1,0,0.9003053641710731,1.615221708337422,1,82,5530,-0.502071829905758,5
1,0,0,0,-1.2774445836787656,1,0,1,0,2,0,0,0,0,0,1,2,0.35191235411625243,-0.9725367007932865,1,90,5284,3.6579944517525735,3
1,0,0,0,-1.2774445836787656,1,2,1,0,0,0,0,0,0,0,1,2,0.35523594811658493,-0.972492582501425,1,74,5518,3.6637272027148957,3
1,0,0,0,-0.3408762181180675,1,0,0,2,0,0,0,0,0,0,1,0,-0.5055748979694671,-0.47177202902040927,1,80,5005,-0.4343871502106096,2
1,0,0,0,1.4915401492832983,1,2,0,2,2,2,2,0,2,1,1,1,0.4599291591270504,1.3573944106993712,1,93,6230,-0.5328921910317653,7
0,0,1,0,-1.0331224013585834,1,0,1,0,0,0,0,2,0,0,1,2,0.5430190091353566,-0.7513717036920632,1,87,3238,0.5006818592537318,3
1,0,1,0,-0.8702409464784621,1,2,1,0,0,0,0,0,0,0,1,2,0.3386179781149237,-0.6414950978112341,1,70,2044,0.05448274268633621,3
1,1,0,0,-1.2774445836787656,1,2,1,0,0,0,0,2,2,0,1,2,0.9568064621767214,-0.9645071716745106,1,81,5536,4.701355126895177,5
0,0,1,0,1.0436161483629645,1,2,1,0,0,2,2,2,2,0,1,1,1.2409737492051283,1.5907581155002728,1,96,4415,-0.4632219158983838,7
0,0,1,0,-0.748079855318371,1,2,1,0,2,0,0,0,2,0,1,0,0.8687312211679171,-0.4503305391757665,1,70,5148,0.03317601827637281,5
0,0,1,0,-0.8295205827584317,0,1,0,0,2,0,0,0,0,0,0,3,-1.181926277037079,-0.8694101935672524,1,94,3747,-0.4041005858958192,2
0,0,1,0,-0.30015585439803716,1,0,1,0,2,2,0,2,0,0,1,0,0.8105683261621028,-0.009699099209984387,1,97,5853,-0.2684989765947411,5
1,1,1,0,1.0436161483629645,1,2,1,2,2,2,0,2,2,1,1,2,1.465316344227555,1.7680474713453287,1,91,4739,-0.4501046043744267,8
0,1,0,0,-0.6666391278783103,1,2,1,0,0,0,0,2,0,0,1,2,0.6643301901474837,-0.41011671614409584,1,99,5136,-0.090044405349066,4
0,0,1,0,-1.2774445836787656,1,0,0,0,0,0,0,0,0,0,1,2,-0.6335332669822583,-0.985617774330193,1,99,3187,1.9582337914241006,1
0,1,0,0,-1.2774445836787656,1,0,1,0,0,0,0,0,0,0,1,2,0.1724382780983114,-0.9749190885538024,1,94,3208,3.348425899787186,2
0,0,1,0,-1.2367242199587352,0,1,0,0,0,0,0,2,2,0,0,2,-0.6700928009859131,-0.9629409723134308,1,70,5482,1.042904554440021,3
1,0,0,0,-0.38159658183809786,1,2,1,0,0,0,0,0,0,0,1,2,0.3386179781149237,-0.25115851056745375,1,89,5897,-0.30357532783535873,3
0,0,0,0,1.002895784642934,1,0,1,0,0,2,0,2,2,2,1,2,1.0133075601823696,1.4051304024934113,1,93,5789,-0.4733421814049259,5
1,0,0,0,-0.3408762181180675,1,2,1,0,0,2,0,2,0,0,1,3,0.8338334841644282,-0.05059675576550671,1,95,2050,-0.24956325918534833,5
0,0,1,0,0.6771328748826912,1,2,1,0,2,0,0,2,2,1,0,3,1.1861344481996465,1.1744579134960558,1,90,4235,-0.43129146469095575,6
1,0,0,0,-1.1145631287986442,1,2,0,0,0,0,0,0,0,0,0,2,-0.5853411539774409,-0.9073298654221298,1,82,2857,0.23936396122122072,2
1,0,0,0,-1.2367242199587352,1,0,1,0,0,0,0,0,2,0,1,2,0.5131066631323666,-0.9258816071498507,1,99,2384,2.403477449497776,3
0,0,0,0,-1.1552834925186746,1,2,1,0,0,2,2,0,0,0,1,3,0.7424346491552913,-0.8551379261500878,1,80,5587,1.335657036915931,5
1,0,0,0,-1.1145631287986442,1,2,1,0,0,0,0,0,0,0,1,0,0.37019212111808014,-0.8479466445766788,1,87,3520,0.7887525951104125,3
0,0,1,0,0.5956921474426305,1,2,1,2,2,2,0,2,0,0,1,2,1.1296333501939984,0.9944111644096619,1,80,4622,-0.4257545827198464,7
0,0,0,0,-0.9109613101984924,1,2,1,0,0,0,0,0,2,0,0,2,0.720831288153132,-0.639223005780372,1,80,5699,0.23945082108428623,4
0,0,0,0,-1.2774445836787656,1,0,0,0,0,0,0,0,0,0,1,3,-0.6468276429835875,-0.9857942474976384,1,69,3049,1.9353027875748123,1
1,0,1,0,1.4100994218432374,1,2,1,0,2,2,0,2,2,1,0,2,1.3074456292117733,2.1005229188128767,1,74,4857,-0.4861100527165477,7
0,1,1,0,-1.1145631287986442,1,2,1,0,2,0,0,0,0,0,1,2,0.5396954151350245,-0.8418142020079434,1,99,4287,0.8862093614698864,4
1,0,1,0,1.4100994218432374,1,0,1,2,2,0,0,0,2,1,1,1,0.85876043916692,1.6660900988536218,1,73,4394,-0.5088724462434145,5
0,0,1,0,-0.7073594915983407,1,0,1,0,0,0,0,2,2,0,0,2,0.7773323861587803,-0.3922708670861576,1,79,2524,-0.029955901696198238,4
1,0,0,0,-1.2774445836787656,1,0,2,1,1,1,1,1,1,0,1,3,-1.481049737066981,-0.9968679387548512,1,92,4325,0.49638229603199036,8
0,0,1,0,-0.2594354906780068,1,0,1,0,0,0,0,2,2,0,1,2,0.8654076271675846,0.03620598347180756,1,75,2641,-0.2760528151134703,4
1,0,0,0,-0.4223169455581282,1,2,1,0,2,0,0,0,0,0,1,2,0.48485611412954227,-0.24237897048703422,1,68,4718,-0.2660735819568357,4
1,1,0,0,-0.46303730927815856,1,0,1,0,0,2,0,2,2,0,1,0,1.0648232671875193,-0.11004615404875,1,87,4317,-0.15715131367271773,5
1,0,1,0,0.5956921474426305,1,2,1,0,2,2,0,0,0,0,1,0,0.6177998741428321,0.7876287304552568,1,98,2516,-0.46253973472807924,5
0,0,0,0,-1.2367242199587352,1,2,0,0,0,0,0,0,0,0,1,2,-0.5105602889699654,-0.958771793732528,1,97,5115,1.2263525852343249,2
0,0,1,0,-0.4223169455581282,1,2,0,2,0,0,2,2,2,0,1,2,0.47987072312904416,-0.23690830229621995,1,91,3410,-0.2668213320823559,6
1,0,1,0,-1.0331224013585834,1,0,0,0,0,2,0,0,0,0,0,2,-0.533825446972291,-0.8556673456524246,1,98,2984,0.03632903130564989,2
0,0,0,0,-1.2774445836787656,1,0,1,2,0,0,0,2,2,0,1,2,1.0249401391835322,-0.9636027466913519,1,79,4091,4.818876521622778,5
0,0,0,0,0.6771328748826912,1,2,0,2,2,0,0,0,0,0,1,1,-0.16656830993557784,0.288783204378351,1,78,6006,-0.5246206503575579,4
0,1,0,0,0.43281069256250915,1,0,1,2,2,0,2,2,2,0,1,1,1.4420511862252297,1.0239704199568032,1,86,2833,-0.3798165726410881,7
0,0,0,0,-1.2774445836787656,1,0,1,0,0,0,0,0,0,0,0,2,0.21896859410296257,-0.9743014324677426,1,77,2619,3.428684413259693,2
0,0,0,0,-1.2774445836787656,1,0,2,1,1,1,1,1,1,0,1,3,-1.4827115340671475,-0.9968899979007819,1,86,4939,0.4935159205508293,8
1,0,0,0,-1.2774445836787656,1,0,1,0,0,0,0,0,0,0,0,0,0.1657910900976468,-0.9750073251375251,1,66,2901,3.3369603978625415,2
0,1,1,0,-0.015113308357824713,1,2,1,0,0,0,0,2,2,0,1,2,0.9451738831755587,0.28732730074692453,1,90,5247,-0.3378198288489262,5
1,0,1,0,-0.62591876415828,1,0,1,0,0,0,0,2,0,0,0,2,0.534710024134526,-0.3877487421703636,1,77,5174,-0.14664127024179405,3
0,0,0,0,-1.1552834925186746,0,1,0,2,2,0,0,0,0,0,1,2,-1.034026344022294,-0.9449627683799083,1,95,2563,0.10999488117148751,3
1,0,0,0,-1.2774445836787656,1,0,1,0,0,0,0,2,0,0,1,2,0.5047976781315361,-0.9705072593676618,1,99,4815,3.921700996019386,3
0,0,0,0,-1.2774445836787656,1,0,2,1,1,1,1,1,1,0,0,2,-1.5109620830699715,-0.9972650033816037,1,92,3236,0.44478753737109245,8
0,0,1,0,0.18848851024232702,1,2,1,2,0,2,2,0,2,1,1,2,1.1445895231954935,0.6506855525174559,1,79,3599,-0.36232345337687344,7
0,0,1,0,-0.9924020376385531,1,2,1,0,0,0,0,0,2,0,1,1,0.6792863631489789,-0.7289816705724003,1,95,2887,0.4237674505092451,4
0,0,0,0,-1.1960038562387048,1,2,1,0,0,0,0,0,0,0,0,2,0.3485887601159204,-0.899013567406255,1,83,5898,1.495314151216599,3
1,0,0,0,-1.2774445836787656,1,2,0,0,0,2,0,0,0,0,0,2,-0.34604238595351905,-0.9818015420841815,1,87,4212,2.4541167496649536,3
1,0,1,0,-1.1145631287986442,0,1,0,0,0,0,0,0,0,0,1,2,-1.3231790220511994,-0.9614850686820045,1,79,5865,-0.18485960999060735,1
1,0,1,0,0.3106496014024181,0,1,0,2,2,2,0,0,0,1,1,2,-0.7448736659933887,-0.24851141305576946,1,67,5422,-0.5432031528671333,4
1,0,0,0,-1.2774445836787656,1,2,1,0,0,0,0,0,0,0,1,2,0.3502505571160864,-0.972558759939217,1,100,3596,3.6551280762714127,3
1,0,0,0,0.758573602322752,1,2,1,2,2,0,0,2,0,1,1,2,0.9983513871808745,1.128486653376472,1,94,5074,-0.4526084786539285,6
0,1,0,0,-1.2774445836787656,1,0,1,0,0,0,0,0,0,0,1,2,0.19237984210030468,-0.9746543788026337,1,82,2146,3.3828224055611176,2
0,0,1,0,0.025607055362205634,1,2,1,0,0,0,0,0,2,0,0,1,0.7108605061521354,0.20557610592774106,1,66,3336,-0.37111781282526524,4
0,0,1,0,-0.0965540357978854,1,2,1,0,0,0,0,0,2,0,1,2,0.6726391751483144,0.1519944404620648,1,97,3698,-0.3472567326813311,4
0,0,0,0,-1.2367242199587352,1,0,1,0,0,0,0,0,2,0,0,2,0.5247392421335293,-0.9245580583940085,1,69,2856,2.41685386840986,3
0,0,0,0,-1.2367242199587352,1,0,1,0,0,2,0,0,0,0,1,2,0.36686852711774764,-0.9348596795436466,1,98,5270,2.235316754602997,3
1,1,1,0,-0.13727439951791576,1,2,1,0,0,2,0,2,2,0,1,2,1.1213243651931677,0.3195998312435423,1,72,5137,-0.28518275183124236,6
1,1,1,0,-0.7888002190384014,1,2,1,0,0,0,0,2,2,0,1,2,1.0133075601823696,-0.4615145261626326,1,97,2982,0.11843021473033281,5
1,1,1,0,-1.0331224013585834,1,2,1,0,0,0,0,0,0,0,1,3,0.32033821111309646,-0.7728793709744982,1,96,4969,0.40465828063483844,3
0,0,0,0,-0.0965540357978854,1,0,1,0,0,0,2,2,0,0,0,2,0.677624566148813,0.12183958797479456,1,76,4417,-0.3467019503301386,4
0,1,0,0,-1.2367242199587352,1,2,1,0,0,2,0,0,2,0,1,2,0.7906267621601091,-0.9266977955492867,1,80,3685,2.7226005864003673,5
1,0,1,1,-0.3408762181180675,1,2,0,2,0,0,0,0,0,0,0,2,-0.3327480099521901,-0.4154109111674644,1,97,5699,-0.4105389062073501,3
0,1,0,0,-1.2774445836787656,1,0,1,0,0,0,0,2,2,0,1,2,0.8820255971692458,-0.9654998332413922,1,71,2371,4.572368230242932,4
1,0,0,0,-1.2774445836787656,1,0,1,0,0,0,0,2,0,0,1,2,0.4898415051300408,-0.9707057916810381,1,92,4490,3.8959036166889365,3
1,1,1,0,-1.0331224013585834,1,0,1,0,0,0,0,0,0,0,1,3,0.1774236690988095,-0.7995047601128561,1,83,3669,0.3430312077898768,2
1,0,1,0,1.4100994218432374,1,2,1,2,2,2,0,2,2,1,1,2,1.5467443972356951,2.295194881651326,1,85,4146,-0.4739701095022188,8
1,1,1,0,1.002895784642934,1,2,1,0,2,2,0,0,2,0,1,0,1.0133075601823696,1.3885419247535233,1,86,6259,-0.4733421814049259,6
0,0,1,0,-1.0331224013585834,1,0,1,0,0,2,0,2,0,0,1,2,0.7141841001524675,-0.7467613421925465,1,89,3344,0.5744910278936276,4
0,1,1,0,-1.2774445836787656,1,2,1,0,0,2,0,2,2,0,1,2,1.1977670272008092,-0.9613085955145587,1,65,3128,5.1169795716635225,6
0,0,0,0,-0.748079855318371,1,0,1,0,2,0,0,0,2,0,1,2,0.7158458971526335,-0.48476486597359303,1,74,3677,-0.0019848542925355603,4
0,0,0,0,-0.1779947632379461,1,2,1,0,2,0,0,0,2,0,1,2,0.8371570781647607,0.15256797825626317,1,90,2468,-0.3060051576254234,5
1,1,1,0,-0.62591876415828,1,0,1,0,2,0,0,0,0,0,1,2,0.3884718881199074,-0.4616248218922861,1,92,3266,-0.17466805272425706,3
1,0,0,0,-0.9109613101984924,1,0,1,0,0,0,0,0,0,0,1,2,0.17410007509847744,-0.6793044739364583,1,67,3156,0.06798945139301904,2
0,0,0,0,0.06632741908223598,1,2,0,2,2,0,2,0,0,1,1,3,-0.012021188920128179,-0.08425901245575879,1,75,5189,-0.4506681629436041,5
0,0,1,0,-1.2774445836787656,1,2,1,2,0,2,0,2,2,0,1,2,1.2526063282062914,-0.9605806436988457,1,85,4811,5.211569962541836,7
0,0,0,0,-1.1960038562387048,1,0,1,0,0,2,2,0,0,0,0,1,0.5097830691320341,-0.9098004897663684,1,65,4330,1.6343333620529072,4
0,0,0,0,-1.2367242199587352,1,0,1,0,0,0,0,2,0,0,1,2,0.5131066631323666,-0.941345068447273,1,85,4381,2.403477449497776,3
0,0,0,0,-1.0738427650786138,1,0,1,2,2,2,2,0,2,0,1,0,1.109691786192005,-0.7554305865433125,1,80,3578,0.9459937643626731,7
1,0,0,0,-0.8295205827584317,1,2,1,0,2,2,2,2,2,0,1,3,1.6015836982411773,-0.39485178716004976,1,97,3965,0.3345423265572078,8
0,0,0,0,-1.2774445836787656,1,0,1,0,0,0,0,0,0,0,0,3,0.20401242110146783,-0.9744999647811189,1,78,4739,3.402887033929245,2
0,1,0,0,-1.1960038562387048,1,0,1,0,0,2,0,2,0,0,1,2,0.7341256641544608,-0.9083004678430808,1,70,3561,1.8278137070312748,4
1,0,1,0,-0.38159658183809786,1,0,1,2,0,0,2,2,2,0,1,2,1.1661928841976528,0.022749904454079047,1,83,3425,-0.1846207453671773,6
1,0,1,0,-1.2774445836787656,1,2,1,0,0,0,0,0,0,0,1,2,0.3236618051134285,-0.9729117062741083,1,75,5554,3.6092660685728366,3
1,0,0,0,1.3286586944031769,1,2,1,0,2,2,2,2,2,0,1,2,1.475287126228552,2.0565590409729864,1,99,6001,-0.47201831728510024,8
0,0,0,0,-0.6666391278783103,1,2,0,0,0,2,0,0,2,0,1,1,0.014567563082529699,-0.5454716355748863,1,73,4722,-0.221897677482472,4
1,1,1,0,1.369379058123207,1,2,1,0,0,2,0,2,2,0,1,1,1.15456030519649,2.004036214511984,1,96,4479,-0.49136213843137044,6
1,0,0,0,-1.2774445836787656,1,0,1,0,0,0,0,0,0,0,1,3,0.22561578210362715,-0.9742131958840197,1,98,5739,3.4401499151843375,2
1,0,1,0,0.8400143297628127,1,2,1,2,0,2,0,0,2,0,0,2,0.9684390411778845,1.2130173005829235,1,68,5543,-0.46226105933407746,6
1,1,1,0,1.4915401492832983,1,2,1,0,2,2,2,2,2,2,1,0,1.4503601712260603,2.222885001290483,1,73,4708,-0.4840819114097094,8
0,0,1,0,-0.7888002190384014,0,1,0,0,0,2,0,2,2,0,1,0,-0.532163649972125,-0.7263345730607159,1,86,2655,-0.2623882420524858,4
0,0,0,0,-1.1552834925186746,1,2,1,0,0,0,0,2,0,0,1,2,0.6942425361504742,-0.8638733479386459,1,96,3223,1.302407081334464,4
1,0,0,0,-0.8295205827584317,1,2,1,0,2,2,0,2,2,0,1,2,1.393859073220412,-0.4525805720606981,1,92,2406,0.2794197211502656,7
1,0,0,0,-1.2774445836787656,0,1,0,0,0,0,0,0,0,0,1,2,-1.3165318340505352,-0.9946840833077116,1,99,5386,0.7801534686669294,1
0,0,1,0,0.880734693482843,1,2,1,0,2,2,2,2,2,1,0,2,1.5151702542325387,1.5941772831195316,1,90,6189,-0.4315937370144236,8
0,0,1,0,0.6364125111626608,1,2,1,2,2,0,0,2,2,1,1,1,1.2791950802089493,1.216701177953351,1,71,4736,-0.4200388935163408,7
1,0,0,0,-1.2367242199587352,1,0,0,2,0,0,0,0,0,0,1,2,-0.5637377929752814,-0.9649924728849862,1,89,4134,1.1652032416362237,2
0,0,0,0,-0.13727439951791576,1,2,1,0,0,2,0,2,2,0,1,1,1.1246479591934997,0.2882979031678754,1,72,5144,-0.28480056843375423,6
0,1,1,0,-0.7073594915983407,1,2,1,0,0,2,2,0,0,0,1,2,0.6078290921418354,-0.4506393672187963,1,70,2596,-0.06650218908100106,5
1,0,1,0,-0.62591876415828,1,0,1,0,0,0,0,0,0,0,1,0,0.1873944510998066,-0.47016171136746804,1,67,4469,-0.21320487863764387,2
0,1,0,0,0.9621754209229036,1,2,1,0,2,2,0,2,2,1,1,0,1.329048990213933,1.4254248167496577,1,93,5605,-0.45092965684714864,7
0,1,0,0,-0.46303730927815856,1,2,1,0,0,0,0,2,2,0,1,2,0.9800716201790471,-0.1349950480963745,1,73,4819,-0.17044087272173683,5
0,0,0,1,-1.2774445836787656,1,0,0,0,0,0,0,0,0,0,0,3,-0.6252242819814278,-0.9855074786005396,1,82,4563,1.9725656688299056,1
0,1,0,0,-1.2774445836787656,1,0,1,0,0,0,0,0,0,0,1,2,0.179085466098976,-0.9748308519700793,1,71,2825,3.3598914017118298,2
0,0,0,0,-1.2774445836787656,1,0,1,0,0,2,0,2,0,0,1,1,0.6909189421501416,-0.968036635023423,1,86,3967,4.242735049909418,4
0,0,1,0,0.10704778280226633,1,0,1,0,0,0,0,0,0,0,1,2,0.18407085709947407,0.06036074826592678,1,79,5413,-0.4377376246619223,2
1,1,1,0,-0.015113308357824713,1,2,1,0,2,2,0,2,2,0,0,0,1.3822264942192488,0.5475149269995604,1,65,4113,-0.29213154087648113,7
0,0,1,0,0.025607055362205634,1,2,1,2,0,2,0,2,2,1,1,3,1.2941512532104444,0.5238013451240552,1,76,4461,-0.3119355896554116,7
1,0,0,0,-1.2774445836787656,1,0,1,0,0,0,0,2,2,0,1,2,0.7839795741594444,-0.9668013228513038,1,72,4254,4.403252076854433,4
0,0,1,0,-0.9924020376385531,1,0,1,0,0,2,0,2,2,0,1,2,0.9784098231788811,-0.6628483510721542,1,80,2939,0.5384224697556851,5
0,0,0,0,-1.1145631287986442,1,0,1,0,2,0,0,2,2,0,1,2,1.0465435001856922,-0.7796956470670853,1,74,5056,1.1776242020545882,5
0,0,1,0,-1.2367242199587352,1,0,1,0,0,0,0,0,0,0,1,2,0.19736523310080326,-0.9433745098728977,1,86,4559,2.0404032218840493,2
0,0,1,0,0.3920903288424788,0,1,0,0,2,0,2,0,0,1,0,3,-1.0373499380226265,-0.36813816143796907,1,82,2044,-0.5721758193868662,3
0,1,1,0,0.3106496014024181,1,2,1,0,0,0,0,2,2,0,1,1,0.9900424021800438,0.600324522357662,1,95,5676,-0.3972277381192268,5
0,0,0,0,1.002895784642934,1,2,1,2,2,2,0,2,2,2,1,0,1.6015836982411773,1.846467735128976,1,89,4738,-0.4383526324279951,8
1,0,0,0,-1.2774445836787656,0,1,0,0,0,0,0,0,2,0,0,2,-0.9592454790148186,-0.9899413669326106,1,93,4747,1.3964241971165443,2
1,0,0,0,0.22920887396235737,1,2,1,0,0,2,0,2,2,0,1,0,1.1462513201956595,0.6606342273322027,1,76,5274,-0.36985107373630577,6
1,1,0,0,-1.2367242199587352,0,1,0,0,0,0,0,0,0,0,1,3,-1.3397969920528607,-0.9848236450766876,1,77,5573,0.2728050085014324,1
0,0,0,0,-0.9924020376385531,1,2,1,2,0,0,2,2,2,0,1,0,1.2825186742092813,-0.6319655467691707,1,71,2363,0.6549884059895656,7
1,1,0,0,-1.0331224013585834,1,2,1,0,0,0,0,2,0,0,1,2,0.6659919871476498,-0.7644748363749005,1,70,2015,0.5537098056552103,4
0,1,0,0,-0.055833672077855064,1,2,1,0,2,0,0,2,2,0,1,2,1.1695164781979852,0.4001157138906064,1,96,5362,-0.30351561167950125,6
0,0,0,0,-0.5851984004382496,1,2,1,0,2,0,0,2,0,0,1,1,0.8388188751649267,-0.3319391029656863,1,97,2708,-0.11853067561075897,5
0,1,0,0,-0.748079855318371,1,2,1,0,2,2,0,2,2,0,1,2,1.332372584214265,-0.33015231214529933,1,86,2292,0.1398051861755619,7
1,0,1,0,-0.1779947632379461,1,2,1,2,2,0,0,2,2,1,0,2,1.3739175092184182,0.25044440875079005,1,85,3770,-0.24215417276921633,7
1,1,0,0,-0.7073594915983407,1,2,1,0,0,0,0,0,0,0,1,1,0.31369102311243185,-0.5055225222943841,1,80,4553,-0.12992074660168815,3
0,0,0,0,-1.1145631287986442,1,0,1,0,2,0,2,0,2,0,1,2,0.8172155141627669,-0.8020856801867483,1,70,4584,1.045770929921182,5
0,0,0,0,-1.2774445836787656,1,2,1,0,0,0,0,0,0,0,1,2,0.4117370461222332,-0.971742571539781,1,79,2756,3.76118396907437,3
1,0,0,0,-1.2774445836787656,0,1,0,0,0,0,0,0,2,0,1,0,-0.9808488400169781,-0.9902281358297098,1,88,2548,1.3591613158614515,2
1,0,1,0,-1.1552834925186746,0,1,0,0,2,0,0,2,2,0,1,2,-0.5388108379727895,-0.9171020670694311,1,97,3955,0.4516668385258787,4
0,0,1,0,0.8400143297628127,1,2,1,0,2,0,0,2,2,0,1,1,1.1180007711928355,1.2660916056921938,1,87,6481,-0.4527064743968741,6
1,1,1,0,1.0843365120829946,1,2,1,0,0,0,0,2,2,0,1,0,0.966777244177718,1.4537046418328183,1,85,5390,-0.4822938390857471,5
1,1,1,0,0.5549717837226001,1,2,1,2,2,2,0,2,0,0,1,2,1.1944434332004772,0.9977200362992672,1,72,5712,-0.41597892095031946,7
0,0,0,0,-0.748079855318371,1,2,1,0,0,2,0,0,0,0,1,2,0.5214156481331973,-0.5328317449565938,1,94,4155,-0.04670031179864713,4
1,0,0,0,-0.055833672077855064,1,0,0,0,0,2,2,0,0,0,1,2,-0.3161300399505289,-0.24886435939066068,1,78,2933,-0.4636743416893721,3
1,0,1,0,-0.7888002190384014,0,1,0,2,0,0,2,2,2,0,1,2,-0.3427187919531868,-0.693929687688514,1,88,5212,-0.21570726993072092,5
1,0,0,0,0.10704778280226633,1,2,1,0,0,0,0,0,0,0,0,1,0.35191235411625243,0.1572003989017107,1,79,2785,-0.42165407335096333,3
1,0,0,0,-1.2367242199587352,1,0,1,2,0,0,0,0,0,0,1,2,0.36354493311741554,-0.9223080255090769,1,82,4676,2.231494920628116,3
1,0,0,0,-1.2774445836787656,1,2,1,0,0,0,0,0,0,0,1,3,0.3153528201125979,-0.9730220020037619,1,93,4750,3.594934191167032,3
0,1,0,0,-0.30015585439803716,1,2,1,0,2,0,0,0,2,0,1,2,0.82884809316393,-0.040670140096690593,1,82,4078,-0.26607358195683567,5
0,1,0,0,-0.6666391278783103,1,2,1,0,0,0,0,2,2,0,1,2,1.0515288911861906,-0.3081814027983197,1,80,2688,-0.011471995100770327,5
1,1,0,0,-1.2774445836787656,1,0,1,0,0,0,0,0,0,0,1,0,0.1574821050968162,-0.9751176208671786,1,77,3273,3.3226285204567367,2
1,1,1,0,0.14776814652229667,1,2,1,0,0,0,0,0,2,0,1,1,0.6809481601491449,0.37633595457730906,1,82,3041,-0.397462036444648,4
1,0,0,0,-1.2774445836787656,1,0,2,1,1,1,1,1,1,0,0,3,-1.5076384890696393,-0.9972208850897424,1,66,4152,0.4505202883334143,8
0,0,0,0,-0.9516816739185228,1,2,1,0,0,0,0,0,2,0,1,2,0.6161380771426661,-0.6513775951881889,1,97,3520,0.2934429119657916,4
0,0,0,0,-0.9924020376385531,1,0,1,0,0,0,0,2,0,0,1,0,0.5097830691320341,-0.7060842770963311,1,67,5071,0.3587962729362622,3
1,1,0,0,0.5142514200025698,1,0,0,2,0,2,0,0,2,1,0,1,-0.06852228692577646,0.22578228360026462,1,92,2654,-0.5053536221233192,4
1,0,0,0,-0.30015585439803716,1,2,2,1,1,1,1,1,1,1,0,0,-1.3115464430500368,-0.7073857667062425,1,79,3779,-0.5500652450134025,9
1,0,0,0,-0.7888002190384014,1,2,1,2,0,0,0,2,2,0,0,3,1.109691786192005,-0.4630145480859204,1,98,5525,0.14218018300280968,6
1,0,0,0,0.5549717837226001,1,2,1,2,2,0,0,0,2,0,1,2,0.9617918531772199,0.8272469565467986,1,70,3378,-0.4330552004125552,6
1,1,0,0,-0.30015585439803716,1,2,1,0,2,2,0,2,2,0,0,3,1.3689321182179202,0.16567111093910036,1,100,4283,-0.19441419492781065,7
1,0,0,0,-0.5851984004382496,1,2,0,0,0,2,2,2,2,1,1,1,0.572931355138347,-0.37689564237245793,1,79,3306,-0.16680647318820735,6
1,0,1,0,1.125056875803025,1,2,1,0,2,2,0,2,0,0,1,2,1.0299255301840309,1.5278895495977707,1,88,4129,-0.4816626099497318,6
1,0,1,0,-0.0965540357978854,1,2,1,0,0,0,0,2,2,0,1,1,0.9734244321783826,0.25884894335038755,1,68,4095,-0.31378486415938656,5
0,0,0,0,-1.2774445836787656,1,0,0,0,0,0,0,0,2,0,1,3,-0.3327480099521901,-0.9816250689167358,1,83,2614,2.4770477535142414,2
1,1,0,0,0.26992923768238775,1,2,1,0,0,0,0,2,2,0,1,0,1.0266019361836989,0.6526488165052885,1,65,4892,-0.387464583584004,5
0,0,0,0,-1.2774445836787656,1,2,1,0,0,0,0,2,2,0,1,2,0.9917041991802098,-0.964043929609966,1,96,4033,4.761549011999558,5
0,1,1,0,-0.055833672077855064,1,0,1,0,0,2,2,2,2,0,1,2,1.1346187411944968,0.27863599725022786,1,98,4050,-0.30727772949852505,6
1,1,0,0,-1.1960038562387048,1,2,1,0,0,0,0,0,0,0,1,2,0.37517751211857825,-0.9035136331761183,1,67,2930,1.5182451550658869,3
1,1,0,0,-1.2774445836787656,1,0,1,0,0,0,0,0,0,0,1,2,0.1657910900976468,-0.9750073251375251,1,69,5057,3.3369603978625415,2
1,0,1,1,-1.0331224013585834,0,1,0,2,0,0,2,0,0,0,1,2,-1.0057757950194701,-0.8825795036878816,1,93,3520,-0.16718362785678118,3
1,0,1,0,1.1657772395230555,1,2,1,0,2,2,0,2,2,0,1,2,1.3556377422165908,1.7654886104173673,1,86,5011,-0.46644247446250947,7
0,0,0,1,0.26992923768238775,0,1,0,0,0,2,0,0,0,0,0,1,-1.152013931034089,-0.5066695978827807,1,72,3106,-0.5753554963741075,2
1,0,1,0,-0.9109613101984924,1,0,1,0,0,0,0,0,0,0,1,2,0.18407085709947407,-0.6800986031899635,1,94,2162,0.07111640646337651,2
0,0,0,0,-1.2774445836787656,1,2,1,0,2,0,0,0,0,0,1,3,0.5131066631323666,-0.9703969636380083,1,90,3056,3.936032873425191,4
0,0,1,0,1.4100994218432374,1,2,1,2,0,0,2,0,2,1,1,1,0.9833952141793793,1.79195958553421,1,99,4348,-0.5025495591526182,6
1,0,1,1,-1.0738427650786138,1,0,0,0,0,0,0,0,0,0,1,0,-0.6700928009859131,-0.8907193285363109,1,90,4525,0.06888286712740697,1
0,0,0,0,-1.2774445836787656,1,0,2,1,1,1,1,1,1,0,1,3,-1.5009913010689746,-0.9971326485060197,1,91,4205,0.46198579025805847,8
0,1,0,0,0.025607055362205634,1,2,1,0,2,2,2,2,2,0,1,2,1.5184938482328711,0.6069422661368727,1,80,3401,-0.2891731961285449,8
1,0,0,0,-1.2367242199587352,1,0,1,0,0,0,0,0,0,0,0,1,0.19736523310080326,-0.9437053970618583,1,96,5317,2.0404032218840493,2
1,1,1,0,-1.0331224013585834,1,2,1,0,0,2,0,2,2,0,1,2,1.1462513201956595,-0.7121946605191356,1,90,2487,0.7608054341690926,6
1,0,1,0,-1.2774445836787656,1,0,1,0,0,0,2,2,0,0,1,2,0.6659919871476498,-0.9683675222123835,1,80,2627,4.199739417692003,4
1,0,0,0,0.7992939660427822,1,0,1,0,2,2,2,2,2,1,1,0,1.3373579752147637,1.3884536881698006,1,85,4630,-0.4344866621141065,7
1,0,0,0,-0.4223169455581282,1,2,0,2,0,0,0,0,0,0,1,2,-0.3427187919531868,-0.5084122704113062,1,71,2445,-0.390200102793199,3
0,0,1,0,0.5956921474426305,1,0,1,0,0,2,0,0,2,0,1,2,0.682609957149311,0.779091840980075,1,97,3631,-0.45788187457119256,4
0,0,0,0,0.025607055362205634,1,2,1,0,0,0,0,0,2,0,1,2,0.6177998741428321,0.2109364783889018,1,66,5456,-0.38055999088085446,4
1,0,0,0,-0.5851984004382496,0,1,0,0,2,2,0,0,0,0,1,1,-1.0390117350227925,-0.7410700825424252,1,82,5474,-0.4594784960014884,3
1,0,0,0,-0.3408762181180675,1,0,1,0,0,0,0,2,2,0,1,2,0.8504514541660894,-0.018191870393304842,1,67,5546,-0.24727015880041953,4
1,0,1,0,-1.2774445836787656,1,0,1,0,0,0,0,2,2,0,1,2,0.8637458301674186,-0.96574248384663,1,86,5460,4.540838099950162,4
0,0,0,0,-1.1552834925186746,1,2,1,0,2,0,0,2,0,0,0,3,0.8255244991635975,-0.8444612995196277,1,87,4689,1.392984546539151,5
1,0,0,0,-1.2367242199587352,0,1,0,0,0,2,0,2,2,0,1,2,-0.5155456799704636,-0.9659189570140757,1,90,5775,1.2206198342720032,4
1,0,0,1,-1.2774445836787656,1,0,2,1,1,1,1,1,1,0,0,3,-1.4960059100684764,-0.9970664710682275,1,92,2611,0.4705849167015414,8
0,0,0,0,-0.5444780367182193,1,2,1,2,2,0,0,0,2,0,1,2,1.0099839661820376,-0.21639329658066667,1,78,5830,-0.11616214429211533,6
1,0,0,0,-0.4223169455581282,1,2,1,2,0,0,0,2,2,0,1,0,1.2160467942026365,0.01648510700975942,1,77,4694,-0.1564035635471974,6
0,0,0,0,-1.1552834925186746,1,0,1,0,0,0,0,0,0,0,1,1,0.17576187209864347,-0.8880281127327652,1,89,3600,0.9446834212855708,2
1,0,1,0,-1.1552834925186746,1,2,1,0,0,0,0,0,0,0,1,2,0.32864719611392706,-0.8728073020405804,1,87,4013,1.0501660389922958,3
1,0,0,0,-1.1552834925186746,1,2,0,0,0,0,0,0,0,0,0,3,-0.4773243489666429,-0.9146314427251924,1,92,4399,0.4940891956470616,2
0,0,0,0,-1.0331224013585834,1,2,1,2,0,0,0,0,0,0,1,3,0.4948268961305394,-0.7389965228249392,1,81,4513,0.4799006370153147,4
1,1,0,0,-0.5444780367182193,1,2,1,0,0,2,0,0,0,0,1,2,0.5014740841312035,-0.3564688732406274,1,65,3715,-0.203873234015642,4
1,0,1,0,-1.1145631287986442,1,2,1,0,2,0,0,0,0,0,1,2,0.464914550127549,-0.8239683529500051,1,72,3401,0.8432137292524714,4
1,1,1,0,-0.9924020376385531,1,0,1,0,0,0,0,2,0,0,1,1,0.5214156481331973,-0.7483716598454877,1,100,3443,0.3632550792402907,3
0,0,0,0,-1.2774445836787656,1,2,0,0,0,0,0,0,0,0,1,3,-0.48729513096763954,-0.9836765694882912,1,90,4778,2.2104748337662685,2
1,0,1,0,-1.2367242199587352,1,0,1,0,0,2,0,0,0,0,0,2,0.3868100911197414,-0.9388082666652422,1,71,4340,2.2582477584522853,3
1,0,0,0,-1.1960038562387048,1,0,1,0,0,2,2,2,2,0,1,2,1.1279715531938321,-0.8762264696598393,1,72,3916,2.1674792015488538,6
0,1,0,0,-0.7888002190384014,1,2,1,2,0,0,0,2,2,0,1,2,1.1977670272008092,-0.4286684578718167,1,65,3269,0.1638827402173144,6
0,0,1,0,-0.1779947632379461,1,0,1,0,0,0,0,2,2,1,1,0,0.8421424691652587,0.14083251262112928,1,99,5958,-0.3054121144224246,4
1,0,0,0,-0.7073594915983407,1,2,0,0,0,0,0,0,0,0,0,2,-0.43910301796282214,-0.6680543095118,1,66,2087,-0.29222925822242984,2
1,1,0,0,-0.9109613101984924,1,0,1,0,0,0,0,0,2,0,1,2,0.4815325201292102,-0.6556791286446759,1,87,3856,0.16440389939570724,3
1,0,0,0,-1.1145631287986442,1,2,1,0,0,0,0,2,2,0,1,0,1.0000131841810405,-0.8016003789762729,1,69,5701,1.1508713642304187,5
0,0,0,0,-1.2367242199587352,1,2,1,0,0,0,0,0,2,0,1,2,0.6959043331506402,-0.9308669741301893,1,95,2187,2.613678318116249,4
0,0,0,0,-1.2774445836787656,1,0,0,0,0,0,0,0,0,0,0,3,-0.6767399889865777,-0.9861913121243912,1,76,3204,1.8837080289139145,1
1,1,0,0,-1.1145631287986442,1,0,1,0,0,0,0,2,2,0,1,2,0.8222009051632655,-0.7950267534889235,1,66,2718,1.048637305402343,4
1,1,1,0,-1.2774445836787656,1,2,1,0,0,0,0,2,0,0,1,2,0.7075369121518029,-0.967816043564116,1,96,4843,4.271398804721027,4
1,0,0,0,-1.1552834925186746,0,1,0,0,0,0,0,2,2,0,1,2,-0.6717545979860794,-0.9288816509964261,1,66,5605,0.3599428231287268,3
1,0,1,1,-0.055833672077855064,0,1,0,2,0,0,2,0,0,0,0,0,-0.9758634490164798,-0.5304052389042165,1,77,2067,-0.5347962833156794,3
0,0,0,0,-1.2774445836787656,1,2,1,0,0,0,0,2,2,0,0,3,1.0266019361836989,-0.9635806875454211,1,87,3473,4.82174289710394,5
0,0,0,0,-1.2774445836787656,1,0,2,1,1,1,1,1,1,0,0,3,-1.4561227820644893,-0.9965370515658908,1,70,4285,0.5393779282494053,8
0,1,0,0,-0.9109613101984924,0,1,0,0,0,0,0,0,2,0,1,2,-0.9991286070188055,-0.8602777071519415,1,92,3244,-0.29994892855237476,2
0,0,0,0,-0.7073594915983407,1,0,2,1,1,1,1,1,1,0,0,0,-1.4960059100684764,-0.8746161520068981,1,69,2428,-0.5201061089747293,8
1,0,1,0,-0.62591876415828,1,2,1,0,0,0,0,2,2,0,1,2,0.9235705221733989,-0.3373435937187084,1,99,5775,-0.07211550773160799,5
1,1,1,0,0.8400143297628127,1,2,0,2,0,0,2,0,0,1,1,2,-0.15659752793458118,0.4190865793910105,1,77,5271,-0.534132770472818,4
1,1,1,0,-0.6666391278783103,1,0,1,0,2,0,0,0,0,0,1,1,0.3170146171127639,-0.485956059853851,1,81,2076,-0.16052352012114243,3
1,0,0,0,-0.9516816739185228,1,2,1,0,0,0,0,2,0,0,1,2,0.684271754149477,-0.671098471650237,1,89,2752,0.3169471909113118,4
0,0,0,0,-0.30015585439803716,1,0,0,2,2,2,2,2,0,1,0,3,0.3170146171127639,-0.18350310999798927,1,85,5175,-0.3339846318181886,6
0,0,0,0,-1.1552834925186746,1,0,1,0,0,2,2,2,2,0,1,0,1.1080299891918384,-0.8309390430641072,1,87,2895,1.587898079258099,6
0,0,0,0,0.7178532386027215,1,2,1,2,2,0,2,2,2,2,1,2,1.4919050962302134,1.4432927249535266,1,84,5855,-0.4151251069772077,8
0,1,0,0,-0.9516816739185228,1,2,1,0,0,0,0,0,0,0,1,2,0.32532360211359457,-0.7309669937061635,1,69,3145,0.19311977012515658,3
1,0,0,0,-1.1960038562387048,1,2,1,0,0,2,0,2,2,0,1,2,1.2027524182013078,-0.8602115297141493,1,81,5351,2.2319726498749763,6
1,0,0,0,-0.9109613101984924,1,0,1,0,0,2,0,2,2,0,1,2,1.001674981181207,-0.543045129522509,1,83,2832,0.3275267222326878,5
1,1,1,0,-0.015113308357824713,1,2,1,0,0,2,2,2,2,0,1,2,1.3340343812144315,0.4728667771700632,1,79,3966,-0.29716941293427923,7
1,0,1,0,-0.9516816739185228,0,1,0,0,0,0,0,0,0,1,0,0,-1.3514295710540236,-0.8911605114549249,1,82,3195,-0.3853148019731333,1
1,0,1,0,1.369379058123207,1,2,1,0,2,0,2,2,2,1,1,2,1.3057838322116073,2.033970475539947,1,95,5504,-0.4835758647362763,7
1,0,0,0,-1.1960038562387048,1,0,1,0,0,2,2,2,0,0,1,3,0.7839795741594444,-0.8901678498880433,1,93,5202,1.8708093392486898,5
1,0,1,0,-0.13727439951791576,1,0,1,2,0,0,0,2,2,0,0,1,0.9933659961803764,0.1629798951355547,1,70,5150,-0.29989681263453544,5
1,1,1,0,-1.2774445836787656,1,2,1,0,0,0,0,0,0,0,1,2,0.32033821111309646,-0.9729558245659697,1,91,5429,3.603533317610515,3
0,0,1,1,0.35136996512244845,1,2,0,2,2,2,2,0,2,0,0,1,0.50313588113137,0.4616827901831969,1,84,4734,-0.4435158736477547,7
1,1,0,0,-0.9924020376385531,1,0,1,0,0,0,0,0,0,0,1,2,0.16412929309748078,-0.7583423938061653,1,88,3068,0.22630602847370948,2
0,1,1,0,-0.8295205827584317,1,2,1,0,2,2,0,2,0,0,1,2,1.1080299891918384,-0.5380377033962396,1,97,2709,0.2035710161103128,6
0,0,0,0,-1.2774445836787656,1,0,2,1,1,1,1,1,1,0,0,3,-1.4710789550659844,-0.996735583879267,1,76,3820,0.5135805489189564,8
0,1,1,0,-1.1552834925186746,1,2,1,2,0,0,0,2,2,0,1,2,1.157883899196822,-0.8524025920546806,1,77,4708,1.6222945850320312,6
0,0,0,0,-1.2774445836787656,1,0,1,0,0,0,0,0,2,0,1,2,0.5712695581381809,-0.9696248935304337,1,85,5622,4.0363560152658255,3
1,0,1,0,-1.0331224013585834,1,0,1,0,0,0,0,0,0,0,1,2,0.15249671409631763,-0.8067622191240572,1,82,4292,0.33228229973552303,2
0,0,0,0,-1.0738427650786138,1,0,1,0,0,0,0,2,2,0,1,2,0.8753784091685812,-0.8049092508658783,1,68,2266,0.8305197806930441,4
1,0,1,0,-0.748079855318371,1,2,1,0,0,0,0,2,0,0,1,2,0.7091987091519689,-0.46067627861726596,1,89,2177,-0.0035135878824881293,4
1,0,0,0,-0.30015585439803716,1,2,1,0,0,0,0,2,2,0,1,0,0.9950277931805424,0.036338338347391655,1,82,5641,-0.24402453979405875,5
1,0,1,0,-0.4223169455581282,1,2,1,0,0,0,0,0,2,0,1,2,0.6759627691486464,-0.17913539910371015,1,68,5248,-0.2374098271452257,4
0,0,1,0,1.1657772395230555,1,2,1,0,2,0,0,2,2,0,1,2,1.1429277261953275,1.6457515663055142,1,77,5612,-0.4782778312879484,6
1,1,1,0,1.5322605130033284,1,2,1,0,2,2,0,2,2,0,1,2,1.2692242982079527,2.1272806628268186,1,99,5005,-0.4953836204497157,7
1,0,0,0,-1.2774445836787656,1,0,0,0,0,0,0,0,0,0,1,3,-0.6551366279844181,-0.985904543227292,1,73,2644,1.9209709101690073,1
0,1,0,0,-1.2774445836787656,1,0,1,0,0,0,0,0,0,0,1,2,0.2073360151017999,-0.9744558464892575,1,72,5345,3.4086197848915667,2
0,1,1,0,0.5956921474426305,1,0,1,0,0,0,0,0,0,0,0,0,0.19237984210030468,0.4542047397126888,1,82,4457,-0.4931144065271299,2
0,0,0,0,-1.2774445836787656,1,0,1,0,0,0,0,0,2,0,1,2,0.4964886931307054,-0.9706175550973154,1,75,2066,3.907369118613581,3
1,0,0,0,-0.4223169455581282,1,2,0,2,2,0,0,0,0,0,0,2,-0.19149526493806968,-0.4522276257258069,1,77,2195,-0.3675183489857511,4
0,0,0,0,0.6364125111626608,1,0,0,2,0,2,2,0,0,1,1,1,-0.1466267459335843,0.27206237176287845,1,69,2681,-0.520420532815775,4
0,1,1,0,-1.2774445836787656,1,0,1,0,0,0,0,0,0,0,1,2,0.14917312009598557,-0.9752279165968321,1,87,4568,3.3082966430509315,2
1,0,0,0,-0.30015585439803716,1,0,1,0,0,0,0,0,0,0,0,3,0.20567421810163386,-0.22605520249831437,1,75,4881,-0.34875749006724915,2
1,0,1,0,-0.5037576729981889,1,0,1,0,0,0,0,2,2,0,1,3,0.8055829351616043,-0.20262838951990828,1,78,4594,-0.17571450726499843,4
1,0,1,0,-0.5851984004382496,1,2,1,2,0,0,0,2,2,0,1,2,1.1512367111961581,-0.23682006571249714,1,86,2421,-0.061806613457256944,6
0,0,0,0,-1.2774445836787656,1,0,1,0,0,2,0,0,0,0,0,0,0.29042586511010604,-0.9733528891927223,1,74,4378,3.5519385589496166,3
1,0,0,0,-0.9516816739185228,1,2,1,0,0,0,0,2,2,0,1,2,1.0216165451832002,-0.6399950758879465,1,90,5007,0.4333220354464485,5
0,0,1,0,-0.1779947632379461,1,0,1,2,0,0,0,2,2,0,1,3,0.9169233341727343,0.1425751851496549,1,71,2990,-0.29651646637744217,5
1,0,0,0,-0.8702409464784621,1,0,1,0,2,0,0,0,0,0,1,2,0.32532360211359457,-0.6419142215839175,1,81,4601,0.050660908711454795,3
1,1,0,0,-0.8295205827584317,1,0,1,0,2,2,2,0,0,0,1,3,0.6327560471443273,-0.5514717232680374,1,78,5565,0.07745049493922884,5
1,1,0,0,0.8400143297628127,0,1,0,0,2,2,0,2,2,0,1,2,-0.3427187919531868,0.25359886661888054,1,65,6280,-0.5460229206168934,5
1,1,1,0,0.35136996512244845,1,2,1,0,0,2,0,2,2,0,1,2,1.1645310871974868,0.8733505715419668,1,76,4726,-0.3891912335762272,6
0,0,1,0,-0.5037576729981889,1,2,1,0,2,2,0,2,2,0,1,0,1.3656085242175875,-0.017684510036898644,1,84,4223,-0.08371750372678348,7
0,0,0,0,-1.0331224013585834,1,2,1,0,0,0,0,0,0,0,0,3,0.35523594811658493,-0.7936811455871506,1,75,2872,0.41970675191093365,3
1,0,0,0,-1.0331224013585834,1,2,1,0,0,0,0,2,2,0,1,2,0.966777244177718,-0.7253639706397651,1,79,3506,0.6834132961777456,5
1,0,0,0,-0.4223169455581282,1,2,1,2,0,0,0,2,2,0,1,2,1.1961052302006432,-0.08150161921442096,1,98,4152,-0.1593945640492785,6
0,0,1,1,-1.1960038562387048,0,1,0,0,0,0,2,0,0,0,1,3,-1.1221015850310987,-0.9638453972965895,1,67,5122,0.22694300080285637,2
1,0,0,0,0.758573602322752,1,2,1,0,0,2,0,0,0,0,0,1,0.5064594751317021,0.8658725210714587,1,91,4769,-0.48524106105483833,4
1,1,0,0,-1.1145631287986442,1,0,1,0,0,0,0,0,0,0,1,3,0.18240906009930805,-0.8593512230228519,1,89,3684,0.6807857853200148,2
0,0,1,0,1.2064976032430856,1,0,1,0,2,2,0,2,2,0,1,2,1.1761636661986499,1.7663047988168032,1,93,4120,-0.4793683161740224,6
1,0,0,0,-0.1779947632379461,1,2,1,2,2,0,0,0,2,0,1,1,0.9883806051798778,0.1675020200513487,1,80,5433,-0.28801618046779226,6
1,0,0,0,-0.9109613101984924,0,1,0,0,0,0,0,0,2,0,1,3,-1.0257173590214634,-0.8741087916504919,1,84,2529,-0.30828747540666135,2
1,1,1,0,1.4915401492832983,1,2,1,0,2,0,0,2,0,0,1,2,0.8371570781647607,1.704473012773044,1,82,6363,-0.5143016986253783,5
1,0,0,0,-0.8295205827584317,1,2,1,0,0,0,0,2,0,0,1,2,0.6543594081464871,-0.5383244722933387,1,100,3330,0.08318324590155082,4
1,0,0,0,-0.21871512695797646,1,2,1,0,0,0,2,0,0,0,1,2,0.4898415051300408,-0.04375842052698894,1,100,2518,-0.33609504013948294,4
1,0,1,0,-1.2774445836787656,1,0,1,0,0,0,0,2,2,0,0,3,0.8105683261621028,-0.9664483765164125,1,68,3123,4.44911408455301,4
1,1,0,0,-0.748079855318371,1,2,1,0,0,0,0,0,0,0,1,2,0.3386179781149237,-0.548383442837739,1,70,2075,-0.08874048552234175,3
0,1,0,0,-0.015113308357824713,1,0,1,0,2,0,0,0,0,0,1,2,0.32033821111309646,-0.0012283871725947124,1,90,2091,-0.40313844587417075,3
0,0,0,0,-1.1960038562387048,1,0,0,0,0,0,0,0,2,0,1,2,-0.31446824295036285,-0.9192418042247091,1,96,3190,0.9234722427249793,2
0,0,1,1,-0.4223169455581282,1,0,0,0,2,0,2,0,0,0,0,2,-0.3194536339508612,-0.47369117471638045,1,79,5115,-0.38671060220743775,3
0,0,1,0,-0.6666391278783103,1,2,1,0,0,0,0,2,0,0,1,2,0.6709773781481484,-0.3977194761310411,1,67,3075,-0.08869552276969613,4
1,0,0,0,-1.1145631287986442,0,1,0,2,2,2,2,0,0,0,1,3,-0.7149613199903985,-0.9091607745343782,1,67,5824,0.16483819871103467,5
1,0,1,0,-0.38159658183809786,1,2,0,0,0,0,0,0,0,1,1,1,-0.5454580259734538,-0.5349714821118718,1,83,4580,-0.4306513075001631,2
1,0,0,0,-1.2774445836787656,1,0,1,0,0,0,0,2,0,0,1,2,0.4915033021302069,-0.9706837325351073,1,72,5593,3.8987699921700973,3
0,1,1,0,0.7178532386027215,1,0,1,0,0,0,0,0,0,0,1,2,0.2089978121019659,0.5140291434767539,1,94,5746,-0.5019032195833368,2
1,0,0,0,-1.2774445836787656,1,2,1,0,0,0,0,2,0,0,0,2,0.6560212051466532,-0.9684998770879678,1,73,4340,4.182541164805037,4
1,0,1,0,1.5729808767233588,1,2,1,0,2,2,2,2,2,2,1,1,1.4570073592267243,2.3873138750579392,1,97,4982,-0.4886954109936734,8
1,0,0,0,0.5549717837226001,0,1,0,0,2,0,0,0,0,0,0,0,-1.1453667430334245,-0.3969032877316051,1,95,2243,-0.587717502970519,2
0,1,0,0,-1.2367242199587352,0,1,0,0,0,2,0,0,0,0,1,2,-1.1420431490330922,-0.97108079716186,1,90,4002,0.5002041300068717,2
0,0,0,0,-1.2774445836787656,1,0,0,0,0,0,0,0,0,0,1,3,-0.6435040489832552,-0.9857501292057771,1,67,2168,1.9410355385371345,1
0,0,1,0,-0.015113308357824713,1,0,1,0,2,0,0,0,2,0,0,0,0.6443886261454905,0.13509713467914664,1,74,4017,-0.36926309927863166,4
0,0,0,0,-1.1960038562387048,1,0,2,1,1,1,1,1,1,0,0,2,-1.4960059100684764,-0.9798162189504183,1,83,2647,-0.09552424082775617,8
0,0,0,0,-1.1145631287986442,1,0,1,0,0,0,2,0,2,0,1,1,0.6859335511496436,-0.8178800286731313,1,90,3716,0.9702897089172758,4
1,0,0,0,0.6771328748826912,1,2,1,0,0,0,0,0,0,0,0,1,0.3469269631157543,0.6170232958272039,1,90,5283,-0.489192249410408,3
0,0,0,0,-0.62591876415828,1,2,0,0,0,2,0,0,0,1,1,3,-0.29618847594853537,-0.5921708475101835,1,76,5472,-0.3058843525285162,3
1,1,0,0,-0.38159658183809786,1,2,1,0,2,2,0,2,2,0,1,2,1.3838882912194153,0.08989794466713733,1,79,5507,-0.1533294796978363,7
1,0,0,0,-1.0738427650786138,1,0,1,0,2,0,0,0,2,0,1,2,0.6526976111463211,-0.7603277169399285,1,77,4539,0.7207785479857375,4
0,0,0,0,-1.0738427650786138,1,0,0,2,2,0,0,0,0,0,0,2,-0.28289409994720643,-0.8341155600781284,1,95,4110,0.25970157773041075,3
0,1,0,0,-1.2367242199587352,1,2,1,0,0,0,0,2,0,0,1,2,0.6909189421501416,-0.9230800956166515,1,86,5512,2.6079455671539273,4
0,0,0,0,-1.1552834925186746,1,0,0,0,2,0,0,2,2,0,1,0,0.12923155609399228,-0.8905207962229346,1,76,5274,0.9125800158965677,4
1,0,0,0,-1.1552834925186746,1,0,1,0,0,0,0,2,0,0,0,2,0.4350022041245586,-0.8737779044615314,1,65,2140,1.123545251310017,3
1,0,0,0,-1.1960038562387048,1,2,1,0,2,2,0,2,2,0,1,0,1.3489905542159264,-0.8631674552688635,1,65,3662,2.3580931710460598,7
0,0,0,0,-0.9924020376385531,1,2,1,0,0,0,0,2,0,0,1,2,0.7407728521551253,-0.6695543314350878,1,69,2545,0.44733542668767995,4
1,0,0,0,-1.2774445836787656,1,0,0,0,0,0,0,2,0,0,1,3,-0.3742929349563432,-0.9821765475650034,1,80,5094,2.4053883664852167,2
0,0,0,0,-1.2774445836787656,0,1,0,0,0,0,0,0,0,0,1,3,-1.3181936310507012,-0.9947061424536424,1,79,4769,0.7772870931857685,1
1,1,1,0,-0.0965540357978854,1,0,1,0,2,2,0,0,0,0,1,3,0.4948268961305394,0.03768394624916459,1,73,2174,-0.3670439698738619,4
0,0,0,0,-1.1145631287986442,1,0,0,2,0,0,2,0,0,0,0,2,-0.3510277769540174,-0.8697851990480742,1,78,5476,0.37408360883578773,3
0,1,0,0,-1.2774445836787656,1,0,2,1,1,1,1,1,1,0,1,2,-1.505976692069473,-0.9971988259438118,1,78,3848,0.4533866638145754,8
1,0,1,0,1.6137012404433893,1,2,1,0,2,2,0,2,2,2,1,2,1.284180471209448,2.246907411209018,1,83,5055,-0.49923163136963045,7
0,0,0,0,-0.7888002190384014,1,2,1,0,2,2,0,0,0,0,1,2,0.6543594081464871,-0.5387435960660221,1,74,5801,0.029982057025936246,5
0,1,1,0,-0.015113308357824713,1,2,1,0,0,0,0,2,0,0,1,1,0.7042133181514708,0.15391358615803588,1,74,2431,-0.3630091891379168,4
0,1,0,0,-0.6666391278783103,1,0,0,0,0,0,2,2,0,0,0,2,-0.17820088893674074,-0.5540526433419295,1,87,5556,-0.26101527228419863,3
0,0,0,0,-0.13727439951791576,0,1,0,0,2,0,0,0,0,0,1,2,-1.1353959610324276,-0.6279728413557136,1,77,3615,-0.544685278725685,2
0,1,0,0,0.22920887396235737,1,2,1,0,0,0,2,2,2,0,1,2,1.156222102196656,0.64170748012366,1,100,3474,-0.36896911204979466,6
0,0,0,0,-0.62591876415828,1,0,1,0,0,0,0,0,0,0,1,2,0.17410007509847744,-0.5008459833570752,1,70,4390,-0.21575276795423146,2
0,0,0,0,-1.2774445836787656,1,0,0,0,0,0,0,0,0,0,1,2,-0.6468276429835875,-0.9857942474976384,1,86,2293,1.9353027875748123,1
1,0,0,0,-1.2367242199587352,0,1,0,0,0,0,2,0,0,0,0,0,-1.1603229160349193,-0.9724264050636329,1,95,4268,0.4791840431450245,2
1,1,0,0,-1.2367242199587352,1,0,1,0,2,2,2,0,2,0,1,1,1.0083221691818711,-0.9262566126306726,1,90,4486,2.9729307117550947,6
1,0,0,0,-1.2774445836787656,1,0,2,1,1,1,1,1,1,0,0,3,-1.4943441130683104,-0.9970444119222968,1,96,5600,0.47345129218270243,8
0,0,0,0,-1.1552834925186746,1,0,1,0,2,0,0,0,0,0,1,0,0.395119076120572,-0.8586012120612081,1,97,4580,1.0960280466908718,3
0,0,1,0,-1.1145631287986442,1,0,1,0,2,0,2,2,2,0,1,3,1.1429277261953275,-0.8006077174093913,1,74,2283,1.2330407946903676,6
1,0,0,0,-0.9516816739185228,1,0,0,0,0,0,0,0,0,0,0,3,-0.6584602219847502,-0.8156299957881996,1,66,5023,-0.14625908684430586,1
1,0,1,0,-0.5851984004382496,1,0,0,0,0,2,0,0,0,0,1,3,-0.5055748979694671,-0.6182668171462046,1,97,2815,-0.36262517711173253,2
1,0,0,0,-0.30015585439803716,1,0,1,0,2,0,0,2,2,0,1,2,1.0349109211845293,0.0745668382452991,1,68,2241,-0.23873276967499227,5
1,1,1,0,-0.62591876415828,1,0,1,0,0,0,0,0,2,0,0,0,0.5563133851366857,-0.41935949828906016,1,79,3443,-0.14250095010233924,3
1,0,1,0,0.7992939660427822,1,0,1,2,0,0,0,2,0,0,0,2,0.642726829145324,0.912770265320132,1,75,6216,-0.47969967913770273,4
1,1,1,0,-1.1960038562387048,0,1,0,0,0,0,0,2,0,0,1,3,-0.9409657120129912,-0.9644409942367187,1,89,3766,0.38316046452613095,2
0,1,0,0,-1.2774445836787656,0,1,0,0,0,0,0,0,0,0,0,3,-1.3198554280508674,-0.994728201599573,1,65,4842,0.7744207177046074,1
0,0,0,0,-0.9924020376385531,1,0,0,2,0,0,0,0,0,0,1,2,-0.49560411596847015,-0.8445054178114891,1,75,2269,-0.026571986197605448,2
0,1,1,0,0.43281069256250915,0,1,0,0,2,2,0,2,2,0,0,1,-0.30615925794953225,0.027558798266972027,1,85,2573,-0.5168814365584232,5
0,0,1,0,-0.4223169455581282,1,0,0,0,2,0,0,2,2,1,1,0,0.1574821050968162,-0.3447995850432858,1,94,5922,-0.3151758401993328,4
1,0,1,0,0.880734693482843,1,2,1,0,2,2,0,2,2,0,1,2,1.3140928172124378,1.322849788171891,1,77,4019,-0.444205789131532,7
0,0,0,0,-1.2774445836787656,1,2,1,0,0,0,0,2,2,0,1,2,0.966777244177718,-0.9643748167989264,1,78,3014,4.7185533797821435,5
0,0,1,1,-1.2774445836787656,1,0,0,0,0,2,0,0,0,0,0,3,-0.4756625519664766,-0.9835221554667763,1,75,2426,2.230539462134396,2
0,0,0,0,-1.0331224013585834,1,2,0,0,0,0,2,2,2,0,1,2,0.32864719611392706,-0.7758794148210738,1,67,4612,0.4082412499862897,5
0,0,0,0,-0.8295205827584317,1,2,1,0,0,0,0,2,2,0,1,2,0.9784098231788811,-0.5442583825486977,1,73,3975,0.16917451033638084,5
0,0,1,0,0.880734693482843,1,2,1,2,2,0,0,2,2,1,0,0,1.3888736822199135,1.5368896811374975,1,90,4893,-0.4395153565259958,7
1,0,0,0,-1.2774445836787656,1,0,2,1,1,1,1,1,1,0,0,3,-1.4843733310673135,-0.9969120570467127,1,80,5747,0.49064954506966846,8
0,0,1,0,-0.38159658183809786,1,0,1,0,2,2,2,0,0,0,0,2,0.6327560471443273,-0.16742199261450713,1,80,5737,-0.261296289488234,5
1,0,0,0,-1.1960038562387048,1,0,0,0,0,0,0,2,0,0,0,3,-0.3194536339508612,-0.935565572213429,1,78,5698,0.9191726795032379,2
1,1,1,0,-0.9109613101984924,1,2,1,0,0,0,0,0,2,0,1,2,0.7274784761537967,-0.6278404864801294,1,84,4990,0.2415354577978579,4
0,1,0,0,0.18848851024232702,1,2,1,2,2,0,0,2,2,0,1,0,1.395520870220578,0.783988971376691,1,92,5849,-0.33954331139501504,7
1,0,0,0,-0.055833672077855064,1,0,1,0,2,0,2,0,0,0,1,2,0.45494376812655235,0.06856675055214806,1,72,3091,-0.3805494527357031,4
0,0,1,0,0.06632741908223598,1,2,1,0,0,2,0,2,0,0,0,2,0.7540672281564545,0.26224605182371585,1,98,3358,-0.37515964312559147,5
1,0,1,0,-0.13727439951791576,1,0,1,0,0,0,0,0,0,0,1,2,0.19902703010096928,-0.13453180603182976,1,73,2663,-0.39123864463419933,2
1,1,1,0,-0.8295205827584317,1,2,1,0,2,0,0,2,2,0,1,2,1.2160467942026365,-0.46817638823370483,1,68,3967,0.23223477092192282,6
1,0,0,0,-1.2774445836787656,1,2,1,2,0,0,0,0,0,0,1,2,0.5629605731373504,-0.9697351892600873,1,83,5574,4.022024137860021,4
1,0,0,0,0.025607055362205634,1,0,1,0,0,0,0,0,0,0,0,2,0.11593718009266311,-0.04790553996196105,1,100,5647,-0.4314803082520675,2
0,0,0,0,-1.1552834925186746,1,0,1,0,0,0,0,0,2,0,1,2,0.47820892612887816,-0.8658145527805478,1,68,5762,1.1533555563140918,3
1,1,0,0,0.10704778280226633,1,2,1,0,0,0,0,2,2,0,1,2,1.0199547481830342,0.5269116847002843,1,91,2080,-0.35763835427170093,5
1,0,1,0,-0.5444780367182193,1,2,1,0,0,0,2,2,2,1,1,2,1.2027524182013078,-0.1783192107042742,1,73,4072,-0.08291218871064772,6
0,0,1,0,-1.2774445836787656,1,0,1,0,0,0,0,0,0,0,1,3,0.14418772909548702,-0.9752940940346242,1,92,4779,3.2996975166074485,2
0,1,0,0,-1.2774445836787656,1,0,1,0,0,0,0,0,0,0,1,2,0.16080569909714826,-0.9750735025753172,1,74,2151,3.3283612714190585,2
1,0,0,0,-0.055833672077855064,1,2,1,0,2,2,0,2,2,1,1,2,1.285842268209614,0.3470855270731975,1,65,5387,-0.29097521894942185,7
0,0,0,0,-1.1552834925186746,1,2,1,0,2,0,0,0,0,0,0,0,0.4383257981248911,-0.8709763929283322,1,89,5365,1.125838351694946,4
0,1,0,0,-1.2774445836787656,1,0,1,0,0,0,0,2,0,0,0,2,0.45494376812655235,-0.9711690337455829,1,67,2139,3.8357097315845556,3
1,0,0,0,-0.9109613101984924,0,1,0,0,0,2,0,0,0,0,0,3,-1.1719554950360824,-0.8931678937346188,1,69,3797,-0.35414948310523736,2
0,0,0,0,-1.2367242199587352,1,0,0,2,0,0,0,2,2,0,1,2,0.19902703010096928,-0.9409700629664511,1,72,3257,2.0423141388714896,4
0,1,0,0,-0.9516816739185228,1,2,1,0,0,0,0,0,2,0,1,2,0.6543594081464871,-0.6693778582676422,1,95,3543,0.30662823917913223,4
1,0,0,0,-1.1552834925186746,1,2,1,0,0,0,0,0,2,0,1,2,0.6942425361504742,-0.8562629425925535,1,87,2330,1.302407081334464,4
1,1,0,0,0.22920887396235737,1,0,0,0,2,2,2,2,0,1,1,1,0.179085466098976,0.09600832808994188,1,82,2645,-0.45540135732788023,5
1,1,0,0,0.758573602322752,1,2,1,0,0,2,0,2,2,0,1,2,1.0980592071908417,1.1618842003155554,1,81,6204,-0.4459937660050954,6
1,0,0,0,-1.2774445836787656,1,0,0,0,0,0,0,0,0,0,0,3,-0.613591702980265,-0.9853530645790245,1,73,3017,1.9926302971980323,1
0,0,0,0,0.35136996512244845,1,2,1,0,2,2,0,2,2,0,1,2,1.3805646972190828,0.9545944060047439,1,85,5383,-0.3714470044071353,7
0,0,0,0,-0.8295205827584317,1,0,1,0,0,2,2,0,2,0,1,2,0.8188773111629334,-0.5223977689313715,1,79,5047,0.12684034938384917,5
0,1,0,0,-1.1145631287986442,1,2,1,0,0,0,0,2,0,0,1,1,0.611152686142168,-0.8089901928630582,1,96,2516,0.9272940766998609,4
1,0,0,0,-0.9109613101984924,1,2,1,0,0,0,0,0,0,0,1,3,0.31202922611226586,-0.6476275403799695,1,90,4231,0.11124566319963057,3
0,0,1,0,-0.8702409464784621,1,2,1,0,0,2,0,2,2,0,1,2,1.15456030519649,-0.5394715478817352,1,84,5286,0.28904780289467796,6
1,0,0,0,-1.2774445836787656,1,0,0,0,0,0,0,0,0,0,1,3,-0.6850489739874083,-0.9863016078540446,1,97,4773,1.8693761515081095,1
0,0,0,0,-0.6666391278783103,1,0,0,0,2,0,2,0,0,0,1,3,-0.36099855895501426,-0.6377671021489455,1,65,5091,-0.2981095432168704,3
0,0,0,0,-1.2774445836787656,1,2,1,0,0,0,0,0,2,0,1,3,0.6875953481498096,-0.9680807533152845,1,100,2318,4.237002298947096,4
0,0,1,1,-1.1552834925186746,1,2,0,0,0,0,0,0,0,0,0,3,-0.4623681759651477,-0.9000944655568595,1,90,5386,0.5044081473792412,2
0,0,0,1,-1.2774445836787656,1,0,0,0,0,2,0,0,2,0,0,2,-0.18484807693740507,-0.9796618049289033,1,65,5020,2.732155171337571,3
1,0,0,0,-0.7888002190384014,1,0,1,0,0,2,0,2,0,0,1,2,0.612814483142334,-0.537861230228794,1,86,4028,0.019745001736075518,4
0,0,0,0,-1.2774445836787656,1,0,0,2,2,0,0,0,0,0,1,2,-0.32776261895169184,-0.9815588914789437,1,89,2833,2.4856468799577245,3
0,0,1,0,-0.46303730927815856,1,2,1,2,0,2,0,2,2,0,1,2,1.300798441211109,-0.011265298571064342,1,91,3769,-0.12014901200682113,7
0,0,1,1,-0.8702409464784621,1,0,2,1,1,1,1,1,1,0,1,3,-1.5126238800701375,-0.9262345534847418,1,69,5638,-0.47770763831588947,8
0,1,0,0,-1.2367242199587352,1,2,1,0,0,0,0,0,0,0,1,3,0.35523594811658493,-0.9358964594023895,1,65,3350,2.221940335690913,3
0,1,0,0,-1.2367242199587352,1,0,0,2,2,0,0,0,0,0,0,3,-0.32942441595185784,-0.9598085735912711,1,96,3016,1.434642536865358,3
1,1,1,0,-1.2774445836787656,1,2,1,0,0,0,0,2,2,0,1,2,1.0083221691818711,-0.9638233381506589,1,70,5795,4.790212766811169,5
1,0,1,0,-1.0738427650786138,1,2,1,0,0,0,0,0,0,0,1,2,0.356897745116751,-0.8125417153579013,1,88,5838,0.5750028806581208,3
0,0,1,0,-1.1552834925186746,1,0,1,0,0,2,0,0,0,0,1,2,0.29873485011093664,-0.8621968528479126,1,83,5026,1.0295281355279364,3
1,0,0,0,-0.8295205827584317,1,2,1,0,0,0,0,2,2,0,1,2,1.0398963121850275,-0.49925772485006464,1,89,2577,0.1854908015368357,5
0,0,0,0,-1.1552834925186746,1,2,1,0,2,0,0,0,2,0,1,2,0.8039211381614382,-0.8490716610191446,1,72,5948,1.3780793940371139,5
0,0,0,0,-1.1552834925186746,1,0,0,0,2,0,0,0,0,0,0,1,-0.467353566965646,-0.9390288581245493,1,90,4930,0.5009684968018481,2
1,0,0,0,-1.1960038562387048,1,0,0,0,0,0,0,2,0,0,0,1,-0.3776165289566755,-0.922528616968384,1,65,2755,0.8690111085829204,2
1,1,1,0,0.8400143297628127,1,2,1,0,2,0,0,2,2,0,1,2,1.2343265612044643,1.442520654845952,1,94,5884,-0.4452751305568271,6
0,0,1,0,1.4508197855632678,1,2,1,0,0,0,0,2,0,1,1,2,0.6061672951416694,1.5026980049449086,1,86,4714,-0.5237150418722056,4
1,0,0,1,-1.2774445836787656,1,0,0,2,0,0,0,0,0,0,0,3,-0.47067716096597834,-0.9834559780289841,1,82,3677,2.2391385885778785,2
1,0,0,0,-0.9109613101984924,1,0,1,0,0,0,0,2,2,0,1,2,0.8222009051632655,-0.6249948566550688,1,84,4206,0.2712415309662537,4
1,0,0,0,-1.2774445836787656,1,0,1,0,0,0,0,0,0,0,1,2,0.16745288709781284,-0.9749852659915943,1,90,4154,3.3398267733437024,2
1,1,1,0,0.758573602322752,1,2,1,2,0,2,0,2,0,0,1,0,0.9651154471775519,1.0902581534785643,1,83,4788,-0.4548133828702062,6
1,0,1,0,-0.3408762181180675,1,2,1,0,0,2,0,2,2,0,1,2,1.2060760122016398,0.04944147103022905,1,66,4766,-0.19819781056294322,6
1,0,1,0,-0.5851984004382496,1,2,1,0,0,0,0,2,2,0,1,2,0.9950277931805424,-0.2610851262362699,1,72,2206,-0.09016864453400801,5
1,1,1,0,1.6137012404433893,1,2,1,0,2,2,0,2,2,2,1,0,1.3091074262119398,2.386894751285256,1,74,5925,-0.49805366884312596,7
1,0,1,1,-1.1552834925186746,1,0,0,0,0,0,2,0,2,0,0,1,-0.11006721192992953,-0.9045062947429998,1,83,2131,0.7474767881816942,3
1,0,0,0,-1.2774445836787656,1,0,1,0,0,0,0,2,2,0,1,2,0.8570986421667539,-0.9658307204303528,1,89,3898,4.5293725980255175,4
0,0,0,0,-0.2594354906780068,1,0,1,0,0,0,0,2,2,0,1,0,0.7989357471609396,-0.0023754627609912015,1,82,4910,-0.2845457795020955,4
1,0,0,0,-1.0331224013585834,1,2,1,0,0,0,0,0,2,0,1,3,0.6792863631489789,-0.7399450660999595,1,86,3905,0.5594425566175324,4
1,1,0,0,-1.1145631287986442,1,0,1,0,0,0,0,2,2,0,1,2,0.8853491911695783,-0.8073578160641862,1,78,2834,1.084944728163716,4
1,0,1,0,0.3920903288424788,1,2,1,0,0,2,2,2,2,0,1,0,1.3755793062185846,0.9851463231187668,1,93,2265,-0.3785954845661326,7
0,0,0,0,-1.1552834925186746,1,0,0,0,0,0,0,0,0,0,1,3,-0.6468276429835875,-0.918888857889818,1,99,3443,0.37714107601569263,1
1,0,0,0,-1.2367242199587352,1,2,1,0,0,0,0,0,0,0,1,1,0.28211688010927544,-0.9479628122264837,1,78,2919,2.137859988243523,3
1,0,1,1,-0.9924020376385531,1,0,0,0,0,2,0,0,0,0,1,2,-0.45572098796448335,-0.8226668633400938,1,77,3758,-0.011284650298080167,2
0,0,1,0,-0.9516816739185228,1,2,1,0,0,0,0,2,0,0,1,0,0.684271754149477,-0.6728411441787624,1,95,2445,0.3169471909113118,4
1,1,0,0,-1.2774445836787656,1,2,1,0,0,0,0,0,0,0,1,2,0.35191235411625243,-0.9725367007932865,1,92,4403,3.6579944517525735,3
1,0,0,0,0.43281069256250915,1,0,1,2,0,0,0,0,0,0,1,2,0.3469269631157543,0.4053878497680442,1,68,4673,-0.4656775472813199,3
0,0,0,0,-1.2774445836787656,1,0,2,1,1,1,1,1,1,0,0,3,-1.4577845790646555,-0.9965591107118213,1,97,5527,0.5365115527682444,8
1,0,0,0,-1.1960038562387048,1,0,0,0,0,0,0,0,0,0,1,2,-0.7132995229902325,-0.9512275658242277,1,91,4849,0.5795071849856593,1
1,0,1,0,1.5322605130033284,1,0,1,2,2,2,2,2,2,1,1,0,1.4869197052297147,2.318379044024494,1,82,6136,-0.4848062912093752,8
0,1,0,0,-0.8702409464784621,1,2,1,0,0,0,0,0,2,0,1,1,0.6659919871476498,-0.6056931039657041,1,67,5118,0.148595404317789,4
0,1,1,0,0.7178532386027215,1,2,1,0,2,2,0,2,0,0,1,2,1.0066603721817051,1.1510311005176495,1,92,5863,-0.4479479164085415,6
1,1,0,0,-1.1145631287986442,1,0,0,0,0,2,0,0,0,0,0,2,-0.47898614596680894,-0.9011091862696717,1,81,4618,0.30051330481932215,2
1,0,1,0,-1.2774445836787656,1,2,1,0,0,0,0,0,0,0,1,0,0.32698539911376057,-0.9728675879822469,1,75,5861,3.6149988195351583,3
1,0,0,0,-0.6666391278783103,1,0,2,1,1,1,1,1,1,0,1,3,-1.4976677070686424,-0.8547188023774044,1,82,3438,-0.5287684642891204,8
0,0,0,0,-0.7073594915983407,1,0,0,0,0,2,0,0,2,0,1,2,-0.17653909193657447,-0.6119579014100236,1,68,5129,-0.23561834246950003,3
0,0,0,0,0.5549717837226001,1,0,1,2,2,0,2,2,2,1,1,0,1.3440051632154282,1.1219792053269146,1,99,3322,-0.4050013127245965,7
1,0,0,0,-0.9924020376385531,1,0,0,0,0,0,0,0,0,0,1,3,-0.6518130339840859,-0.8123652421904556,1,100,3721,-0.086447385137413,1
1,0,1,0,-0.055833672077855064,1,2,1,0,2,2,0,2,0,0,0,2,0.9651154471775519,0.32637198904426795,1,79,4115,-0.32555087319092646,6
1,0,0,0,-0.015113308357824713,1,0,1,0,0,0,2,2,2,0,1,2,1.044881703185526,0.39868186940511074,1,93,3606,-0.327396645281068,5
0,0,0,0,-1.2774445836787656,1,0,1,0,0,0,0,0,2,0,1,2,0.4931650991303729,-0.9706616733891767,1,94,3108,3.901636367651258,3
1,0,0,0,-0.5037576729981889,1,2,1,0,0,0,0,2,0,0,1,2,0.6809481601491449,-0.24054806137478588,1,92,2414,-0.1961886178447199,4
1,0,0,0,-0.2594354906780068,1,2,1,0,0,0,2,0,0,0,1,2,0.5230774451333633,-0.084236953309828,1,72,2729,-0.31979158171488997,4
1,1,0,0,-1.1145631287986442,1,2,1,0,2,0,0,0,2,0,1,2,0.8321716871642622,-0.7840412988154337,1,88,2960,1.0543700563646652,5
1,0,0,0,-1.2774445836787656,1,0,0,0,2,0,0,0,0,0,1,2,-0.46569176996548,-0.983389800591192,1,93,5355,2.2477377150213615,2
0,0,1,0,-0.748079855318371,1,0,1,0,2,0,2,0,2,0,1,1,0.827186296163764,-0.47267645400356817,1,98,2504,0.02362143333916951,5
1,0,0,0,0.14776814652229667,1,0,0,0,2,0,2,0,2,1,1,3,0.021214751083194285,0.09647157015448671,1,71,5220,-0.4589729048782111,4
0,0,0,1,-0.9516816739185228,1,0,0,0,0,2,2,2,2,0,1,3,0.2704843011081128,-0.718393280525663,1,65,3585,0.17420169194949406,5
1,0,0,0,-1.1145631287986442,0,1,0,2,0,2,2,0,0,0,0,3,-0.8229781250011965,-0.9071975105465457,1,80,3125,0.10273339661921306,4
1,1,0,0,-0.9516816739185228,1,2,1,0,2,0,0,2,2,0,1,1,1.1528985081963241,-0.6001562583370977,1,93,2313,0.4786107680487922,6
0,0,0,0,-1.2367242199587352,1,0,1,2,2,0,2,0,0,0,1,2,0.7141841001524675,-0.9256389565446128,1,94,3529,2.6346984049780966,5
0,0,0,0,-1.2774445836787656,1,0,0,0,0,0,0,0,0,0,1,2,-0.6351950639824246,-0.9856398334761236,1,78,4689,1.9553674159429395,1
1,0,0,0,-0.9924020376385531,1,0,1,0,0,0,0,0,0,0,1,3,0.1774236690988095,-0.7625336315329988,1,75,2899,0.23140180710688446,2
0,1,0,0,-1.2367242199587352,1,0,1,0,0,0,0,0,0,0,1,0,0.18074726309914202,-0.954624674297556,1,67,2767,2.021294052009643,2
0,0,0,0,-1.1960038562387048,1,0,0,2,2,0,0,0,0,0,0,2,-0.31280644595019663,-0.9328964155558142,1,65,5787,0.92490543046556,3
1,1,1,0,0.758573602322752,1,2,1,0,2,2,0,0,0,0,1,2,0.6460504231456565,0.8233866060089257,1,74,6245,-0.4759804633464719,5
1,0,0,0,-1.2367242199587352,1,0,0,0,0,0,0,0,0,0,0,3,-0.62854787598176,-0.970044017303117,1,81,3843,1.0906774791260379,1
1,0,0,0,0.26992923768238775,1,2,1,0,0,0,0,0,0,0,0,2,0.3485887601159204,0.32555580064483197,1,96,4696,-0.4459386433996884,3
0,0,0,0,-0.8295205827584317,1,2,1,0,0,2,0,2,2,0,1,0,1.1761636661986499,-0.492110561568517,1,96,3682,0.22165123068378992,6
1,1,1,0,-0.2594354906780068,1,2,1,0,2,2,0,2,2,0,0,2,1.3622849302172555,0.1899361714628731,1,100,3157,-0.21256790630849703,7
0,1,1,0,-0.5851984004382496,0,1,0,0,0,2,0,2,2,0,1,2,-0.5454580259734538,-0.6481128415904449,1,92,2167,-0.3698665467483498,4
0,0,1,1,-1.2367242199587352,0,1,0,0,0,0,0,0,0,0,1,3,-1.341458789053027,-0.9896545980355115,1,91,2635,0.27089409151399163,1
0,0,0,0,-1.1552834925186746,1,0,2,1,1,1,1,1,1,0,0,0,-1.4561227820644893,-0.9680586941693538,1,85,5822,-0.18122886771447014,8
0,1,1,0,-1.2774445836787656,1,0,0,2,0,0,0,0,0,0,1,2,-0.5055748979694671,-0.9839192200935288,1,76,4989,2.1789447034734972,2
1,0,0,0,-0.9516816739185228,1,0,2,1,1,1,1,1,1,0,0,3,-1.479387940066815,-0.9270286827382471,1,98,3361,-0.4294569843830127,8
0,1,1,0,-1.2367242199587352,1,0,0,0,2,0,0,0,0,0,0,1,-0.4856333339674735,-0.954999679778378,1,78,5461,1.2550163400459349,2
1,1,1,0,-0.13727439951791576,1,2,1,0,2,2,0,0,2,0,1,2,1.0349109211845293,0.20535551446843403,1,95,2151,-0.2951195201659338,6
0,1,0,0,-1.2774445836787656,0,1,0,0,0,0,0,0,0,0,0,2,-1.3132082400502028,-0.9946399650158503,1,87,4628,0.7858862196292514,1
0,0,0,0,-0.9516816739185228,1,0,0,0,0,0,0,0,0,0,0,2,-0.6518130339840859,-0.822049207254034,1,73,3757,-0.1439659864593771,1
0,0,1,0,0.7178532386027215,1,2,1,0,0,0,0,2,0,0,1,0,0.6526976111463211,0.8101952367423654,1,80,5135,-0.47189058219235686,4
0,0,0,0,-1.2774445836787656,1,2,1,0,0,0,0,0,0,0,1,2,0.3436033691154218,-0.97264699652294,1,83,4335,3.6436625743467683,3
0,0,1,0,0.880734693482843,1,2,0,0,0,0,0,2,2,1,1,1,0.179085466098976,0.6335014778374387,1,95,4596,-0.5153961329000034,4
1,0,0,0,0.3920903288424788,1,2,1,0,2,0,0,2,2,0,1,2,1.2293411702039656,0.8795933098403554,1,66,5545,-0.3903276260704195,6
0,0,0,0,-1.2774445836787656,1,0,0,0,0,0,0,0,0,0,0,2,-0.6302096729819263,-0.9855736560383315,1,78,5973,1.9639665423864223,1
1,0,0,0,-1.2774445836787656,1,0,2,1,1,1,1,1,1,0,1,3,-1.4843733310673135,-0.9969120570467127,1,95,4933,0.49064954506966846,8
1,0,1,0,-0.9516816739185228,0,1,0,0,0,0,2,2,0,0,0,3,-0.801374763999037,-0.8606527126327633,1,98,4800,-0.19556074512027513,3
1,1,1,0,0.5549717837226001,1,2,1,0,0,2,0,2,2,0,1,2,1.2044142152014738,1.0589782845488283,1,88,2436,-0.4152470804019379,6
1,0,0,0,-1.2774445836787656,1,0,1,0,0,0,0,0,0,0,1,2,0.14418772909548702,-0.9752940940346242,1,82,5795,3.2996975166074485,2
0,0,0,0,-0.7888002190384014,1,2,1,0,0,0,0,0,0,0,1,3,0.3402797751150897,-0.5648395657020431,1,68,2189,-0.04741008096541084,3
1,0,1,0,-0.5444780367182193,1,0,1,0,2,0,2,2,2,1,0,0,1.1711782751981514,-0.17253971447043007,1,71,2608,-0.08835830212485365,6
0,1,0,0,-1.2774445836787656,1,0,1,0,0,0,0,0,0,0,1,2,0.21232140610229844,-0.9743896690514654,1,85,5287,3.41721891133505,2
0,0,0,0,-0.3408762181180675,0,1,0,0,2,2,0,2,2,0,1,1,-0.35268957395418365,-0.45860271889977994,1,95,5153,-0.41329062666926464,5
0,0,1,0,1.4100994218432374,1,2,1,2,0,2,2,2,2,2,1,1,1.461992750227223,2.151413368475007,1,90,5516,-0.47826967272396026,8
0,0,1,0,-1.0738427650786138,1,0,0,0,0,0,2,0,0,0,1,2,-0.518869273970796,-0.8863074993501704,1,86,5271,0.14340862963759293,2
1,0,0,1,-0.5037576729981889,1,0,2,1,1,1,1,1,1,0,1,2,-1.5076384890696393,-0.8405568306898934,1,86,3785,-0.5557139996246282,8
0,1,0,0,-0.5037576729981889,1,2,1,2,0,0,0,0,0,0,1,2,0.47820892612887816,-0.33478473279074683,1,95,4997,-0.2294931710544,4
1,1,1,0,0.5549717837226001,1,0,1,0,0,0,0,0,2,0,1,2,0.5197538511330312,0.5847728244765168,1,75,4876,-0.46550013139080315,3
0,0,1,0,-0.8702409464784621,1,2,1,0,2,0,0,2,2,0,1,2,1.2376501552047963,-0.5004709778762533,1,88,5750,0.31293426523768636,6
0,0,0,0,-1.2367242199587352,1,0,2,1,1,1,1,1,1,0,0,3,-1.4660935640654862,-0.9887060547604913,1,83,3845,0.12757531745594164,8
0,0,0,0,-1.2774445836787656,1,0,1,0,0,0,0,0,0,0,1,3,0.2006888271011353,-0.9745440830729802,1,73,3901,3.3971542829669223,2
1,0,0,0,-0.6666391278783103,1,2,1,0,0,0,2,0,2,0,1,1,0.8072447321617703,-0.36668225780654273,1,87,5953,-0.061043429892613535,5
0,0,0,0,-1.1960038562387048,1,2,1,0,0,0,0,2,2,0,1,2,1.0581760791868549,-0.8769985397674139,1,72,3260,2.1072853164444725,5
0,0,1,0,1.002895784642934,1,2,1,0,2,2,0,2,2,0,1,1,1.3207400052131024,1.606618641424448,1,80,4471,-0.4550566826457954,7
0,0,0,0,-1.1145631287986442,1,2,0,0,0,0,0,0,0,0,1,3,-0.47067716096597834,-0.8955061632032733,1,94,2353,0.30529059728792374,2
1,0,0,1,-1.1552834925186746,1,0,0,2,0,0,0,0,0,0,0,2,-0.5122220859701314,-0.9088740056372789,1,83,5858,0.4700116416053093,2
1,0,0,0,-1.0331224013585834,1,0,1,0,2,0,0,2,2,0,1,2,0.9800716201790471,-0.7106284611580558,1,99,5267,0.6891460471400677,5
0,0,1,0,-1.2774445836787656,1,0,1,0,0,0,0,0,0,0,1,2,0.13920233809498894,-0.9753602714724163,1,75,5644,3.291098390163966,2
1,1,0,0,-1.2367242199587352,1,2,1,0,0,0,0,2,2,0,1,2,0.966777244177718,-0.9189770944735407,1,70,4998,2.925157787069078,5
1,0,0,0,-1.1552834925186746,1,2,1,0,0,0,0,0,0,0,1,2,0.37517751211857825,-0.8650866009648346,1,75,3685,1.0822694443812988,3
1,0,0,0,-1.2774445836787656,0,1,0,0,0,0,0,0,0,0,1,3,-1.3397969920528607,-0.9949929113507416,1,65,2121,0.7400242119306754,1
1,0,0,0,-1.0331224013585834,1,2,1,0,0,2,0,2,0,0,1,1,0.8172155141627669,-0.7270184065845677,1,91,4154,0.618919847851623,5
1,0,1,0,-1.1552834925186746,1,0,1,0,0,0,0,2,0,0,1,2,0.5180920541328647,-0.8701602045288961,1,65,4167,1.1808727609332372,3
0,1,0,0,-1.2774445836787656,1,0,0,2,0,2,0,0,0,0,1,2,-0.29785027294870164,-0.981161826852191,1,87,5527,2.5372416386186223,3
1,0,0,0,-1.2774445836787656,1,0,1,0,0,0,0,2,0,0,1,2,0.4748853321285456,-0.9709043239944143,1,80,3555,3.8701062373584874,3
1,0,1,0,-1.2774445836787656,1,0,1,2,0,0,0,2,2,0,1,2,1.0049985751815391,-0.9638674564425203,1,82,4489,4.784480015848847,5
0,0,0,0,-1.2774445836787656,0,1,0,0,0,0,0,0,0,0,0,3,-1.3148700370503688,-0.9946620241617811,1,82,3196,0.7830198441480903,1
1,1,0,0,0.35136996512244845,1,2,1,0,0,2,0,2,2,0,1,2,1.1180007711928355,0.8417839337151315,1,100,2169,-0.39301306755110854,6
1,1,1,0,1.369379058123207,1,2,0,2,2,2,2,2,0,2,0,1,0.48651791112970877,1.2683416385771256,1,73,5910,-0.5257586442053024,7
1,1,0,0,0.10704778280226633,1,2,1,0,0,2,0,2,2,0,1,2,1.217708591202803,0.5367280046394469,1,92,3689,-0.338688427479581,6
1,1,1,0,-0.9109613101984924,1,2,1,0,0,2,0,0,2,0,1,2,0.8321716871642622,-0.6024062912220294,1,76,5124,0.2743684860366111,5
1,0,1,0,0.880734693482843,1,0,1,2,2,2,2,2,2,2,0,0,1.4952286902305454,1.6899360356047113,1,90,6274,-0.43284451904256666,8
1,0,0,0,-1.2367242199587352,1,0,2,1,1,1,1,1,1,1,0,1,-1.5109620830699715,-0.9932943571140773,1,94,2279,0.07598055879504372,8
0,1,0,0,-0.2594354906780068,1,0,1,0,0,0,0,2,2,0,1,2,0.8803638001690798,0.031794154285667064,1,76,5154,-0.27414189812602957,4
0,0,0,0,-0.7073594915983407,1,2,0,0,0,0,0,0,0,0,1,2,-0.520531070970962,-0.7059739813666775,1,86,5209,-0.3097858080445409,2
0,0,0,0,-0.055833672077855064,1,2,0,2,0,2,2,0,0,0,0,1,0.016229360082695727,-0.1259287391188558,1,68,4403,-0.4278446481748596,5
0,1,0,0,-0.5851984004382496,1,2,1,0,2,0,2,0,0,0,1,2,0.6875953481498096,-0.3414245357158884,1,99,5145,-0.1459875354829327,5
1,0,1,0,1.1657772395230555,1,2,1,0,2,0,2,2,0,2,1,2,0.9750862291785486,1.4817418163107412,1,71,6295,-0.4876166675330214,6
1,1,0,0,-1.2774445836787656,1,0,1,0,0,0,0,0,0,0,1,2,0.22893937610395967,-0.9741690775921583,1,84,5674,3.44588266614666,2
1,0,1,0,-0.3408762181180675,1,2,1,0,2,2,0,2,2,0,1,2,1.325725396213601,0.11590567771943547,1,72,4734,-0.18168748779145583,7
0,0,0,0,-1.1960038562387048,1,2,1,0,0,0,0,0,0,0,1,2,0.3153528201125979,-0.9129990659263203,1,94,3207,1.466650396404989,3
0,1,0,0,-1.2774445836787656,1,2,1,0,0,0,0,0,0,0,1,2,0.31369102311243185,-0.9730440611496927,1,71,4684,3.592067815685871,3
1,1,1,0,0.43281069256250915,1,2,1,0,2,0,0,2,2,0,1,2,1.2044142152014738,0.9303072863350403,1,87,3123,-0.3984480132686346,6
1,0,1,0,-1.1552834925186746,1,2,1,0,2,0,0,2,2,0,1,2,1.1778254631988159,-0.8203947713092313,1,82,2650,1.636053187341604,6
1,1,1,0,-0.30015585439803716,1,2,1,2,0,0,0,0,2,1,1,2,0.8072447321617703,-0.04512608757469266,1,97,2673,-0.2689399574379967,5
0,0,1,0,1.002895784642934,1,0,0,2,0,0,0,2,2,1,1,0,0.1774236690988095,0.7207012817015056,1,81,4669,-0.5230589699229944,4
0,0,0,0,-1.1552834925186746,1,0,1,0,2,2,2,2,2,1,1,2,1.3589613362169235,-0.8099387361380783,1,66,4663,1.761027158320224,7
1,1,1,0,0.14776814652229667,1,2,1,0,2,0,0,2,2,0,1,2,1.0548524851865226,0.510168792938881,1,82,4652,-0.36260071302512237,6
1,1,1,0,-1.2774445836787656,1,0,1,0,0,0,0,0,0,0,0,3,0.20235062410130134,-0.9745220239270497,1,69,3022,3.400020658448083,2
0,0,0,0,0.10704778280226633,1,2,0,2,0,2,2,2,2,1,1,1,0.7042133181514708,0.3663431614707008,1,99,3833,-0.38789453990617817,7
1,0,0,0,-1.1552834925186746,1,0,1,0,0,2,0,0,0,0,1,2,0.30372024111143525,-0.8818736110180992,1,71,4479,1.0329677861053297,3
0,0,1,0,1.0436161483629645,1,2,1,2,2,2,0,2,2,2,1,0,1.4852579082295487,1.7050906688591039,1,89,6424,-0.4489386211278527,8
0,0,0,0,-0.0965540357978854,1,2,1,0,2,0,0,2,2,0,1,2,1.1778254631988159,0.31062175884974647,1,90,3598,-0.29103878776049596,6
0,0,1,0,-0.46303730927815856,1,0,1,0,2,0,0,0,0,0,1,0,0.3087056321119333,-0.3150197380368374,1,91,5630,-0.2757150267571045,3
1,0,0,0,-1.1960038562387048,1,2,1,0,0,2,0,2,2,0,1,0,1.222693982203301,-0.8741529099423534,1,73,4480,2.249170902761942,6
1,1,1,0,0.35136996512244845,1,2,1,0,2,2,2,2,2,1,1,2,1.5683477582378549,0.9949405839119987,1,93,3711,-0.3560231744370785,8
0,0,1,0,-0.46303730927815856,0,1,0,2,0,2,0,2,2,1,1,2,-0.2928648819482031,-0.49530913772846885,1,74,5531,-0.370044838046221,5
1,0,0,0,-1.2774445836787656,1,0,0,0,0,0,0,0,0,0,0,2,-0.6318714699820923,-0.9855957151842623,1,97,3531,1.9611001669052615,1
1,0,0,0,-0.8702409464784621,1,0,1,0,2,0,0,0,0,0,0,2,0.3386179781149237,-0.6459951635810975,1,76,4251,0.05448274268633621,3
0,0,0,0,-1.2774445836787656,1,0,1,0,0,0,0,0,2,0,0,1,0.5114448661322006,-0.9704190227839389,1,72,3947,3.93316649794403,3
0,0,1,0,1.6137012404433893,1,2,1,0,2,2,2,2,2,1,1,2,1.478610720228884,2.572125399665365,1,97,4261,-0.49004352366289516,8
0,0,0,0,-1.1960038562387048,0,1,0,0,0,0,0,2,0,0,0,1,-0.9825106370171443,-0.9577129547278543,1,100,5450,0.34733077101161847,2
0,0,1,0,-1.2774445836787656,1,0,1,0,0,0,0,2,0,0,0,2,0.466576347127715,-0.9710146197240678,1,87,5075,3.8557743599526826,3
0,0,0,0,0.5956921474426305,1,2,1,0,2,2,0,2,2,0,1,2,1.3838882912194153,1.256584113796061,1,99,4804,-0.407481439027445,7
1,0,0,0,-0.5851984004382496,1,0,0,2,0,0,0,0,0,0,0,2,-0.5105602889699654,-0.6198330165072844,1,75,4028,-0.36353034831630965,2
1,1,0,0,-1.2774445836787656,1,0,1,0,0,0,0,0,0,0,0,2,0.14418772909548702,-0.9752940940346242,1,83,2767,3.2996975166074485,2
1,0,1,0,-0.5037576729981889,1,0,1,0,0,0,0,2,2,0,1,2,0.8454660631655913,-0.2219963196470651,1,85,2058,-0.1691627918794876,4
0,0,0,0,-1.0738427650786138,1,2,1,0,0,0,0,2,2,0,1,0,0.9568064621767214,-0.7691293161662788,1,71,5617,0.8706490374292981,5
1,0,0,0,-1.2774445836787656,1,0,1,0,0,0,0,0,2,0,1,3,0.534710024134526,-0.9701101947409091,1,77,3096,3.9732957546802834,3
0,0,1,0,0.6364125111626608,1,2,1,0,0,0,0,0,2,1,1,3,0.574593152138513,0.7721652691578343,1,93,3365,-0.46964473857806593,4
1,0,1,0,-1.1960038562387048,1,0,2,1,1,1,1,1,1,0,1,1,-1.4694171580658184,-0.9832133274237463,1,90,4115,-0.07259323697846813,8
0,1,0,0,-1.2367242199587352,1,2,1,0,0,2,0,0,0,0,1,2,0.4582673621268844,-0.9398009282321238,1,92,5203,2.340417188912234,4
0,0,0,0,-1.2774445836787656,1,0,1,0,0,0,0,0,2,0,0,2,0.4615909561272169,-0.97108079716186,1,81,2728,3.8471752335092,3
1,0,0,0,-1.2774445836787656,1,0,0,0,0,0,0,0,0,0,1,2,-0.7265938989915613,-0.9868530865023123,1,87,4895,1.7977167644790844,1
0,0,0,0,-1.1960038562387048,0,1,0,2,0,0,2,0,0,0,0,3,-1.0140847800203006,-0.9443009940019872,1,88,2802,0.32010020394058886,3
0,0,0,0,-0.9516816739185228,0,1,0,2,0,2,2,2,2,0,0,3,-0.2081132349397309,-0.7676072350970603,1,95,3032,0.009098464234620308,6
1,1,0,0,0.6771328748826912,1,2,1,0,0,0,0,2,2,0,1,2,1.044881703185526,1.0758314720398847,1,74,5904,-0.4410371413269031,5
0,1,0,0,-1.0738427650786138,1,0,1,0,0,2,0,0,0,0,0,2,0.32033821111309646,-0.8142623287404961,1,100,3964,0.556985663347966,3
0,0,1,0,-1.0738427650786138,1,2,1,0,2,2,0,2,2,0,1,2,1.3473287572157604,-0.7652469064824752,1,90,4163,1.0631056768786795,7
1,0,1,0,-0.6666391278783103,1,2,1,0,0,0,0,0,0,0,1,0,0.3020584441112687,-0.43921272962669244,1,77,3226,-0.16355850592472465,3
0,1,1,0,-1.0331224013585834,1,2,1,0,0,0,0,0,2,0,1,2,0.6576830021468192,-0.7204006628053571,1,80,5245,0.5501268363037591,4
0,0,0,0,-0.30015585439803716,1,2,2,1,1,1,1,1,1,2,0,1,-1.329826210051864,-0.7004371357380713,1,94,4931,-0.552490639651308,9
0,1,0,0,-0.5037576729981889,1,2,1,0,0,0,0,0,2,0,1,1,0.6992279271509723,-0.24363634180508423,1,75,3336,-0.19318574829302743,4
0,0,0,0,-1.1552834925186746,0,1,0,0,0,0,0,0,0,0,1,2,-1.3397969920528607,-0.9675733929588783,1,70,4909,-0.1009703542419621,1
1,0,0,0,-0.1779947632379461,1,2,1,0,2,2,0,2,2,0,1,2,1.3606231332170895,0.30872467229970596,1,72,2464,-0.2437356213105465,7
1,0,0,0,-1.2774445836787656,0,1,0,0,0,0,0,0,0,0,1,2,-1.3464441800535252,-0.9950811479344643,1,85,2846,0.7285587100060315,1
0,0,0,0,-0.8702409464784621,1,2,1,0,0,0,0,0,0,0,1,2,0.39013368512007346,-0.6360906070582121,1,76,2291,0.06929234933900136,3
0,0,0,0,-1.1552834925186746,1,2,1,0,2,0,2,0,2,0,1,2,0.9551446651765553,-0.8459833805888463,1,73,4554,1.4824154615513745,6
0,1,1,0,0.880734693482843,1,2,1,0,2,0,0,2,2,1,1,1,1.221032185203135,1.3647401062942954,1,68,6405,-0.45004277192953257,6
1,0,0,0,-0.1779947632379461,1,0,1,2,0,0,0,0,0,0,1,0,0.33695618111475767,-0.0931709074117625,1,98,5392,-0.3655071589929724,3
0,1,0,0,-1.2367242199587352,1,0,1,0,0,0,0,0,0,0,1,2,0.16080569909714826,-0.9476981024753154,1,74,4596,1.9983630481603545,2
1,0,0,0,-1.2774445836787656,1,2,2,1,1,1,1,1,1,0,1,3,-1.3530913680541898,-0.995169384518187,1,67,3162,0.7170932080813874,9
0,0,0,0,-1.2774445836787656,1,0,0,0,2,0,0,0,0,0,0,2,-0.47233895796614456,-0.9834780371749148,1,87,3420,2.236272213096717,2
1,0,0,0,-0.748079855318371,1,2,1,0,2,0,0,2,2,0,1,2,1.1894580421999785,-0.38126335326673705,1,72,5224,0.10693741399158246,6
0,0,1,1,-1.2774445836787656,1,0,2,1,1,1,1,1,1,0,1,3,-1.4710789550659844,-0.996735583879267,1,76,2398,0.5135805489189564,8
1,0,0,0,-1.1552834925186746,1,0,1,0,0,2,0,0,0,0,1,0,0.33363258711442517,-0.8637630522089924,1,71,5882,1.0536056895696888,3
0,0,1,0,-0.5037576729981889,0,1,0,0,0,0,0,0,0,0,1,2,-1.3397969920528607,-0.7927767206039918,1,94,3298,-0.52814219737727,1
0,0,0,0,-0.748079855318371,1,0,1,0,0,0,0,0,0,0,1,1,0.2073360151017999,-0.6025386460976137,1,95,3228,-0.11893297392390433,2
0,1,0,0,-0.0965540357978854,0,1,0,0,0,2,0,2,0,0,1,2,-0.8130073430001998,-0.48829432932250544,1,94,3016,-0.5125818733366817,3
0,0,0,0,-1.1960038562387048,0,1,0,0,2,0,0,2,2,0,1,2,-0.47067716096597834,-0.9372420673041625,1,83,4800,0.7887525951104125,4
0,0,1,0,0.3106496014024181,1,2,1,0,0,2,2,0,0,0,1,2,0.6676537841478158,0.4514694056172818,1,99,5764,-0.4243534377946041,5
0,0,1,1,-1.2367242199587352,1,0,0,0,0,0,0,2,2,0,0,3,0.03118553308419093,-0.9465069085950575,1,96,4265,1.8493115231399828,3
0,0,0,0,-1.2774445836787656,1,0,1,0,0,0,0,0,0,0,0,2,0.19071804510013865,-0.9746764379485645,1,90,4123,3.3799560300799567,2
0,0,0,0,-0.9109613101984924,1,2,1,0,2,2,0,0,2,0,1,2,1.0000131841810405,-0.5851339799582893,1,97,3074,0.32700556305429496,6
1,0,0,0,-1.2774445836787656,1,0,2,1,1,1,1,1,1,0,0,3,-1.4960059100684764,-0.9970664710682275,1,100,4851,0.4705849167015414,8
1,0,1,1,-0.748079855318371,1,0,0,2,2,0,0,2,0,0,1,2,0.022876548083360315,-0.5921267292183221,1,90,2881,-0.16135533104508715,4
1,1,1,0,1.0436161483629645,1,2,1,0,0,2,0,2,2,0,1,2,1.1279715531938321,1.5586399990251703,1,91,4662,-0.4698291542956363,6
1,0,1,0,-0.4223169455581282,1,0,0,2,0,2,2,2,0,1,1,0,0.09101022509017127,-0.32457134822483164,1,76,3378,-0.32514584187293627,5
0,0,0,0,-1.2774445836787656,1,0,1,0,0,0,0,0,0,0,1,2,0.16080569909714826,-0.9750735025753172,1,79,2412,3.3283612714190585,2
1,0,1,0,0.6771328748826912,1,2,0,2,0,2,2,2,2,1,0,2,0.6510358141461546,0.7851360469650874,1,73,6452,-0.46821038088830946,7
0,1,1,0,1.4508197855632678,1,2,1,0,2,0,0,2,2,0,1,2,1.1778254631988159,2.0170511106110984,1,70,4481,-0.4951343704078756,6
0,0,0,0,-1.2774445836787656,1,0,1,0,0,0,0,2,0,0,0,2,0.44164939212522314,-0.9713455069130283,1,98,3458,3.8127787277352674,3
1,0,0,0,-1.0331224013585834,1,2,1,0,0,0,0,0,0,0,0,2,0.2937494591104381,-0.7763647160315492,1,87,2679,0.3931927787101943,3
0,0,0,0,-0.9516816739185228,1,2,1,0,0,0,0,0,0,0,1,2,0.3319707901142591,-0.6940399834181675,1,82,5003,0.19541287051008532,3
1,0,0,0,-1.2774445836787656,1,0,2,1,1,1,1,1,1,0,1,3,-1.481049737066981,-0.9968679387548512,1,81,5355,0.49638229603199036,8
0,1,1,0,-0.3408762181180675,1,2,1,0,0,0,0,2,2,0,1,2,0.9568064621767214,-0.006919646822715793,1,100,4937,-0.2325943163368752,5
1,0,0,0,-1.2367242199587352,0,1,0,0,0,0,0,0,0,0,1,2,-1.3198554280508674,-0.9809191762469534,1,77,4810,0.29573601235072033,1
1,1,1,0,-0.21871512695797646,1,2,1,0,2,2,0,0,2,0,1,2,1.0232783421833662,0.10167752859413237,1,75,2999,-0.2703731451785772,6
1,0,0,0,1.002895784642934,0,1,0,0,2,0,0,2,0,0,1,2,-0.8462432830035223,-0.07424416020321993,1,66,4917,-0.5839447387642074,3
0,0,0,0,-1.2774445836787656,1,0,2,1,1,1,1,1,1,0,1,3,-1.479387940066815,-0.9968458796089206,1,85,2783,0.4992486715131514,8
0,0,0,0,-0.7888002190384014,0,1,0,0,0,0,0,0,0,0,1,2,-1.3580767590546883,-0.8730720117917489,1,82,2967,-0.46590090121491684,1
0,0,0,0,-1.2774445836787656,1,0,1,0,0,2,0,2,0,0,1,2,0.6875953481498096,-0.9680807533152845,1,95,4931,4.237002298947096,4
0,0,0,0,1.247217966963116,1,2,1,0,2,0,0,2,2,1,0,0,1.1678546811978192,1.7017597378235678,1,71,4776,-0.4826640792520638,6
1,0,0,0,-0.30015585439803716,1,2,1,0,0,0,0,0,2,0,1,2,0.6659919871476498,-0.10424459866897522,1,70,4203,-0.2876816432763571,4
1,0,1,0,0.10704778280226633,1,2,1,0,0,0,0,0,0,0,1,2,0.3469269631157543,0.13079560122265965,1,94,4639,-0.42213180259782346,3
1,0,1,0,1.5729808767233588,0,1,0,0,2,0,0,2,2,2,0,2,-0.5122220859701314,0.545088420947183,1,95,4879,-0.5830469372485563,4
1,0,0,0,-1.0738427650786138,1,2,1,0,0,0,0,0,0,0,1,2,0.33695618111475767,-0.7985120985459745,1,87,4160,0.5651753075798546,3
0,0,0,0,-0.7073594915983407,1,0,1,0,2,2,0,2,2,0,1,2,1.2127232002023045,-0.36286602556053116,1,85,3968,0.06391789531182449,6
1,0,0,0,-0.9516816739185228,1,0,2,1,1,1,1,1,1,0,1,3,-1.5225946620711341,-0.9238962840160875,1,78,5403,-0.4443621368850499,8
0,0,0,0,0.18848851024232702,0,1,0,0,0,0,2,0,0,0,0,1,-1.2018678410390724,-0.576266203294147,1,82,4429,-0.5753404101873647,2
0,1,0,0,-1.2367242199587352,0,1,0,0,0,0,0,0,0,0,0,2,-1.343120586053193,-0.9873163285668571,1,72,3278,0.26898317452655107,1
0,1,0,0,-0.13727439951791576,1,2,1,0,0,0,2,2,2,0,0,2,1.1263097561936661,0.25721656655151565,1,93,4235,-0.28460947673501014,6
1,1,1,0,-1.1145631287986442,1,2,1,0,0,2,0,0,0,0,1,0,0.50313588113137,-0.8540349688535526,1,90,4324,0.8651892746080393,4
0,1,0,0,-0.1779947632379461,1,2,1,0,0,2,2,2,2,0,1,2,1.2808568772091153,0.2695255699808477,1,78,4136,-0.25322431255852773,7
0,0,1,0,-0.8702409464784621,1,2,1,2,0,0,2,2,0,0,1,1,1.044881703185526,-0.46663224801855563,1,92,3101,0.2575176726019071,6
1,0,1,0,0.9214550572028734,1,2,1,0,0,2,2,2,2,1,1,2,1.3091074262119398,1.527955727035563,1,86,4369,-0.44839553666925497,7
1,1,0,0,-0.3408762181180675,1,2,1,0,2,2,0,2,2,0,1,1,1.2692242982079527,0.0957215591928427,1,66,5245,-0.18948402910021372,7
0,0,0,0,-1.2774445836787656,1,0,1,0,0,0,0,2,2,0,0,2,0.85876043916692,-0.9658086612844221,1,92,2540,4.532238973506678,4
0,0,0,0,-1.0738427650786138,1,0,0,0,0,0,2,0,0,0,1,0,-0.46402997296531395,-0.878697094004078,1,88,4713,0.17043445560282522,2
1,0,0,0,-1.1552834925186746,1,2,1,0,2,0,0,0,2,0,1,2,0.8404806721650927,-0.8433804013690234,1,98,3212,1.4033034982713306,5
0,0,1,0,-1.1960038562387048,1,2,1,0,0,0,0,0,0,0,1,2,0.36853032411791364,-0.8925722967944899,1,79,4062,1.512512404103565,3
1,0,1,0,-1.2774445836787656,1,0,1,0,0,0,0,0,0,0,1,2,0.12424616509349373,-0.9755588037857926,1,89,5753,3.2653010108335168,2
1,0,0,0,-0.8702409464784621,1,0,1,2,0,0,0,0,0,0,1,2,0.29042586511010604,-0.6564732578981812,1,75,4509,0.04062859452739135,3
0,0,0,0,-1.2774445836787656,1,0,1,0,0,0,0,0,0,0,1,3,0.1724382780983114,-0.9749190885538024,1,65,5341,3.348425899787186,2
1,0,0,0,-1.1145631287986442,1,0,0,0,0,2,0,2,2,0,1,2,0.17576187209864347,-0.8529540707029482,1,84,4944,0.6769639513451333,4
1,0,0,0,-0.9924020376385531,1,2,1,0,2,2,0,2,0,0,1,2,0.9717626351782166,-0.6644586687250954,1,71,2632,0.5358745804390975,6
0,0,1,1,-0.4223169455581282,1,0,0,2,2,2,0,0,0,0,0,3,-0.12003799393092641,-0.3783956642957457,1,87,4626,-0.3568005971866274,4
1,0,1,0,-0.13727439951791576,1,2,1,2,2,0,0,0,0,0,1,2,0.6543594081464871,0.08266254480186687,1,99,2651,-0.3388795191783251,5
1,0,1,0,-0.7888002190384014,1,2,0,0,0,2,0,2,2,1,1,3,0.3502505571160864,-0.5692513948881835,1,89,4800,-0.04495318769584428,5
0,1,1,0,0.43281069256250915,1,2,1,2,0,2,2,2,2,1,1,3,1.4885815022298807,1.1252439589246583,1,69,5863,-0.37616845839233776,8
0,0,0,0,-1.1960038562387048,1,0,2,1,1,1,1,1,1,0,1,3,-1.5009913010689746,-0.9794191543236656,1,81,5000,-0.09982380404949762,8
1,1,0,0,-1.2367242199587352,1,0,0,2,0,2,0,2,0,0,0,0,0.05445069108651675,-0.9640659887558966,1,87,4522,1.8760643609641523,4
1,1,1,0,1.369379058123207,1,2,1,0,0,0,2,2,2,0,1,1,1.1728400721983174,2.0259850647130326,1,72,4512,-0.4904209405121832,6
1,0,0,0,1.2064976032430856,1,2,1,2,2,0,2,0,2,1,0,2,1.2376501552047963,1.8748137376499288,1,87,5090,-0.4760014624342461,7
1,0,1,0,-0.62591876415828,1,2,1,2,2,2,0,0,0,0,0,1,0.8454660631655913,-0.3642336926082347,1,91,2026,-0.08708435746655989,6
1,0,1,0,0.9621754209229036,1,2,2,1,1,1,1,1,1,2,1,1,-1.3165318340505352,-0.42026392327221895,1,79,6484,-0.6110443854790192,9
0,0,0,0,-0.055833672077855064,1,2,1,0,0,0,2,0,0,0,1,1,0.5014740841312035,0.05489008007511253,1,67,2554,-0.3755332956436714,4
0,0,0,0,-1.2367242199587352,1,0,0,0,2,0,0,0,0,0,1,3,-0.5039131009693008,-0.9551761529458236,1,78,3599,1.233996253184088,2
0,1,1,0,1.369379058123207,1,2,1,0,0,2,2,2,2,1,1,1,1.3689321182179202,2.071581319351795,1,86,6117,-0.4803244537427206,7
1,0,0,0,-1.1960038562387048,1,2,1,0,0,2,0,0,2,0,0,2,0.9003053641710731,-0.8923737644811136,1,91,2704,1.971132481089325,5
0,0,1,1,-1.2774445836787656,0,1,0,0,0,0,2,2,0,0,0,2,-0.8196545310008642,-0.9880883986744317,1,93,5434,1.6371997375340686,3
0,1,0,0,-0.055833672077855064,1,2,1,0,0,0,0,0,0,0,1,2,0.30372024111143525,-0.02761112570571476,1,75,2560,-0.39685196328480626,3
0,0,0,0,-0.748079855318371,1,0,1,0,0,0,0,2,2,0,1,3,0.8321716871642622,-0.5076402003037316,1,81,4107,0.024767983531633782,4
0,0,1,1,0.10704778280226633,1,2,0,2,0,2,2,2,0,0,0,2,0.24888094010595296,0.12742055189526233,1,83,5898,-0.43152714445274004,6
0,1,0,0,0.18848851024232702,1,2,1,0,0,0,0,2,2,0,1,2,1.0565142821866886,0.5737873698030271,1,81,4448,-0.3703191323506384,5
0,0,0,0,-1.0331224013585834,0,1,0,0,2,0,0,0,2,0,1,1,-0.8196545310008642,-0.8763808836813543,1,68,4414,-0.08692511438427314,3
1,1,0,0,-0.3408762181180675,1,2,1,0,2,0,0,2,2,0,1,2,1.2127232002023045,0.07077266514521831,1,87,4287,-0.19728057040897168,6
0,0,0,0,-1.2774445836787656,1,0,1,0,0,0,0,2,0,0,0,2,0.4915033021302069,-0.9706837325351073,1,81,5082,3.8987699921700973,3
0,0,0,0,-0.015113308357824713,1,2,1,0,0,0,0,2,0,1,0,2,0.641065032145158,0.221524868435639,1,68,3553,-0.3696105387308936,4
1,0,0,0,-1.2774445836787656,1,0,1,0,0,0,0,2,2,0,1,2,0.8089065291619363,-0.9664704356623433,1,79,2905,4.446247709071849,4
0,0,1,0,-0.62591876415828,1,2,1,2,0,2,0,2,0,0,0,2,0.9850570111795457,-0.2967106469143544,1,66,4103,-0.060331519642390544,6
1,0,0,0,-0.5444780367182193,1,0,1,0,2,2,0,0,0,0,1,2,0.44829658012588774,-0.3479981612032377,1,72,3666,-0.21304563555535716,4
1,1,0,0,-1.2367242199587352,1,0,0,0,0,0,0,0,0,0,1,2,-0.6850489739874083,-0.9649042363012633,1,86,5655,1.0257063015530552,1
0,1,0,0,-0.9924020376385531,1,2,1,0,0,0,0,0,0,0,1,2,0.3652067301175816,-0.7383126893010874,1,92,4174,0.30337968030048296,3
0,0,0,0,-1.2774445836787656,1,0,2,1,1,1,1,1,1,0,1,3,-1.517609271070636,-0.9973532399653268,1,84,5890,0.4333220354464485,8
1,1,1,0,-1.2774445836787656,1,2,1,2,0,0,0,0,0,0,1,2,0.5164302571326987,-0.9703528453461467,1,87,4138,3.9417656243875125,4
0,0,0,0,-1.2774445836787656,1,0,1,0,0,2,0,0,0,0,1,2,0.33695618111475767,-0.9727352331066627,1,73,5919,3.632197072422125,3
0,1,0,0,-0.9516816739185228,1,0,1,0,0,0,0,2,0,0,1,2,0.534710024134526,-0.6741646929346046,1,71,5242,0.26535243225041366,3
1,0,0,0,-1.1960038562387048,0,1,0,0,0,0,0,0,0,0,0,2,-1.329826210051864,-0.9762426373096444,1,69,3503,0.047794533230293854,1
0,1,0,0,0.6771328748826912,1,2,1,0,0,2,0,0,2,0,1,1,0.8670694241677506,0.9865360493124014,1,70,5651,-0.4533052283862722,5
0,0,1,0,-1.2367242199587352,1,0,1,0,2,2,0,0,0,0,0,0,0.4964886931307054,-0.9329846521395369,1,65,3039,2.384368279623369,4
1,0,1,0,0.9214550572028734,1,0,0,2,2,0,2,0,0,2,0,0,-0.23968737794288733,0.33823980955498595,1,69,5463,-0.5438048919707569,4
0,0,1,0,-0.46303730927815856,1,2,1,0,0,0,0,0,2,0,1,2,0.722493085153298,-0.20781228881362337,1,72,2036,-0.21083070904718731,4
0,0,1,0,1.4915401492832983,1,2,1,0,2,2,0,2,2,0,1,2,1.302460238211275,2.2796652429161113,1,86,4283,-0.49137069477609024,7
1,1,0,0,-1.2774445836787656,0,1,0,0,0,0,0,0,0,0,1,2,-1.3181936310507012,-0.9947061424536424,1,85,5437,0.7772870931857685,1
1,0,0,0,0.26992923768238775,0,1,0,2,2,0,2,2,0,0,1,1,-0.5255164619714603,-0.17598094123561975,1,80,3080,-0.5213243185542228,5
1,0,1,0,-1.0738427650786138,1,0,1,0,2,0,0,0,2,0,1,1,0.6244470621434968,-0.7950929309267156,1,91,4242,0.7068561527915266,4
0,1,0,0,-0.62591876415828,1,0,1,0,2,2,0,2,0,0,1,2,0.8105683261621028,-0.34537312283748406,1,89,5082,-0.09377256692260215,5
1,0,0,0,-1.2774445836787656,1,0,1,0,0,0,0,0,0,0,1,3,0.18905624809997262,-0.9746984970944953,1,90,3525,3.377089654598796,2
1,0,1,0,1.0436161483629645,1,0,0,2,2,2,0,0,0,1,0,1,-0.14828854293375057,0.5665078516458952,1,88,4026,-0.5444520820763701,4
1,0,0,1,-1.2774445836787656,0,1,0,0,0,0,0,0,0,0,0,2,-1.329826210051864,-0.9948605564751573,1,96,3001,0.7572224648176414,1
1,0,1,0,-0.5444780367182193,1,2,1,0,0,2,2,2,2,0,0,2,1.2808568772091153,-0.11781097341635724,1,67,2349,-0.06944022394919105,7
1,0,0,0,-1.1960038562387048,1,0,1,0,0,0,0,2,0,0,1,2,0.45660556512671835,-0.8989915082603244,1,71,3567,1.5884713543543314,3
0,0,0,0,-1.1960038562387048,1,0,2,1,1,1,1,1,1,0,0,3,-1.4926823160681442,-0.9776544226492093,1,95,3398,-0.09265786534659512,8
1,1,0,0,-1.1960038562387048,1,0,1,0,0,0,0,2,0,0,1,2,0.50313588113137,-0.8906752102444494,1,97,4367,1.6286006110905857,3
0,1,0,0,-0.0965540357978854,1,2,1,0,2,0,0,2,2,0,1,2,1.1612074931971548,0.30336429983854524,1,69,3548,-0.29288806226447084,6
1,0,0,0,-0.7073594915983407,1,2,0,0,2,0,2,0,0,0,1,1,-0.2047896409393986,-0.5912002450892325,1,97,2003,-0.24170939036696718,4
1,0,1,0,-0.9109613101984924,1,2,1,0,0,2,0,2,2,0,1,2,1.1213243651931677,-0.5479422599191249,1,91,4501,0.36505018307697734,6
0,0,0,0,-1.2774445836787656,1,0,0,0,0,2,0,0,0,0,1,3,-0.4756625519664766,-0.9835221554667763,1,69,2806,2.230539462134396,2
1,0,1,0,0.22920887396235737,1,2,1,0,2,2,0,2,0,0,1,2,0.9933659961803764,0.5931994182220452,1,71,3498,-0.3833744862628089,6
0,0,0,0,-1.2774445836787656,1,2,1,0,2,0,0,2,2,0,1,1,1.1794872601989819,-0.9615512461197966,1,100,5797,5.085449441370752,6
0,0,0,0,-0.6666391278783103,1,2,1,0,0,2,0,0,2,0,1,2,0.787303168159777,-0.37837360514981505,1,88,5186,-0.06509007763072316,5
1,0,0,0,-1.2774445836787656,1,0,1,0,0,0,0,0,0,0,1,2,0.16911468409797886,-0.9749632068456637,1,97,4548,3.3426931488248632,2
1,0,0,0,-0.8295205827584317,1,0,1,2,0,2,0,0,0,0,0,0,0.5629605731373504,-0.626980179788832,1,76,2850,0.05892929952249618,4
1,0,0,0,-1.1552834925186746,1,0,1,0,0,0,0,0,2,0,1,2,0.50313588113137,-0.8627042132043188,1,77,4669,1.1705538092010577,3
0,0,0,0,-0.7073594915983407,1,2,2,1,1,1,1,1,1,0,1,1,-1.3082228490497045,-0.8294831394326808,1,86,2853,-0.47961855530333014,9
1,1,1,0,0.35136996512244845,1,2,1,2,0,2,0,0,0,0,1,0,0.6310942501441613,0.43845450951816733,1,71,4995,-0.4330058302168311,5
0,0,0,0,-1.2774445836787656,1,0,2,1,1,1,1,1,1,0,0,3,-1.4577845790646555,-0.9965591107118213,1,82,5421,0.5365115527682444,8
0,0,1,0,-1.2774445836787656,1,0,1,0,0,0,0,0,0,0,1,3,0.15415851109648415,-0.9751617391590399,1,65,2404,3.316895769494415,2
0,0,0,0,-1.0331224013585834,1,2,1,0,0,0,0,0,0,0,1,2,0.33695618111475767,-0.767033697302862,1,68,5159,0.411824219337741,3
0,1,1,0,0.3920903288424788,1,0,1,2,0,0,0,0,0,0,1,1,0.31202922611226586,0.41897628366135703,1,94,2322,-0.4639201500518554,3
0,0,0,0,-1.2774445836787656,1,0,1,0,0,0,0,0,0,0,1,2,0.1774236690988095,-0.9748529111160101,1,100,2007,3.3570250262306685,2
0,0,0,0,-0.8295205827584317,1,2,1,2,0,0,0,0,0,0,1,2,0.4499583771260538,-0.6046342649610303,1,98,3545,0.028942602181119572,4
1,0,0,0,0.9214550572028734,1,2,1,0,0,0,0,2,2,0,1,2,1.0648232671875193,1.3254086490998527,1,82,4089,-0.46344400794535023,5
0,0,0,0,-0.62591876415828,1,2,1,2,2,0,0,2,0,0,1,2,0.9850570111795457,-0.2921664628526297,1,66,2825,-0.060331519642390544,6
0,0,0,0,-1.2774445836787656,1,0,1,0,2,0,0,2,0,0,0,2,0.6493740171459885,-0.9685881136716905,1,78,2172,4.171075662880392,4
0,1,1,0,1.6137012404433893,1,2,0,2,2,2,2,2,2,2,0,1,0.9202469281730669,1.8355484578932784,1,78,5697,-0.5164298842565965,8
0,1,1,0,-0.8702409464784621,1,2,1,0,0,2,0,2,2,0,1,2,1.156222102196656,-0.506713716174642,1,71,3172,0.2895255321415381,6
1,1,0,0,-0.9924020376385531,1,2,1,0,0,2,0,0,0,0,1,2,0.5480044001358552,-0.7472687025489526,1,72,3812,0.3734466365066409,4
1,0,1,1,-1.2774445836787656,1,0,2,1,1,1,1,1,1,0,0,0,-1.4893587220678117,-0.9969782344845048,1,76,4860,0.48205041862618536,8
1,0,1,0,-0.38159658183809786,1,2,1,2,2,2,0,2,0,0,1,2,1.1462513201956595,-0.04117750045309679,1,76,5338,-0.1874871208483382,7
0,0,0,0,0.26992923768238775,1,0,1,0,0,2,2,0,0,2,1,2,0.5214156481331973,0.40668933937795576,1,85,2224,-0.43103349089765125,4
1,0,1,0,-0.9516816739185228,1,2,1,0,0,2,0,0,0,0,1,0,0.48485611412954227,-0.7140476287773146,1,93,4533,0.24815417936344772,4
0,0,0,0,-0.7073594915983407,1,2,1,0,2,0,0,0,0,0,1,2,0.4981504901308714,-0.515250605649824,1,65,2813,-0.09014978680057928,4
0,0,1,0,-0.0965540357978854,1,2,1,0,0,2,0,2,2,0,1,2,1.1728400721983174,0.3381295138253324,1,100,4664,-0.29159357011168846,6
1,0,0,0,-1.2774445836787656,1,0,1,0,0,0,0,0,0,0,1,2,0.15249671409631763,-0.9751837983049707,1,91,5796,3.3140293940132532,2
0,0,0,0,-1.1960038562387048,1,0,1,0,0,0,2,0,2,0,0,2,0.6992279271509723,-0.8856898432641107,1,89,5641,1.7977167644790844,4
1,0,1,0,1.4100994218432374,1,2,0,2,0,2,0,2,2,2,1,2,0.4964886931307054,1.3295778276807553,1,77,6289,-0.5272509713873292,6
0,1,0,0,-1.2774445836787656,1,2,0,0,0,0,0,0,0,0,0,3,-0.47233895796614456,-0.9834780371749148,1,95,3357,2.236272213096717,2
1,0,1,0,-1.2774445836787656,1,0,1,0,0,0,0,2,0,0,1,2,0.5247392421335293,-0.9702425496164933,1,91,4273,3.9560975017933173,3
0,0,1,0,-0.8295205827584317,1,2,1,0,2,2,0,0,0,0,1,2,0.6560212051466532,-0.6012592156336328,1,84,4154,0.08362422674480635,5
0,0,0,0,-0.4223169455581282,1,0,1,0,2,0,0,0,2,0,1,3,0.6493740171459885,-0.1870987507846937,1,85,5313,-0.24139782781466707,4
1,0,0,0,-1.2367242199587352,1,0,1,0,0,0,0,0,0,0,1,2,0.09931921009100189,-0.954315846254526,1,71,2299,1.9276591196250497,2
0,1,0,0,-0.21871512695797646,1,2,1,0,0,0,0,0,2,0,1,2,0.6809481601491449,0.0033157968891300792,1,80,5172,-0.3125498129728033,4
0,0,0,0,-0.9109613101984924,1,2,1,0,2,0,0,0,0,0,1,0,0.5081212721318681,-0.639289183218164,1,76,3740,0.17274244624999383,4
1,0,0,0,-1.2774445836787656,1,0,2,1,1,1,1,1,1,0,0,3,-1.4876969250676457,-0.9969561753385741,1,83,3657,0.4849167941073464,8
0,0,0,0,-0.4223169455581282,1,0,0,2,0,0,0,0,0,0,1,1,-0.5305018529719588,-0.5405083277404783,1,100,2270,-0.41836535752112886,2
0,1,0,0,-1.2774445836787656,1,2,1,0,0,0,0,0,2,0,1,2,0.6743009721484804,-0.96825722648273,1,96,2975,4.214071295097807,4
0,0,1,0,-0.46303730927815856,1,0,1,0,2,2,2,2,2,0,1,2,1.2642389072074542,-0.07481769799741808,1,100,3123,-0.1258817629691431,7
0,0,0,0,-1.0738427650786138,1,0,1,0,0,2,2,2,2,0,1,3,1.1695164781979852,-0.7641660083318706,1,87,3722,0.9754764835974719,6
1,0,1,0,1.6137012404433893,1,2,1,2,2,2,2,2,2,1,1,0,1.7627780072572912,2.825805577868443,1,100,4432,-0.4766147508607437,9
0,1,0,0,0.880734693482843,1,2,1,0,2,0,0,0,0,0,1,2,0.4898415051300408,0.9222998163621955,1,78,5684,-0.49590477962810864,4
1,0,1,0,-1.1960038562387048,1,2,1,0,0,0,2,0,0,0,1,0,0.4948268961305394,-0.8947120339497681,1,87,5036,1.6214346723876831,4
1,0,0,0,-0.9924020376385531,1,0,1,0,0,2,0,2,2,0,1,2,0.9950277931805424,-0.679172119060874,1,94,5811,0.544792193047154,5
1,0,0,0,-1.1145631287986442,1,2,1,0,0,2,0,2,0,0,1,2,0.9219087251732329,-0.8060563264542747,1,73,2810,1.105964815025563,5
0,0,1,1,-1.2774445836787656,1,0,2,1,1,1,1,1,1,0,0,3,-1.505976692069473,-0.9971988259438118,1,84,2865,0.4533866638145754,8
0,0,0,0,-1.2367242199587352,1,2,1,0,0,0,0,0,0,0,1,2,0.358559542116917,-0.9324111143453385,1,77,4320,2.225762169665794,3
1,0,1,0,-1.2774445836787656,1,0,1,0,0,0,0,0,0,0,1,2,0.17410007509847744,-0.9748970294078716,1,85,2485,3.3512922752683467,2
1,0,1,0,1.3286586944031769,1,0,0,2,0,0,2,2,2,2,1,0,0.33363258711442517,1.1207880114466564,1,89,5207,-0.5316910432110884,5
0,0,1,0,0.025607055362205634,1,2,1,0,2,2,0,2,2,0,1,2,1.3174164112127704,0.4984774455956087,1,71,3185,-0.30957504514151435,7
0,0,0,0,-0.7073594915983407,1,0,1,2,0,0,0,2,0,0,0,2,0.7125223031523015,-0.4453892904872891,1,90,5829,-0.04392948216685814,4
0,0,1,1,-0.0965540357978854,0,1,0,0,0,0,2,2,2,0,0,1,-0.4507355969639848,-0.31687270629501646,1,79,4568,-0.47226768915003026,4
0,0,0,0,-1.2367242199587352,1,0,2,1,1,1,1,1,1,0,0,3,-1.504314895069307,-0.9918605126285817,1,82,2484,0.08362422674480635,8
0,1,0,0,-1.1552834925186746,1,2,1,0,0,0,0,0,0,0,1,2,0.33695618111475767,-0.8638292296467845,1,78,2122,1.0558987899546177,3
0,0,0,0,-1.2367242199587352,1,2,1,0,0,0,0,0,0,0,0,1,0.33695618111475767,-0.9408597672367975,1,93,2078,2.2009202488290653,3
0,0,0,0,-0.30015585439803716,1,2,1,0,2,0,0,2,2,0,1,2,1.1794872601989819,0.04765468020984207,1,74,2195,-0.21955010299337635,6
0,1,0,0,-0.30015585439803716,1,2,1,2,2,0,0,2,2,0,1,3,1.2642389072074542,0.1678549663862398,1,94,4969,-0.20830509149036017,7
1,0,0,0,0.43281069256250915,1,2,1,0,0,0,2,2,2,1,1,2,1.1711782751981514,0.852284087178146,1,93,4760,-0.40105380916059913,6
1,0,1,0,-0.9109613101984924,1,0,1,0,2,0,2,2,2,0,1,2,1.1661928841976528,-0.5686116796561932,1,69,4243,0.3791214808935857,6
0,0,0,0,-1.2367242199587352,1,2,1,0,0,0,0,2,2,0,1,0,0.9784098231788811,-0.9202785840834521,1,79,5299,2.938534205981163,5
1,1,0,0,-0.9516816739185228,1,2,1,0,0,0,0,0,2,0,1,2,0.6344178441444933,-0.6571791505679636,1,71,3723,0.29974893802434577,4
0,1,0,0,-0.21871512695797646,1,2,1,0,0,2,0,0,2,0,0,1,0.7823177771592784,0.08294931369896605,1,96,2420,-0.30006060551917324,5
1,0,0,0,1.4915401492832983,1,0,1,0,2,2,2,2,2,1,1,0,1.3057838322116073,2.1980905212643735,1,100,4254,-0.49120690189145255,7
1,0,1,0,-0.4223169455581282,1,0,1,0,0,2,0,2,2,0,1,1,0.9950277931805424,-0.16095866285681126,1,72,5615,-0.18955381911192892,5
0,1,1,0,0.9621754209229036,1,2,1,0,0,2,0,2,2,0,1,0,1.1927816362003112,1.5036906665117902,1,85,4803,-0.45917677226662934,6
0,1,1,0,1.369379058123207,1,2,0,0,2,2,0,2,2,2,1,0,0.5247392421335293,1.317092351083978,1,94,4400,-0.5237906849197292,6
1,1,1,0,-0.3408762181180675,1,2,1,2,0,0,0,0,0,0,1,2,0.46823814412788106,-0.2238934061971055,1,65,3079,-0.30001146765378195,4
0,0,0,0,-1.2774445836787656,1,0,0,0,0,0,0,0,0,0,1,3,-0.6750781919864114,-0.9861692529784606,1,65,4879,1.8865744043950756,1
1,0,0,0,0.14776814652229667,1,2,1,0,0,0,0,0,2,0,1,2,0.6693155811479823,0.347416414262158,1,69,2455,-0.3985466109510332,4
1,0,0,0,-1.2774445836787656,1,0,2,1,1,1,1,1,1,0,0,3,-1.479387940066815,-0.9968458796089206,1,89,2959,0.4992486715131514,8
1,0,0,0,-1.2774445836787656,1,0,1,0,2,0,0,0,0,0,1,2,0.31867641411292996,-0.9729778837119004,1,66,5633,3.600666942129353,3
1,0,0,0,-1.2774445836787656,1,2,0,0,0,2,2,0,0,0,0,3,-0.09012564792793624,-0.9784044336108532,1,86,2937,2.8955385737637473,4
1,0,1,0,0.26992923768238775,1,0,0,2,0,2,2,2,2,1,0,1,0.5064594751317021,0.3984833370917343,1,76,2704,-0.4323233598641737,6
1,0,0,0,-1.1145631287986442,1,2,1,0,2,2,0,2,2,0,0,3,1.3074456292117733,-0.7667028101139015,1,76,3131,1.3276311855686802,7
1,1,1,0,-0.3408762181180675,0,1,0,2,0,0,0,0,2,0,0,0,-0.8528904710041867,-0.5772588648610286,1,89,4591,-0.48231294825562154,3
1,0,0,0,-1.2367242199587352,1,2,1,0,0,0,0,0,0,0,1,2,0.39013368512007346,-0.9341096685820027,1,80,5944,2.2620695924271668,3
1,0,0,0,-1.1145631287986442,1,0,0,0,0,0,2,0,0,0,1,2,-0.5172074769706297,-0.9100872586634676,1,73,4336,0.2785377594637545,2
1,0,0,0,-0.8702409464784621,1,2,2,1,1,1,1,1,1,0,0,1,-1.38300371405718,-0.8976017820666901,1,65,5671,-0.44044475706079655,9
0,0,1,0,-1.1552834925186746,1,0,1,0,0,0,0,0,2,0,0,2,0.534710024134526,-0.8722117051004515,1,73,2961,1.1923382628578811,3
1,0,0,0,-1.2774445836787656,1,2,0,0,2,0,2,0,0,0,0,3,-0.1549357309344149,-0.9792647403021507,1,88,5654,2.7837499299984687,4
1,0,0,0,-1.2774445836787656,1,0,1,0,0,0,0,2,0,0,1,2,0.47156173812821356,-0.9709484422862759,1,75,2038,3.864373486396166,3
1,0,0,0,-1.2367242199587352,1,0,0,0,0,0,0,0,0,0,1,2,-0.6518130339840859,-0.9623233162273711,1,81,2699,1.0639246413018684,1
0,0,0,0,-1.1960038562387048,1,0,1,0,0,0,0,2,0,0,1,2,0.48651791112970877,-0.8978444326719277,1,97,2448,1.6142687336847807,3
1,0,0,0,0.47353105628253944,0,1,0,0,2,2,0,2,2,1,1,3,-0.35933676195484804,0.0422060711649586,1,100,3051,-0.524174769727155,5
0,0,1,0,-0.3408762181180675,1,0,1,0,2,2,0,2,2,0,1,1,1.1479131171958254,0.0668902554614146,1,69,4811,-0.206223661910194,6
1,0,0,0,-0.5851984004382496,1,2,1,0,2,0,0,0,0,0,1,2,0.5280628361338618,-0.3652263541751163,1,95,3788,-0.17495301402940175,4
0,0,0,0,-1.2774445836787656,1,0,1,0,0,0,0,0,0,0,0,3,0.21065960910213194,-0.9744117281973961,1,98,5824,3.4143525358538884,2
0,1,1,0,1.3286586944031769,1,2,1,0,2,2,0,2,2,1,1,2,1.3789029002189168,2.073588701631489,1,69,5965,-0.47705618934289845,7
0,0,1,0,0.8400143297628127,1,0,2,1,1,1,1,1,1,1,0,0,-1.461108173064988,-0.5549791274710191,1,78,4166,-0.6174699835362027,8
1,1,0,0,-1.2774445836787656,1,2,1,0,0,0,0,2,2,0,1,2,0.9717626351782166,-0.9643086393611343,1,67,4176,4.727152506225627,5
0,1,0,0,-0.7073594915983407,1,2,1,0,2,0,0,0,2,0,0,2,0.8338334841644282,-0.3771162338317649,1,99,2668,-0.017773805901264067,5
0,0,0,0,-1.1552834925186746,1,0,0,0,0,0,0,0,0,0,1,3,-0.6235624849812617,-0.920366820667175,1,97,5246,0.3931927787101943,1
0,0,0,0,-0.9516816739185228,1,0,0,0,2,0,2,2,0,0,0,3,0.04946530008601819,-0.7320037735649065,1,67,5515,0.09795610415061136,4
0,0,0,0,-0.4223169455581282,1,2,1,0,0,0,2,2,0,0,1,2,0.8388188751649267,-0.12614933057816283,1,95,4739,-0.21298332304489714,5
1,0,0,0,0.22920887396235737,1,0,1,0,0,0,0,0,0,1,1,0,0.18905624809997262,0.14023691568100036,1,82,5437,-0.4545193956413692,2
1,0,0,0,0.8400143297628127,1,0,2,1,1,1,1,1,1,2,0,0,-1.4960059100684764,-0.5415009893073599,1,66,6265,-0.6196993866882169,8
1,0,0,0,-1.2774445836787656,1,0,0,2,0,0,2,0,0,0,1,2,-0.35933676195484804,-0.9819780152516271,1,90,2771,2.431185745815666,3
0,1,0,0,-0.9924020376385531,1,2,1,0,2,2,0,2,2,0,1,2,1.3539759452164248,-0.6397965435745702,1,72,5546,0.6823782161428819,7
0,0,0,0,-0.6666391278783103,1,0,1,0,0,0,0,2,0,0,1,2,0.5396954151350245,-0.4268816670514297,1,83,2335,-0.11533595371225132,3
0,0,1,0,-1.2774445836787656,1,0,1,0,0,0,0,0,0,0,1,2,0.16745288709781284,-0.9749852659915943,1,96,2123,3.3398267733437024,2
1,1,0,0,-1.0331224013585834,1,2,1,0,0,0,0,0,0,0,0,3,0.29873485011093664,-0.7652689656284059,1,84,5638,0.39534256032106513,3
1,1,0,0,-0.9516816739185228,1,2,0,2,0,0,0,0,0,0,0,2,-0.3393951979528547,-0.7878134127695838,1,79,4656,-0.03619026836772345,3
0,1,0,0,0.18848851024232702,1,2,1,0,0,0,0,0,0,0,1,2,0.3818247001192428,0.2478634886768979,1,100,5859,-0.43156905052702604,3
0,0,0,0,-1.1145631287986442,1,2,1,0,0,0,0,2,2,0,1,3,0.9684390411778845,-0.7909899297836049,1,92,5435,1.1327176528497325,5
0,1,0,0,-1.1960038562387048,1,0,1,0,0,0,0,0,0,0,1,2,0.1873944510998066,-0.9154696902705591,1,67,2491,1.3562949403802906,2
0,0,1,0,-0.055833672077855064,1,2,1,0,2,0,0,0,2,0,1,2,0.8770402061687477,0.3157615398516,1,83,5219,-0.3350457419722722,5
0,0,0,0,-1.2367242199587352,1,0,1,0,0,0,0,0,0,0,1,2,0.20567421810163386,-0.944918650088047,1,94,5390,2.049957806821253,2
0,0,1,0,0.18848851024232702,1,2,1,0,0,2,0,2,2,0,1,2,1.15456030519649,0.6539503061151998,1,92,4233,-0.3614182821722963,6
0,0,0,0,0.22920887396235737,1,0,1,2,2,2,0,0,0,0,1,1,0.6360796411446599,0.42082925191953596,1,82,2157,-0.4149781133627891,5
0,1,1,0,0.6364125111626608,1,2,1,2,2,2,2,2,2,0,0,2,1.7511454282561285,1.3937699423390995,1,67,5915,-0.3868123369183929,9
1,0,0,0,-0.9109613101984924,1,0,1,2,2,2,0,2,2,0,1,2,1.3174164112127704,-0.528662566375691,1,84,5035,0.4265469661273407,7
1,1,0,0,-0.9924020376385531,0,1,0,0,0,2,0,0,0,0,1,2,-1.1752790890364146,-0.9078813440703973,1,85,5971,-0.28709366881868303,2
1,0,0,0,-1.2367242199587352,1,0,0,0,0,0,0,0,0,0,0,3,-0.6684310039857471,-0.9727352331066627,1,99,4655,1.0448154714274618,1
0,0,0,0,-1.1960038562387048,0,1,0,0,0,0,0,0,0,0,0,2,-1.3132082400502028,-0.9797941598044875,1,76,2088,0.062126410636098854,1
0,0,0,0,-1.1552834925186746,1,2,1,0,2,2,0,0,0,0,0,0,0.641065032145158,-0.8586232712071388,1,95,5552,1.2657174751756026,5
1,1,1,0,0.18848851024232702,1,2,1,0,0,0,0,2,0,0,1,2,0.6959043331506402,0.3932773786520886,1,86,4712,-0.4030561575828456,4
0,0,0,0,-1.2774445836787656,1,0,1,0,2,0,0,0,0,0,1,2,0.3303089931140931,-0.9728234696903856,1,75,4692,3.620731570497481,3
0,0,0,0,-1.1145631287986442,1,2,1,0,2,0,0,2,0,0,1,2,0.8654076271675846,-0.8048210142821554,1,73,5090,1.0734792262390718,5
0,1,0,0,-0.1779947632379461,1,2,1,0,2,2,0,2,2,0,1,2,1.3755793062185846,0.38504931721993657,1,83,5030,-0.24195649170155,7
0,0,0,0,-0.0965540357978854,1,0,0,2,2,2,2,2,2,1,0,0,0.684271754149477,0.11058942355013629,1,73,2313,-0.34596224052854874,7
1,1,0,0,0.14776814652229667,1,2,1,2,0,0,0,2,0,0,1,2,0.8670694241677506,0.40013777303653697,1,92,5692,-0.38010884434248415,5
0,0,0,0,-1.2774445836787656,0,1,0,0,0,0,0,2,0,0,1,2,-0.9642308700153169,-0.9900075443704027,1,70,3351,1.3878250706730615,2
0,1,1,1,-1.1552834925186746,1,0,0,0,0,0,0,0,0,0,0,2,-0.6235624849812617,-0.9256610156905436,1,92,4797,0.3931927787101943,1
1,0,1,0,-0.62591876415828,1,0,1,2,0,2,0,2,0,0,1,2,0.8188773111629334,-0.32660078965045625,1,96,2544,-0.09218013609973498,5
1,0,0,0,-1.1960038562387048,1,0,2,1,1,1,1,1,1,0,1,3,-1.4943441130683104,-0.980125046993448,1,79,4323,-0.09409105308717564,8
1,0,1,1,-1.1552834925186746,1,2,0,0,0,0,0,0,0,0,1,2,-0.4607063789649817,-0.9062489672715255,1,69,5691,0.5055546975717056,2
1,0,0,0,-1.1552834925186746,1,0,1,0,0,0,0,2,0,0,1,2,0.5396954151350245,-0.8554026359012562,1,88,3591,1.1957779134352744,3
1,0,0,0,-0.2594354906780068,1,2,1,0,0,2,0,2,2,0,1,2,1.116338974192669,0.10392756147906419,1,99,4997,-0.24399187454641022,6
1,0,0,0,-1.1145631287986442,0,1,0,0,2,0,0,2,2,0,1,3,-0.4573827849646494,-0.8707999197608866,1,86,4630,0.31293426523768636,4
0,0,1,0,-1.1552834925186746,1,2,1,0,2,0,0,2,0,0,1,2,0.893658176170409,-0.8445715952492813,1,90,2140,1.439993104430192,5
1,0,0,0,-1.2774445836787656,1,0,1,0,0,0,0,2,2,0,1,2,0.8670694241677506,-0.9656983655547686,1,80,5086,4.546570850912484,4
1,0,0,0,-1.2774445836787656,1,0,1,0,0,0,0,0,0,0,0,3,0.15415851109648415,-0.9751617391590399,1,84,2847,3.316895769494415,2
0,1,0,0,-0.9924020376385531,1,0,1,0,0,2,0,2,2,0,1,1,0.9867188081797118,-0.6780029843265468,1,83,3676,0.5416073314014196,5
0,0,1,1,-1.2774445836787656,1,0,2,1,1,1,1,1,1,0,1,1,-1.4827115340671475,-0.9968899979007819,1,70,4277,0.4935159205508293,8
1,1,0,0,0.7178532386027215,1,2,1,0,0,0,0,2,2,0,1,2,1.0282637331838649,1.119265930377438,1,73,4287,-0.4464866269475575,5
0,0,0,0,-0.2594354906780068,1,2,1,0,0,0,0,0,0,0,1,0,0.3386179781149237,-0.19623123720000457,1,76,2934,-0.34335955789332484,3
0,0,0,0,-1.0738427650786138,0,1,0,0,0,2,0,2,2,0,1,2,-0.5587524019747828,-0.8711749252417085,1,80,2240,0.12375348348106043,4
0,0,0,0,-1.1960038562387048,1,2,0,0,0,0,2,2,0,0,1,2,-0.03860994092278629,-0.9371097124285781,1,70,3155,1.1613814076613425,4
1,0,0,0,-1.1960038562387048,0,1,0,0,2,0,2,0,0,0,1,3,-0.9276713360116622,-0.9578232504575079,1,91,5825,0.3946259664507749,3
0,0,0,0,-1.2774445836787656,1,0,0,0,0,0,0,0,0,0,1,2,-0.6867107709875744,-0.9863236669999754,1,70,5955,1.8665097760269487,1
1,0,0,0,-0.748079855318371,0,1,0,0,0,2,0,2,2,0,1,2,-0.46569176996548,-0.6913267084686912,1,82,4883,-0.27371724990659835,4
0,1,1,0,1.1657772395230555,1,2,1,0,2,2,0,2,2,1,1,1,1.3174164112127704,1.8199967600121332,1,84,4412,-0.46856914014208056,7
0,1,1,0,0.3106496014024181,0,1,0,0,2,0,0,2,0,0,1,2,-0.8462432830035223,-0.28338692277221006,1,99,2296,-0.5517323677135149,3
0,0,0,0,1.0436161483629645,1,0,1,2,2,2,0,2,2,1,1,2,1.3855500882195813,1.7056642066533023,1,82,5902,-0.45476853736072254,7
0,0,0,0,-0.5851984004382496,1,0,1,2,0,0,0,2,2,0,1,2,1.0398963121850275,-0.23781272727937874,1,97,5581,-0.0820221036928136,5
0,0,0,0,-1.0331224013585834,1,2,1,0,0,0,0,0,0,0,1,0,0.3436033691154218,-0.7618277388632162,1,96,5514,0.4146905948189018,3
1,1,0,0,-1.2367242199587352,1,0,0,0,0,0,0,0,0,0,1,2,-0.6667692069855808,-0.9644409942367187,1,98,4618,1.0467263884149025,1
1,0,0,0,-0.5444780367182193,1,0,0,0,0,2,2,0,0,0,1,1,-0.3244390249513595,-0.544081909381252,1,73,4539,-0.3463320954293437,3
1,0,1,0,-0.8702409464784621,1,2,1,0,0,0,0,0,0,0,1,2,0.31867641411292996,-0.6377450430030148,1,80,5075,0.04874999172401413,3
0,0,1,0,0.26992923768238775,1,0,1,2,0,2,2,2,2,1,1,1,1.327387193213767,0.8184453573204484,1,68,2371,-0.361523885479497,7
0,0,0,0,-0.7073594915983407,1,2,0,2,0,0,0,0,0,0,1,3,-0.3011738669490337,-0.6088034435419332,1,73,4519,-0.2624906126053844,3
0,0,0,0,-1.1145631287986442,1,0,2,1,1,1,1,1,1,0,0,1,-1.4926823160681442,-0.9581100193546068,1,99,3799,-0.28231637635008133,8
0,0,0,0,-1.2774445836787656,1,0,1,0,0,0,0,0,0,0,1,2,0.18407085709947407,-0.9747646745322872,1,88,5963,3.3684905281553124,2
1,1,1,0,-0.9109613101984924,1,2,1,0,0,0,0,0,2,0,0,2,0.6909189421501416,-0.6300022827813382,1,81,3336,0.23006995587321383,4
1,0,0,0,-1.0738427650786138,1,0,1,0,0,2,0,2,2,0,0,3,0.9883806051798778,-0.7519011231944002,1,100,3469,0.8862093614698864,5
0,1,1,0,-0.6666391278783103,1,2,1,0,0,0,0,0,2,0,1,1,0.684271754149477,-0.3990871431787446,1,66,5769,-0.08599775761095638,4
0,0,0,0,-1.2367242199587352,1,0,1,0,0,0,0,2,0,0,1,3,0.4948268961305394,-0.9384112020384897,1,100,5082,2.3824573626359284,3
0,1,0,0,-1.2367242199587352,1,0,1,0,0,0,0,0,2,0,1,2,0.4931650991303729,-0.9197271054351845,1,94,4322,2.3805464456484877,3
1,1,0,0,-0.5444780367182193,1,2,1,2,0,0,0,2,0,0,1,2,0.85876043916692,-0.27341618881153257,1,87,2373,-0.14224616117068054,5
0,0,0,0,-1.2774445836787656,1,0,2,1,1,1,1,1,1,0,1,0,-1.481049737066981,-0.9968679387548512,1,98,3061,0.49638229603199036,8
1,0,1,0,1.369379058123207,1,2,1,2,0,2,0,2,2,2,1,1,1.3722557122182522,2.0742725351553406,1,83,5602,-0.4801533268483229,7
0,0,0,0,0.14776814652229667,1,2,1,0,2,0,0,2,2,0,1,2,1.1429277261953275,0.5893611268301029,1,75,4188,-0.35438893461963406,6
0,0,1,0,0.26992923768238775,0,1,0,2,0,2,0,2,2,0,0,2,-0.29452667894836937,-0.04208192543625567,1,67,5632,-0.5014030089601538,5
1,0,0,0,-0.46303730927815856,1,2,1,0,2,0,0,0,0,0,1,2,0.5845639341395097,-0.18833406295681313,1,90,2902,-0.2324588149504931,4
1,0,0,0,-1.2367242199587352,0,1,0,0,2,2,2,0,0,0,1,1,-0.8096837489998675,-0.971742571539781,1,86,3620,0.8823875274950052,4
0,0,0,0,-1.1552834925186746,1,2,1,0,0,0,0,0,0,0,0,2,0.35191235411625243,-0.8566158889274449,1,92,2220,1.066217741686797,3
1,0,0,0,0.10704778280226633,1,0,1,0,0,2,0,2,0,1,1,2,0.677624566148813,0.3312691194408839,1,81,5928,-0.39044242922276573,4
0,0,1,0,0.025607055362205634,1,0,1,0,0,2,0,2,2,1,1,2,0.9651154471775519,0.37269619549874317,1,76,5080,-0.3453204334948163,5
1,0,0,0,0.5142514200025698,1,0,2,1,1,1,1,1,1,1,1,2,-1.4744025490663168,-0.5952811870864125,1,87,5398,-0.610786389821676,8
1,1,1,0,-1.0331224013585834,1,2,1,2,2,0,0,0,2,0,1,1,0.9950277931805424,-0.7088196111917382,1,75,3591,0.6955953919726799,6
1,0,0,0,-1.0738427650786138,0,1,0,0,2,0,0,0,0,0,1,1,-1.1387195550327598,-0.9137049585961029,1,93,4667,-0.16206510021185086,2
1,1,0,0,-1.1960038562387048,1,2,1,0,0,0,0,0,0,0,1,2,0.40675165512173467,-0.9008885948103648,1,96,3128,1.5454757221369164,3
0,0,0,1,-0.8702409464784621,1,0,2,1,1,1,1,1,1,0,0,1,-1.4843733310673135,-0.9081239946756352,1,95,4500,-0.4695862411192667,8
0,0,0,0,-1.2774445836787656,1,0,1,0,0,2,0,0,0,0,0,2,0.3502505571160864,-0.972558759939217,1,66,2176,3.6551280762714127,3
0,1,1,0,0.3106496014024181,1,0,1,0,2,0,2,2,2,1,1,1,1.1445895231954935,0.7863934182831375,1,69,5098,-0.3842241810583501,6
1,1,0,0,0.5956921474426305,1,0,1,2,0,0,0,0,2,0,0,3,0.6892571451499756,0.777613878202718,1,68,3645,-0.45740414532433243,4
0,0,0,0,-1.0331224013585834,1,0,2,1,1,1,1,1,1,0,0,3,-1.4860351280674797,-0.933050829577329,1,89,5595,-0.37427925637066345,8
1,0,0,0,-1.2774445836787656,1,0,1,0,0,0,0,0,0,0,0,2,0.1873944510998066,-0.9747205562404259,1,70,4238,3.374223279117635,2
1,0,1,0,-1.0331224013585834,1,0,0,2,0,0,0,0,0,1,1,2,-0.4989277099688025,-0.8596159327740204,1,75,5651,0.0513775025817451,2
0,1,0,0,-0.7073594915983407,1,0,1,0,2,0,0,0,0,0,1,1,0.3502505571160864,-0.4995444937471637,1,99,4526,-0.12203821402849543,3
0,0,1,0,-0.8702409464784621,1,2,1,0,0,0,0,2,2,0,1,2,0.9717626351782166,-0.5297875828181567,1,67,2120,0.23649758574005966,5
1,0,0,0,1.4100994218432374,1,2,1,2,2,2,2,2,2,1,1,0,1.7810577742591183,2.4372778405909807,1,91,6255,-0.46208308177152174,9
1,0,0,0,-0.9924020376385531,0,1,0,2,0,0,0,0,0,0,1,2,-1.140381352032926,-0.9058739617907036,1,94,4549,-0.27371724990659835,2
0,0,1,0,0.47353105628253944,1,2,1,0,0,0,0,2,2,0,1,2,1.0415581091851935,0.9195865414127193,1,87,5606,-0.41678123503298964,5
1,1,1,0,-0.3408762181180675,1,2,1,0,2,2,0,2,2,0,1,2,1.3124310202122718,0.0680152719038805,1,80,2104,-0.18352196809939889,7
1,1,0,0,-0.7073594915983407,1,2,1,0,2,0,0,0,0,0,1,2,0.5131066631323666,-0.46874992602790305,1,76,4958,-0.08692511438427314,4
0,0,1,0,-0.62591876415828,1,2,1,2,0,2,0,2,2,0,1,2,1.3107692232121058,-0.23657741510725944,1,79,2365,0.002091768614004555,7
1,1,0,0,-1.2774445836787656,1,0,1,0,0,0,0,0,0,0,1,2,0.16246749609731476,-0.9750514434293864,1,78,5844,3.3312276469002198,2
1,0,0,0,-0.9516816739185228,1,0,1,0,0,0,0,0,2,0,1,2,0.53304822713436,-0.6911722944471762,1,90,3890,0.2647791571541816,3
0,0,0,0,-1.0331224013585834,1,0,1,0,0,0,0,2,0,0,1,3,0.5164302571326987,-0.7734087904768351,1,75,3949,0.48921635732908786,3
1,1,1,0,0.14776814652229667,1,2,1,0,0,0,0,0,2,0,1,2,0.642726829145324,0.3272984731733574,1,79,2987,-0.4010256383941996,4
1,0,0,0,-1.1960038562387048,1,0,0,0,0,0,2,2,2,0,1,2,0.15249671409631763,-0.9213594822340566,1,98,3520,1.3261979978280998,4
0,1,1,0,0.06632741908223598,1,2,1,0,2,0,0,0,0,0,1,3,0.4931650991303729,0.19348769395771626,1,66,3980,-0.4008751260137216,4
0,1,0,0,-1.2774445836787656,0,1,0,0,0,0,0,2,0,0,1,2,-0.9409657120129912,-0.9896987163273729,1,96,5303,1.4279543274093156,2
1,0,0,0,-0.4223169455581282,1,0,1,0,2,2,0,2,0,0,1,2,0.8188773111629334,-0.12275222210483461,1,99,5438,-0.21597432354697818,5
0,1,1,0,0.5956921474426305,1,2,1,2,0,0,0,0,0,0,0,2,0.5180920541328647,0.6821198354687068,1,95,5915,-0.46970567343098174,4
0,1,1,0,-0.3408762181180675,0,1,0,0,0,2,0,0,2,0,1,1,-0.801374763999037,-0.5940238157683625,1,85,3843,-0.47520433706234233,3
1,0,1,0,0.8400143297628127,0,1,0,0,2,2,2,2,2,1,1,2,-0.143303151933252,0.3990568748859326,1,98,5650,-0.5332834740339556,6
0,0,1,0,-0.9924020376385531,1,2,1,0,0,0,0,0,2,0,1,2,0.6693155811479823,-0.6682969601170378,1,85,2656,0.41994561653436374,4
0,0,1,0,-1.2367242199587352,1,0,1,0,2,0,0,0,0,0,1,0,0.2920876621102721,-0.9416318373443722,1,97,5799,2.149325490168167,3
0,0,1,0,-0.9924020376385531,1,0,2,1,1,1,1,1,1,0,0,0,-1.4827115340671475,-0.9368450026774098,1,98,4785,-0.4049335497108575,8
0,0,1,0,0.6364125111626608,0,1,0,0,2,2,0,0,0,1,0,3,-0.9991286070188055,-0.29790184079461235,1,90,5995,-0.5804389255437584,3
0,1,1,0,0.43281069256250915,1,2,1,0,0,2,2,2,2,1,1,2,1.422109622223236,0.9944994009933846,1,93,4423,-0.3813800501762668,7
1,1,1,0,-0.6666391278783103,1,2,1,0,0,2,0,2,2,0,1,2,1.1296333501939984,-0.3053798912651205,1,87,3392,0.004377375206825736,6
0,0,1,0,-0.9924020376385531,1,0,1,0,2,2,0,2,2,0,0,2,1.2093996062019723,-0.6339067516110726,1,76,2750,0.6269616235071026,6
1,0,0,0,-0.5037576729981889,1,2,1,0,0,2,0,2,0,0,1,2,0.7956121531606076,-0.2286581817181372,1,86,4115,-0.17735243611137613,5
0,0,0,0,-1.2367242199587352,1,0,1,0,0,0,0,2,0,0,1,2,0.4981504901308714,-0.9332052435988438,1,98,5172,2.38627919661081,3
0,0,0,0,-0.21871512695797646,1,2,1,0,0,0,0,2,2,0,1,3,0.9900424021800438,0.19626714634498466,1,89,4464,-0.2744679672945215,5
0,1,0,0,-1.1145631287986442,1,0,1,0,0,0,0,0,0,0,1,3,0.142525932095321,-0.8652630741322802,1,74,3368,0.6578547814707267,2
1,0,1,0,0.7992939660427822,1,2,1,0,0,2,2,0,2,2,1,0,1.0465435001856922,1.1958332259029063,1,97,4751,-0.45341555680101875,6
1,1,0,0,0.18848851024232702,1,2,1,0,0,2,0,2,2,0,1,2,1.2077378092018058,0.6460310727260777,1,87,4424,-0.3565907024145515,6
1,0,0,0,1.4915401492832983,1,2,1,0,2,0,2,2,2,1,1,0,1.327387193213767,2.179715252704099,1,71,6350,-0.490142248141307,7
1,0,0,1,0.3106496014024181,1,0,0,2,2,0,0,0,0,0,1,3,-0.3161300399505289,-0.062001334211680054,1,65,2810,-0.5071287687627657,3
0,0,0,0,-1.0738427650786138,1,2,1,0,2,0,0,2,0,0,1,2,0.8421424691652587,-0.775791178237351,1,71,5656,0.8141404922292669,5
1,0,0,0,-0.8702409464784621,1,2,0,0,0,2,0,0,0,0,0,2,-0.3659839499555126,-0.7375406191935128,1,99,3407,-0.14807445798237445,3
0,0,0,0,-1.0738427650786138,1,0,1,0,0,0,0,2,2,0,0,2,0.8155537171626008,-0.75095257991938,1,100,5800,0.8010370614582452,4
0,0,1,0,-1.1960038562387048,1,2,1,0,0,0,0,2,2,0,1,2,1.0116457631822036,-0.8765794159947307,1,86,4176,2.0671560597082186,5
0,1,0,0,-1.1145631287986442,0,1,0,0,0,0,0,2,2,0,0,2,-0.6335332669822583,-0.9184256158252732,1,73,3561,0.2116556649033311,3
1,0,1,0,-0.9924020376385531,1,0,1,2,0,0,0,0,0,0,1,2,0.3236618051134285,-0.7367023716481461,1,88,3683,0.28745537207181093,3
0,0,0,0,-1.2774445836787656,1,0,1,0,0,0,0,2,0,0,1,2,0.4948268961305394,-0.970639614243246,1,71,2119,3.90450274313242,3
0,1,1,0,-0.1779947632379461,1,2,1,0,0,0,2,2,2,0,1,1,1.2143849972024705,0.23491477001557537,1,68,4994,-0.2611315552651788,6
0,0,1,0,-1.2774445836787656,1,0,1,0,0,0,0,2,0,0,1,3,0.5081212721318681,-0.9704631410758002,1,82,2943,3.9274337469817073,3
1,0,1,0,-0.13727439951791576,1,2,1,0,0,2,0,0,2,0,1,2,0.8122301231622688,0.18468609473136585,1,91,5292,-0.3207258077976387,5
1,0,1,0,-0.5444780367182193,1,2,1,0,0,0,0,0,2,0,1,2,0.6277706561438292,-0.3591159707523117,1,88,3427,-0.18208878035881834,4
0,0,1,0,-1.0738427650786138,1,0,2,1,1,1,1,1,1,0,0,0,-1.504314895069307,-0.9412347727176195,1,67,5579,-0.3422372733133994,8
1,0,0,0,-1.2774445836787656,1,0,0,0,0,0,2,0,0,0,0,3,-0.44907379996381874,-0.983169209131885,1,94,2180,2.2764014698329715,2
1,0,0,0,-1.2774445836787656,1,0,0,0,0,0,0,0,0,0,1,2,-0.6368568609825906,-0.9856618926220544,1,88,3037,1.9525010404617786,1
0,0,0,0,-1.0738427650786138,1,0,0,0,0,0,2,0,0,0,1,0,-0.5022513039691348,-0.8878295804193889,1,88,4248,0.15159827386948146,2
1,0,1,1,-0.7073594915983407,1,0,2,1,1,1,1,1,1,0,1,2,-1.4876969250676457,-0.878697094004078,1,73,4672,-0.5183146242990037,8
0,0,1,0,-0.30015585439803716,0,1,0,0,0,0,0,2,0,0,1,0,-1.0223937650211312,-0.6294508041330706,1,93,5024,-0.5116999116501706,2
1,1,1,0,-0.9109613101984924,1,0,1,0,2,2,2,2,0,0,1,3,0.9219087251732329,-0.5936708694334712,1,77,2415,0.3025110816698281,6
0,0,1,0,-0.7888002190384014,1,0,1,0,0,0,0,2,2,0,0,2,0.7839795741594444,-0.4663013608295951,1,81,3740,0.061921669530301565,4
0,0,1,0,0.6771328748826912,1,2,1,0,2,2,2,2,2,2,1,0,1.435403998224565,1.3294895910970326,1,92,5785,-0.4140932118039897,8
0,1,0,0,-1.2774445836787656,1,2,1,0,0,0,0,0,0,0,1,3,0.32200000811326246,-0.9729337654200391,1,67,4291,3.6063996930916757,3
0,0,0,0,0.18848851024232702,1,0,0,0,0,0,0,2,2,0,1,2,-0.00038860991896550476,0.028882347022814177,1,80,5554,-0.4662672800358171,3
1,0,0,0,-0.2594354906780068,1,0,1,0,2,2,0,2,0,0,0,2,0.8321716871642622,0.024514636128535248,1,71,3452,-0.28029929730778286,5
0,0,0,0,-0.8295205827584317,1,0,1,0,0,2,0,2,2,1,0,3,1.0216165451832002,-0.5137947020183975,1,88,3538,0.18064001226102477,5
0,1,0,0,-0.9109613101984924,0,1,0,0,0,0,2,0,0,0,1,2,-1.166970104035584,-0.8772191312267209,1,89,5702,-0.3525860055700586,2
1,0,1,0,-1.1145631287986442,1,2,1,2,0,2,0,0,0,0,1,2,0.6560212051466532,-0.80559308438973,1,98,5141,0.9530914560303099,5
1,0,0,0,-0.5851984004382496,1,2,1,0,0,2,0,0,2,0,1,1,0.8620840331672525,-0.3011004169545642,1,89,2931,-0.1143065433227322,5
0,1,0,0,-1.1960038562387048,1,0,1,0,0,0,0,0,0,0,1,2,0.18407085709947407,-0.9018812563772464,1,98,5165,1.3534285648991293,2
0,0,0,0,0.880734693482843,1,2,1,2,0,2,0,2,2,1,1,0,1.302460238211275,1.4820727034997019,1,99,6117,-0.44493541198128206,7
0,0,0,0,-0.9109613101984924,1,2,1,0,0,0,0,0,0,0,1,2,0.3319707901142591,-0.6529879128411301,1,69,5578,0.1174995733403455,3
0,0,0,0,-1.2774445836787656,1,0,0,0,0,0,2,0,0,0,1,2,-0.46402997296531395,-0.9833677414452612,1,68,4535,2.2506040905025224,2
1,0,0,0,-1.2367242199587352,1,0,1,0,0,0,0,2,0,0,1,2,0.5147684601325326,-0.9420068428251941,1,80,5055,2.4053883664852167,3
1,0,1,0,-0.015113308357824713,1,2,1,0,0,2,0,0,0,0,1,2,0.46989994112804756,0.07421389191040778,1,90,5949,-0.3875036705223835,4
1,0,0,0,0.14776814652229667,1,2,1,0,0,0,0,0,2,0,1,2,0.6643301901474837,0.3398942454997886,1,76,5272,-0.39901142859662697,4
1,0,0,0,0.8400143297628127,1,2,1,0,0,0,0,2,0,0,0,0,0.6875953481498096,0.9871537053984608,1,90,4753,-0.4802024466050482,4
1,0,1,1,-1.2774445836787656,1,0,2,1,1,1,1,1,1,0,0,3,-1.491020519067978,-0.9970002936304354,1,67,5441,0.47918404314502433,8
1,1,0,0,-0.8295205827584317,1,2,1,0,0,2,0,2,2,0,1,2,1.1528985081963241,-0.4762941539362033,1,98,2819,0.2154774988782124,6
0,0,0,0,-1.2774445836787656,1,0,1,0,0,0,0,0,0,0,1,2,0.19404163910047073,-0.9746323196567032,1,85,4063,3.3856887810422784,2
0,0,0,0,-1.1145631287986442,1,0,1,0,0,0,0,2,0,0,1,1,0.5396954151350245,-0.8338949686188213,1,96,3718,0.8862093614698864,3
1,0,0,0,-1.0738427650786138,1,0,1,0,2,0,0,2,0,0,1,2,0.6676537841478158,-0.7748205758164001,1,72,3420,0.7281492277944368,4
0,1,0,0,-0.2594354906780068,1,2,1,0,2,0,0,2,0,0,1,2,0.8105683261621028,-0.0009195591295647574,1,89,4074,-0.283059510734086,5
0,1,1,0,-1.2774445836787656,0,1,0,0,0,0,0,0,0,0,1,2,-1.328164413051698,-0.9948384973292265,1,73,5377,0.7600888402988024,1
1,0,0,0,1.2879383306831464,1,2,1,0,2,0,2,2,2,1,1,1,1.3589613362169235,2.0397499717737912,1,98,4870,-0.47527489399726314,7
1,0,0,0,-0.7888002190384014,1,0,1,0,0,0,0,0,2,0,1,2,0.534710024134526,-0.5607586237048631,1,85,5964,0.0004993377911372875,3
0,0,1,0,-0.9516816739185228,1,0,1,0,0,0,0,2,2,0,0,2,0.8205391081630994,-0.6294066858412093,1,91,4971,0.3639557488023522,4
1,0,0,0,-0.9109613101984924,1,2,0,0,0,0,0,2,2,0,1,1,0.2455573461056209,-0.655370300601646,1,98,2457,0.09039929606391423,4
0,0,0,0,-1.2367242199587352,1,0,0,0,0,2,2,2,2,0,0,2,0.3868100911197414,-0.9348376203977158,1,100,3005,2.2582477584522853,5
0,1,0,0,-0.5037576729981889,1,2,0,0,0,0,0,0,2,0,1,3,-0.10508182092943122,-0.4876766732364458,1,85,3866,-0.3253120085674963,3
1,0,1,0,-0.9516816739185228,1,0,1,0,2,2,0,0,0,0,1,2,0.50313588113137,-0.6785544629748144,1,100,4748,0.254460205422002,4
1,1,0,0,-0.015113308357824713,1,2,1,0,0,0,0,2,2,0,1,1,1.04321990618536,0.3262616933146144,1,79,2246,-0.3275703650071989,5
0,0,1,0,1.5322605130033284,1,2,0,2,0,2,2,0,0,2,0,1,0.017891157082861757,1.094140563162368,1,85,5591,-0.556183077838849,5
1,0,0,0,-1.2774445836787656,1,0,2,1,1,1,1,1,1,0,0,3,-1.4993295040688086,-0.9971105893600889,1,69,5717,0.4648521657392193,8
1,0,0,0,-1.2774445836787656,1,2,1,0,0,0,0,2,0,0,1,3,0.6610065961471517,-0.9684336996501757,1,79,4261,4.19114029124852,4
0,1,1,0,-1.2774445836787656,1,0,1,0,0,0,0,0,0,0,1,2,0.15914390209698223,-0.9750955617212478,1,67,5948,3.3254948959378976,2
0,0,0,0,-0.7888002190384014,0,1,0,0,2,0,0,0,0,0,1,2,-1.1204397880309327,-0.8525790652221262,1,97,5131,-0.40734494495691353,2
1,0,0,0,-1.0331224013585834,1,0,0,2,0,0,0,0,0,0,1,3,-0.4573827849646494,-0.8495790213755507,1,90,3736,0.06929234933900136,2
0,0,1,1,-1.2774445836787656,1,0,0,0,0,0,0,0,0,0,1,0,-0.6784017859867437,-0.9862133712703219,1,90,4599,1.8808416534327537,1
0,0,0,0,-1.0331224013585834,1,0,1,0,0,0,0,2,0,0,1,2,0.4964886931307054,-0.7472245842570913,1,98,3109,0.48061723088560493,3
1,0,0,1,0.880734693482843,1,2,0,0,2,0,0,0,0,0,1,1,-0.3244390249513595,0.3586445195408857,1,84,5282,-0.5469783791106138,3
0,1,0,0,-1.1145631287986442,1,0,1,0,0,2,0,2,0,0,1,3,0.6676537841478158,-0.8224462718807867,1,74,3305,0.959779665486352,4
1,1,0,0,-1.2774445836787656,1,2,1,0,0,0,0,0,0,0,1,2,0.2954112561106046,-0.9732867117549302,1,86,5443,3.5605376853931,3
1,0,1,0,0.025607055362205634,1,0,0,0,0,2,2,2,2,1,1,3,0.30372024111143525,0.05528714470186521,1,73,5374,-0.4124273418184679,5
0,0,1,0,0.9214550572028734,1,2,1,0,0,2,0,0,0,0,1,2,0.43167861012422654,0.9610797949083704,1,79,4398,-0.5024471885997195,4
0,1,1,0,-1.0738427650786138,1,2,1,0,0,0,0,0,2,0,1,2,0.6510358141461546,-0.7962620656610429,1,77,5721,0.7199595835625483,4
0,0,0,0,-0.9924020376385531,1,0,1,2,0,0,0,2,0,0,0,2,0.6709773781481484,-0.7108931709092242,1,81,4437,0.42058258886351074,4
1,0,0,0,-0.8702409464784621,1,0,1,0,0,0,2,0,0,0,1,2,0.3020584441112687,-0.5971341553445915,1,66,3634,0.04397269925541243,3
1,0,1,0,0.6771328748826912,0,1,0,0,2,0,0,2,2,1,1,0,-0.4307940329619915,0.1153762582170987,1,67,5375,-0.5428507984177419,4
0,1,1,0,-1.2774445836787656,1,0,0,0,0,0,0,0,0,0,0,2,-0.6235624849812617,-0.9854854194546088,1,67,4531,1.9754320443110664,1
1,1,0,0,-0.7073594915983407,1,0,1,0,0,0,0,0,2,0,1,2,0.48651791112970877,-0.49572826150115223,1,74,3621,-0.09265786534659512,3
1,1,1,0,-0.6666391278783103,1,0,1,0,0,0,0,0,0,0,1,0,0.23392476710445778,-0.49056642135336787,1,86,3327,-0.1773845523632659,2
1,1,1,0,0.47353105628253944,1,2,1,0,2,0,0,0,2,1,0,3,0.785641371159611,0.72052480853406,1,99,2674,-0.43639998277071373,5
0,0,0,1,-1.1145631287986442,1,0,0,0,0,0,0,0,0,0,0,3,-0.6235624849812617,-0.9079695806541203,1,85,4846,0.21738841586565308,1
1,0,0,0,-1.1552834925186746,1,2,0,0,0,0,0,0,0,0,0,1,-0.43245582996215753,-0.9170579487775696,1,83,3865,0.5250460508436003,2
1,0,1,0,-0.0965540357978854,1,2,1,2,2,0,0,2,0,0,1,2,0.9850570111795457,0.2466061173588477,1,71,2792,-0.3124903720066041,6
0,0,0,0,-1.2774445836787656,1,0,1,0,0,0,0,0,0,0,1,3,0.179085466098976,-0.9748308519700793,1,96,3208,3.3598914017118298,2
1,0,0,0,-0.9516816739185228,0,1,0,0,0,0,0,2,0,0,1,1,-0.9991286070188055,-0.875145571509235,1,95,5352,-0.26378048157190687,2
0,0,0,0,-1.2774445836787656,1,0,1,0,0,0,0,0,2,0,1,2,0.5430190091353566,-0.9699998990112556,1,85,2075,3.987627632086088,3
0,0,1,1,-1.2774445836787656,1,0,2,1,1,1,1,1,1,0,0,3,-1.4694171580658184,-0.9967135247333362,1,78,3797,0.5164469244001174,8
0,0,0,0,1.1657772395230555,1,2,1,0,0,2,2,2,2,2,1,2,1.3905354792200795,1.8303204403077018,1,68,4183,-0.46450073623333593,7
1,0,1,0,1.0843365120829946,1,2,1,2,2,2,2,2,0,0,1,2,1.395520870220578,1.7528928380909359,1,81,4508,-0.4576430099477625,8
0,0,0,0,-1.1960038562387048,1,0,1,0,0,0,0,2,2,0,1,2,0.8205391081630994,-0.8996974009301067,1,84,3591,1.902339469541461,4
0,0,0,0,-1.1960038562387048,1,0,1,0,2,0,2,2,2,0,1,2,1.1013828011911744,-0.8666748594718452,1,86,4330,2.1445481976995655,6
1,0,0,0,-1.2774445836787656,1,0,0,0,0,0,0,0,2,0,1,3,-0.3011738669490337,-0.9812059451440526,1,79,4629,2.5315088876563006,2
1,0,0,0,-0.7888002190384014,1,0,1,0,2,2,0,0,0,0,1,2,0.4998122871310375,-0.5763103215860084,1,75,5067,-0.008099788652345633,4
0,0,1,0,-0.5851984004382496,0,1,0,0,0,2,0,2,0,0,1,2,-0.8545522680043529,-0.7102534556772339,1,66,2601,-0.42598716143213355,3
0,1,1,0,-1.1960038562387048,1,0,1,0,0,0,2,2,0,0,1,3,0.6360796411446599,-0.8878075212734581,1,68,3464,1.7432556303370257,4
0,1,0,0,-1.2774445836787656,1,0,1,0,0,0,0,0,0,0,1,2,0.16911468409797886,-0.9749632068456637,1,68,5056,3.3426931488248632,2
0,0,0,0,-1.2774445836787656,1,0,0,0,0,0,0,2,0,0,1,3,-0.3726311379561772,-0.9821544884190726,1,79,2326,2.4082547419663776,2
0,0,1,0,1.5322605130033284,1,2,1,2,2,2,2,0,0,2,0,0,0.9684390411778845,1.8967846469969085,1,95,6173,-0.5099980982550718,7
1,0,1,0,1.4508197855632678,1,2,1,2,2,2,2,2,2,2,1,2,1.608230886241842,2.460153174921119,1,90,4610,-0.4736157834623481,9
0,1,1,0,-0.2594354906780068,1,0,1,0,2,0,0,0,2,0,0,2,0.6709773781481484,-0.04852319604802076,1,75,4316,-0.30089473595019894,4
1,0,1,0,-0.8702409464784621,1,2,1,0,2,0,0,0,0,0,1,0,0.5230774451333633,-0.6100828740059139,1,75,5119,0.10751068908781465,4
1,0,0,0,-1.2774445836787656,1,0,2,1,1,1,1,1,1,0,1,3,-1.5109620830699715,-0.9972650033816037,1,99,4266,0.44478753737109245,8
1,0,0,0,-1.2774445836787656,1,0,0,0,0,2,0,0,0,0,1,3,-0.5022513039691348,-0.9838751018016674,1,97,5338,2.1846774544358194,2
0,0,0,0,0.5549717837226001,1,0,0,0,0,2,2,0,0,2,0,1,-0.34604238595351905,0.0795963235174993,1,83,2793,-0.5290482856752662,3
1,0,0,0,-1.1552834925186746,1,0,1,0,0,0,0,2,2,0,1,2,0.787303168159777,-0.8422553849265575,1,98,2456,1.3666138921124702,4
1,1,0,0,-0.4223169455581282,1,2,1,0,0,0,2,2,0,0,1,0,0.8554368451665879,-0.16285574940685177,1,71,5014,-0.21049082262649627,5
1,0,1,0,-0.9516816739185228,1,0,1,0,2,2,2,2,0,0,1,3,1.0000131841810405,-0.6128623263931824,1,72,3016,0.42586945919542973,6
1,0,1,0,-1.0331224013585834,1,0,1,0,0,0,0,0,0,0,1,0,0.1724382780983114,-0.7721734783047157,1,90,3296,0.3408814261790062,2
0,0,0,0,-1.2774445836787656,1,0,0,2,0,0,0,0,0,0,1,1,-0.5371490409726233,-0.9843383438662122,1,83,4207,2.1244835693314386,2
0,1,0,0,0.3106496014024181,0,1,0,2,2,0,0,2,2,0,1,2,-0.29785027294870164,-0.0751706443323094,1,90,4272,-0.5055907136265329,5
1,0,1,0,-0.13727439951791576,1,2,1,0,2,0,0,0,0,0,1,0,0.5114448661322006,-0.006390227320379013,1,83,5189,-0.3553134052703148,4
0,0,0,0,-1.1960038562387048,1,2,1,0,0,0,0,0,0,0,1,2,0.356897745116751,-0.9084548818645957,1,79,5948,1.5024800899195014,3
1,0,0,0,-1.2774445836787656,1,0,2,1,1,1,1,1,1,0,1,0,-1.481049737066981,-0.9968679387548512,1,87,5394,0.49638229603199036,8
0,0,1,0,-1.1960038562387048,1,2,1,0,0,0,0,0,0,0,1,1,0.3319707901142591,-0.9045283538889306,1,65,3972,1.480982273810794,3
1,0,0,0,-0.38159658183809786,1,2,1,0,0,2,2,2,2,0,1,3,1.3057838322116073,0.08398609355770902,1,93,5963,-0.1645561169990503,7
0,0,0,0,-0.7888002190384014,1,2,1,2,2,0,0,2,0,0,1,2,1.0598378761870213,-0.4567276914956702,1,65,2110,0.12989571665497687,6
1,1,0,0,-1.2774445836787656,1,0,2,1,1,1,1,1,1,0,0,3,-1.4860351280674797,-0.9969341161926433,1,91,3491,0.4877831695885074,8
0,0,0,0,0.26992923768238775,1,2,1,0,2,2,0,2,2,0,1,2,1.285842268209614,0.7565032755470356,1,83,4811,-0.36510685483094824,7
0,0,1,1,-1.2774445836787656,1,0,2,1,1,1,1,1,1,0,1,2,-1.491020519067978,-0.9970002936304354,1,73,4633,0.47918404314502433,8
1,0,1,0,-0.748079855318371,0,1,0,0,0,0,0,2,2,0,0,2,-0.6119299059800988,-0.711201998952254,1,76,5360,-0.307349388885554,3
1,0,0,0,-1.2774445836787656,1,0,2,1,1,1,1,1,1,0,0,2,-1.4893587220678117,-0.9969782344845048,1,83,2051,0.48205041862618536,8
1,0,0,0,-1.2774445836787656,1,0,1,0,0,0,0,0,2,0,0,2,0.4931650991303729,-0.9706616733891767,1,98,2199,3.901636367651258,3
1,0,0,0,-1.2774445836787656,1,0,1,0,0,0,2,0,0,0,1,2,0.37019212111808014,-0.9722940501880486,1,66,3389,3.689524582045345,3
1,0,1,0,-1.2774445836787656,1,0,1,0,0,2,0,0,0,0,0,2,0.3801629031190768,-0.9721616953124645,1,83,5973,3.706722834932311,3
1,0,0,1,-1.2774445836787656,1,0,2,1,1,1,1,1,1,0,0,3,-1.5126238800701375,-0.9972870625275345,1,80,5437,0.4419211618899314,8
0,0,1,0,0.3920903288424788,1,2,1,0,0,2,2,0,0,0,1,2,0.6493740171459885,0.5773609514438008,1,100,2514,-0.43685623271810275,5
0,0,0,0,-1.0331224013585834,1,0,1,0,0,0,0,2,0,0,1,2,0.4732235351283796,-0.7750632264216377,1,92,3735,0.4705849167015414,3
0,0,0,0,-1.2774445836787656,1,0,1,0,0,0,0,0,0,0,1,2,0.18240906009930805,-0.974786733678218,1,89,4133,3.3656241526741515,2
0,1,0,0,-0.9109613101984924,1,0,1,0,0,2,0,0,2,0,1,1,0.6593447991469852,-0.6239139585044644,1,94,3320,0.2201679314837485,4
0,0,1,1,-0.62591876415828,1,2,2,1,1,1,1,1,1,0,0,3,-1.3514295710540236,-0.8249389553709561,1,86,4648,-0.5081230670326535,9
0,0,0,1,-1.2774445836787656,1,0,0,2,2,0,2,0,0,0,1,2,-0.1582593249347472,-0.9793088585940121,1,93,4531,2.7780171790361465,4
1,0,0,0,-0.9924020376385531,1,2,1,0,0,0,0,0,2,0,1,2,0.7241548821534641,-0.7191653506332376,1,80,4193,0.4409657033962111,4
0,1,1,0,-1.2774445836787656,1,0,2,1,1,1,1,1,1,0,1,3,-1.4594463760648215,-0.9965811698577521,1,97,3817,0.5336451772870835,8
0,0,0,0,0.26992923768238775,0,1,0,0,0,2,0,2,2,0,1,2,-0.46569176996548,-0.11838451121055549,1,94,4119,-0.516164842688133,4
0,1,1,0,1.0436161483629645,1,0,1,2,2,0,2,2,2,1,1,1,1.3539759452164248,1.73198076774863,1,100,5067,-0.4566146775011313,7
1,1,0,0,-1.0738427650786138,1,0,1,2,0,0,0,2,0,0,1,0,0.677624566148813,-0.7836001158968197,1,90,5831,0.7330630143335701,4
1,0,1,0,-0.4223169455581282,1,0,0,2,0,0,2,0,0,0,1,2,-0.3510277769540174,-0.49722828342444,1,87,5102,-0.3914463530023994,3
0,0,1,0,1.5322605130033284,1,2,1,0,2,2,2,2,2,1,1,2,1.4869197052297147,2.3801005343386,1,100,4191,-0.4848062912093752,8
1,0,1,0,-0.46303730927815856,1,2,1,0,2,2,0,2,2,0,0,2,1.3174164112127704,-0.053729154487666624,1,77,3796,-0.1175432161148565,7
1,1,1,0,1.5729808767233588,1,2,1,2,2,0,0,2,2,0,1,1,1.3406815692150957,2.3243129542798533,1,66,5725,-0.49426891887370866,7
0,0,0,0,-1.2774445836787656,1,0,1,0,2,0,0,0,0,0,1,2,0.36354493311741554,-0.9723822867717715,1,93,4884,3.678059080120701,3
0,1,1,0,-0.5037576729981889,1,2,1,0,0,2,0,2,0,0,0,2,0.8654076271675846,-0.14503195949484413,1,87,2312,-0.16588693418673217,5
0,0,1,0,-1.1552834925186746,1,2,1,0,2,0,0,2,2,0,1,2,1.1030445981913404,-0.8361450015037529,1,72,2570,1.584458428680706,6
1,0,0,0,-0.015113308357824713,1,2,1,2,2,0,2,2,2,0,1,1,1.4420511862252297,0.5087570075993161,1,69,2541,-0.2858776307357662,8
1,0,0,0,-1.0738427650786138,1,0,1,0,0,0,0,2,0,0,1,1,0.5230774451333633,-0.8014900832466193,1,96,2181,0.6568993229770064,3
0,1,1,0,-0.21871512695797646,1,2,1,2,0,0,2,2,2,0,1,0,1.3140928172124378,0.25942248114458594,1,75,3444,-0.23454345166406465,7
1,0,0,0,-1.2774445836787656,1,0,1,0,0,0,0,0,0,0,1,3,0.21896859410296257,-0.9743014324677426,1,92,5730,3.428684413259693,2
0,0,0,0,-0.7888002190384014,1,2,1,0,2,2,2,0,0,0,0,2,0.8188773111629334,-0.5062063558182359,1,75,2226,0.07052079597378469,6
1,0,0,0,-1.2774445836787656,1,0,2,1,1,1,1,1,1,0,0,3,-1.4677553610656522,-0.9966914655874056,1,90,3618,0.5193132998812785,8
1,0,0,0,-0.5444780367182193,1,2,1,0,2,0,0,2,2,0,1,2,1.1695164781979852,-0.15352473067816458,1,76,3670,-0.0886449396729697,6
0,0,0,0,-0.9109613101984924,1,2,1,0,2,0,0,0,0,0,1,1,0.5396954151350245,-0.6448701471386317,1,95,2946,0.18264447063945904,4
0,1,1,0,-0.7888002190384014,1,0,1,0,0,0,0,0,0,0,1,2,0.179085466098976,-0.601325393071425,1,85,5101,-0.08712985549007032,2
0,0,0,0,-1.2774445836787656,1,0,1,0,0,0,0,0,0,0,1,3,0.179085466098976,-0.9748308519700793,1,97,5773,3.3598914017118298,2
0,1,1,0,1.4508197855632678,1,2,1,2,2,0,0,0,2,1,1,1,1.0565142821866886,1.8980420183149582,1,86,5957,-0.5011994547593177,6
0,0,0,0,0.26992923768238775,1,0,1,2,0,2,2,2,0,1,1,2,1.0232783421833662,0.6234425072930383,1,73,2767,-0.3877512211321201,6
0,1,0,0,-1.2774445836787656,1,0,1,0,0,0,0,0,0,0,1,2,0.16246749609731476,-0.9750514434293864,1,82,4741,3.3312276469002198,2
0,1,0,0,-1.2774445836787656,1,0,1,0,0,0,0,2,2,0,1,2,0.8155537171626008,-0.9663821990786203,1,85,3067,4.457713210996492,4
0,0,0,0,0.14776814652229667,1,0,1,0,0,2,2,0,2,0,1,2,0.7573908221567865,0.3522253080750512,1,92,2558,-0.390334832545545,5
0,1,0,0,-0.7073594915983407,1,0,1,2,0,2,2,0,2,0,1,3,1.0482052971858582,-0.37632210457825965,1,72,2933,0.02844649873245708,6
0,0,0,0,-1.1145631287986442,1,2,1,0,0,0,0,2,0,0,1,2,0.6792863631489789,-0.7963061839529043,1,87,4109,0.9664678749423946,4
0,0,0,0,-0.7888002190384014,0,1,0,0,0,0,0,0,2,0,1,2,-0.9858342310174765,-0.8089681337171275,1,79,3104,-0.3741768858177648,2
1,0,1,0,-1.1145631287986442,1,2,1,0,2,0,0,0,0,0,1,2,0.5496661971360212,-0.8221153846918262,1,100,3819,0.8919421124322083,4
0,0,0,1,-1.2367242199587352,1,0,2,1,1,1,1,1,1,0,1,2,-1.5009913010689746,-0.9899634260785414,1,66,2843,0.08744606071968777,8
0,0,1,0,-0.62591876415828,1,2,1,0,0,0,0,0,2,0,1,2,0.6875953481498096,-0.36535870905070056,1,94,3670,-0.11734054310103706,4
1,0,1,0,-1.2774445836787656,1,0,1,0,0,0,0,0,0,0,1,2,0.2073360151017999,-0.9744558464892575,1,89,4207,3.4086197848915667,2
1,1,0,0,-0.9516816739185228,1,2,1,0,0,0,0,0,2,0,1,2,0.6743009721484804,-0.676436784965467,1,74,5095,0.3135075403339185,4
1,0,0,1,-1.2774445836787656,1,0,0,0,0,0,0,0,0,0,1,2,-0.6767399889865777,-0.9861913121243912,1,82,4067,1.8837080289139145,1
1,1,1,0,-1.2774445836787656,1,0,1,0,0,0,0,0,0,0,1,2,0.18407085709947407,-0.9747646745322872,1,100,4962,3.3684905281553124,2
0,0,1,0,-1.2774445836787656,1,0,1,0,0,0,0,2,0,0,1,0,0.48485611412954227,-0.9707719691188302,1,77,3492,3.8873044902454534,3
0,0,0,0,-0.9516816739185228,1,0,1,0,0,0,0,2,2,0,1,0,0.8654076271675846,-0.6485319653631283,1,70,2578,0.3794341764006216,4
1,0,1,0,-0.5037576729981889,1,0,1,0,0,0,0,0,0,0,1,2,0.18905624809997262,-0.3568218195755186,1,87,4773,-0.27699310759935375,2
1,1,0,0,1.5322605130033284,0,1,0,0,0,0,0,2,2,1,1,2,-0.6484894399837535,0.43443974495877935,1,97,5824,-0.5885610093302732,3
0,0,0,0,-1.1960038562387048,1,2,1,0,0,0,0,0,0,0,1,2,0.36686852711774764,-0.8971164808562146,1,93,5475,1.5110792163629845,3
1,1,0,0,-0.5037576729981889,1,0,1,0,0,0,0,0,0,0,0,1,0.21730679710279655,-0.39288852317221723,1,98,3684,-0.2723523092012836,2
1,1,1,0,-0.46303730927815856,1,0,1,0,0,0,0,0,0,0,1,2,0.14418772909548702,-0.35514532448478525,1,67,3853,-0.30151240608755353,2
0,0,1,0,-0.62591876415828,1,2,1,0,0,2,0,2,0,0,0,2,0.7806559801591124,-0.36136600363724336,1,68,4041,-0.09950531788492423,5
0,0,0,0,-1.2367242199587352,1,0,1,0,0,0,0,0,0,0,0,0,0.17410007509847744,-0.9382567880169747,1,81,2928,2.0136503840598796,2
0,0,0,0,-0.46303730927815856,1,2,1,0,0,0,0,2,2,0,1,2,1.0831030341893466,-0.07069263770837675,1,89,4321,-0.1542849381915567,5
1,0,1,1,-1.1145631287986442,1,2,2,1,1,1,1,1,1,0,1,0,-1.2916048790480432,-0.9462201396979583,1,83,2102,-0.16670589860992102,9
1,0,0,0,-0.3408762181180675,1,2,0,2,0,0,0,0,0,0,1,0,-0.3028356639492,-0.38788109704594775,1,97,4126,-0.4064113255144782,3
0,0,0,0,-1.2774445836787656,1,0,1,0,0,0,0,0,0,0,1,2,0.16246749609731476,-0.9750514434293864,1,77,2418,3.3312276469002198,2
0,0,0,0,-0.9109613101984924,1,2,1,0,0,2,0,2,2,0,1,2,1.1911198392001445,-0.5380377033962396,1,77,4001,0.3869388685694794,6
0,1,0,0,-1.2774445836787656,1,0,1,0,2,0,0,0,2,0,1,2,0.7058751151516368,-0.9678381027100468,1,82,5359,4.268532429239866,4
0,0,0,0,0.8400143297628127,1,2,1,2,0,2,0,2,2,1,1,1,1.4021680582212426,1.5466839419307292,1,90,5550,-0.4345527630161878,7
1,0,0,0,-1.1960038562387048,0,1,0,0,2,0,0,0,0,0,1,2,-1.16863190103575,-0.9707278508269689,1,76,2734,0.1868137440666024,2
1,1,1,0,0.5549717837226001,0,1,0,0,2,2,2,2,2,1,1,0,-0.1615829189350795,0.236878034003408,1,80,4011,-0.5155092355302078,6
0,0,1,0,0.6771328748826912,1,2,1,0,0,0,0,2,2,0,1,2,1.0249401391835322,1.1046186574794516,1,69,5732,-0.4424130015578604,5
1,0,0,0,-0.8702409464784621,0,1,0,0,0,2,0,2,0,1,1,2,-0.7698006209958805,-0.7981591522110832,1,81,3119,-0.264162664969395,3
1,0,0,0,0.5142514200025698,1,2,1,0,2,0,0,2,2,0,1,1,1.1994288242009752,1.0854272005197405,1,70,4898,-0.410264731161326,6
1,0,1,1,0.18848851024232702,0,1,0,2,2,2,0,0,0,0,0,0,-0.8163309370005319,-0.36659402122281987,1,80,3627,-0.5403404569437145,4
1,0,1,0,0.6771328748826912,1,2,1,0,0,0,0,2,0,0,0,2,0.6560212051466532,0.8713873075541344,1,85,4639,-0.46786641583057015,4
0,1,0,0,-0.748079855318371,1,2,1,0,2,0,0,0,0,0,1,2,0.47156173812821356,-0.5196624348359644,1,88,5203,-0.05816581372329109,4
1,0,0,0,-1.2774445836787656,1,0,2,1,1,1,1,1,1,0,0,3,-1.481049737066981,-0.9968679387548512,1,99,5418,0.49638229603199036,8
0,1,0,0,0.5956921474426305,1,2,1,0,2,2,0,0,0,0,1,0,0.6792863631489789,0.745429584289823,1,72,4661,-0.45812073919462265,5
1,1,1,0,-0.7888002190384014,1,0,1,0,2,2,0,2,2,0,1,2,1.1047063951915064,-0.4596615579044537,1,99,3714,0.14095173636802635,6
1,0,1,0,-1.1145631287986442,1,0,1,0,0,2,0,2,2,0,1,2,0.9867188081797118,-0.7860266219491969,1,77,4580,1.1432276962806562,5
1,1,0,0,-1.1960038562387048,1,2,1,0,2,2,0,2,2,0,1,2,1.3373579752147637,-0.8758735233249481,1,87,5960,2.3480608568619967,7
0,1,1,0,-0.2594354906780068,1,2,1,0,2,2,0,0,2,0,1,2,0.966777244177718,0.044919346114435044,1,86,2591,-0.2631010444208169,6
0,1,1,0,-0.9924020376385531,1,2,1,0,0,0,0,0,2,0,1,2,0.6394032351449919,-0.735158231432997,1,91,4819,0.4084801146097198,4
0,0,1,0,-0.9516816739185228,0,1,0,0,0,2,0,2,2,0,1,2,-0.532163649972125,-0.8106887470997223,1,97,4359,-0.10269017953065866,4
1,0,0,0,-1.2774445836787656,1,0,1,0,0,2,0,2,0,0,1,2,0.6676537841478158,-0.968345463066453,1,77,3086,4.202605793173164,4
1,0,0,0,-0.8295205827584317,1,0,0,2,0,0,2,0,0,0,0,3,-0.2695997239458775,-0.7168711994564446,1,90,3043,-0.16200210294852863,3
0,0,0,0,0.3920903288424788,1,0,0,2,2,2,2,0,2,1,0,1,0.30372024111143525,0.3886008397147797,1,71,2774,-0.46458674900096264,6
0,0,1,0,0.025607055362205634,1,2,2,1,1,1,1,1,1,2,1,3,-1.3381351950526947,-0.679172119060874,1,77,5194,-0.5790143403706484,9
0,0,0,0,-0.055833672077855064,1,2,1,0,0,2,0,0,2,0,1,2,0.8354952811645946,0.23257650054692103,1,85,2031,-0.3395244536615863,5
1,1,1,0,-0.5851984004382496,1,0,1,0,0,0,0,0,2,0,0,2,0.4582673621268844,-0.37813095454457724,1,84,3521,-0.18762541089348198,3
1,0,1,0,0.3920903288424788,1,2,1,0,2,2,2,0,2,0,1,2,1.1528985081963241,0.8198571426600133,1,96,4624,-0.3964603364022058,7
1,1,0,0,-1.1552834925186746,0,1,0,0,0,0,0,0,0,0,1,0,-1.3148700370503688,-0.960558584552915,1,72,4694,-0.08377210135499605,1
0,0,0,0,-0.8295205827584317,1,2,0,0,0,0,2,2,2,1,0,3,0.3087056321119333,-0.6207815597823045,1,94,4149,-0.008540769495601168,5
0,1,0,0,-0.7073594915983407,1,2,0,0,0,0,2,0,0,0,0,1,-0.3244390249513595,-0.6717602460281581,1,94,3167,-0.26750676969741616,3
1,0,1,0,-1.0331224013585834,1,0,1,0,2,0,2,2,0,0,1,2,0.830509890164096,-0.7371876728586216,1,90,3807,0.6246525988139452,5
1,0,1,0,-0.748079855318371,1,2,1,0,0,0,0,0,2,0,1,2,0.677624566148813,-0.5031842528257296,1,100,4550,-0.010775072434762577,4
1,1,1,0,-1.1960038562387048,1,2,1,0,0,0,0,2,2,0,1,2,0.9917041991802098,-0.8824471488122975,1,87,3019,2.0499578068212525,5
1,0,0,0,-0.6666391278783103,1,0,1,2,0,0,0,2,2,0,1,2,0.9800716201790471,-0.35139526967656587,1,73,2827,-0.025972482828996613,5
1,0,1,0,1.3286586944031769,1,2,0,2,2,2,0,0,2,1,0,1,0.25552812810661757,1.0474192920811403,1,68,4415,-0.5357734567751662,6
0,0,0,0,0.3920903288424788,1,2,1,2,0,2,0,2,2,0,1,2,1.3440051632154282,0.9357558953799241,1,89,2317,-0.38112856057274,7
1,0,1,0,-1.0738427650786138,1,2,1,0,0,0,0,2,0,0,1,2,0.6011819041411709,-0.8027253954187387,1,78,4458,0.6953906508668827,4
1,1,1,0,0.8400143297628127,1,2,1,0,2,2,0,2,2,0,1,2,1.2991366442109427,1.4143290663465145,1,87,5860,-0.4411348104173723,7
0,0,1,0,-1.1145631287986442,1,0,1,0,2,0,0,0,2,0,1,2,0.6261088591436628,-0.8274536980070561,1,93,4565,0.9358932031433436,4
1,0,0,0,1.4508197855632678,1,2,1,0,2,2,2,2,2,1,0,2,1.4520219682262263,2.1603914408688034,1,65,4454,-0.4814256181066708,8
0,0,1,0,-1.1960038562387048,1,2,1,0,2,0,0,0,2,0,1,1,0.8886727851699104,-0.8985944436335717,1,76,5646,1.9611001669052615,5
1,0,1,0,-0.8295205827584317,1,0,1,2,0,0,2,0,0,0,0,0,0.534710024134526,-0.6235168938777117,1,87,4306,0.051432625187151956,4
0,0,0,0,0.43281069256250915,0,1,0,0,0,2,0,2,2,0,1,0,-0.5221928679711283,-0.08979585808436519,1,92,4044,-0.5338191098561927,4
1,1,1,0,1.4508197855632678,1,2,1,0,2,2,0,2,2,0,1,2,1.3473287572157604,2.2147010581501925,1,79,6284,-0.4866598689853126,7
1,1,0,0,-0.30015585439803716,1,2,1,0,2,0,0,2,0,0,1,2,0.8039211381614382,0.005058469417655496,1,100,3878,-0.2693809382812522,5
1,1,1,0,1.369379058123207,1,2,1,0,2,2,2,2,2,1,1,2,1.5317882242341998,2.2994522968159514,1,74,4281,-0.4719392359172347,8
0,0,1,0,1.5322605130033284,1,2,1,2,2,2,2,2,2,2,1,0,1.6431286232453304,2.401872911372203,1,73,5947,-0.47721645190714596,9
1,1,1,0,-0.21871512695797646,0,1,0,0,0,0,0,0,2,0,0,0,-0.9393039150128251,-0.5504790617011558,1,93,4564,-0.5121723911250873,2
0,0,0,0,-1.2774445836787656,1,0,1,0,0,0,0,0,0,0,0,3,0.19902703010096928,-0.974566142218911,1,93,3963,3.3942879074857615,2
1,0,0,0,-1.1960038562387048,0,1,0,0,0,2,0,2,0,0,1,3,-0.8179927340006982,-0.948095167102068,1,75,4710,0.48921635732908786,3
1,1,1,0,-0.13727439951791576,1,2,1,0,0,0,0,2,2,0,1,2,0.9867188081797118,0.16496521826931793,1,71,2233,-0.30066117942951176,5
0,0,1,0,0.14776814652229667,1,2,1,0,2,2,0,2,0,0,1,0,1.0831030341893466,0.5197865805646673,1,86,4544,-0.3599667463667582,6
1,0,0,0,-1.2774445836787656,0,1,0,0,0,0,0,2,2,0,1,3,-0.6468276429835875,-0.9857942474976384,1,69,4954,1.9353027875748123,3
1,0,0,0,-1.2367242199587352,1,0,1,0,0,2,0,2,2,0,0,2,1.003336778181373,-0.9272051559056929,1,87,4493,2.967197960792773,5
0,0,0,1,-0.8295205827584317,1,0,0,0,0,0,0,0,0,0,1,2,-0.6717545979860794,-0.7937473230249428,1,89,4162,-0.26871946701636895,1
1,0,1,0,-1.2774445836787656,0,1,0,0,0,0,0,0,0,0,1,2,-1.3730329320561832,-0.9954340942693556,1,90,4517,0.6826967023074554,1
1,0,0,0,-1.2774445836787656,0,1,0,2,0,0,0,0,0,0,0,3,-1.1653083070354178,-0.9926767010280179,1,74,3383,1.0409936374525803,2
0,0,1,0,1.0843365120829946,1,2,1,0,2,0,0,2,2,0,0,2,1.2077378092018058,1.6589208764261434,1,87,4160,-0.4684396909268023,6
0,0,0,0,-1.1960038562387048,1,2,0,0,0,0,0,0,0,0,1,3,-0.4690153639658123,-0.9390288581245493,1,76,2876,0.7901857828509928,2
0,0,0,0,-1.2774445836787656,1,0,0,0,0,0,0,0,2,0,1,2,-0.3111446489500306,-0.9813383000196366,1,70,2294,2.5143106347693345,2
0,1,1,0,-1.2774445836787656,1,2,1,0,2,0,0,2,0,0,1,2,0.85876043916692,-0.9658086612844221,1,93,2905,4.532238973506678,5
1,1,1,0,-1.2367242199587352,1,2,1,0,0,0,0,2,0,0,1,3,0.7341256641544608,-0.9368008843855484,1,78,5204,2.6576294088273844,4
0,1,1,0,-0.13727439951791576,1,2,1,0,0,2,0,2,2,0,1,0,1.1396041321949948,0.2969671475186415,1,82,3179,-0.2830807431450576,6
0,0,0,0,0.7992939660427822,1,2,1,2,2,0,2,2,2,1,1,1,1.5450826002355291,1.604456845123239,1,90,4861,-0.42096602305202635,8
1,0,0,0,-1.2367242199587352,1,0,0,2,0,2,0,0,0,0,1,3,-0.32111543095102724,-0.9557717498859525,1,70,4235,1.444197121802561,3
1,0,1,0,-0.7888002190384014,1,2,1,0,0,2,0,2,2,0,1,1,1.245959140205627,-0.4062122473143615,1,66,2003,0.17575772435355283,6
1,1,0,0,-0.5444780367182193,1,0,1,0,0,2,0,2,2,0,1,1,1.0349109211845293,-0.2214007227069361,1,68,2851,-0.11186258107037388,5
0,1,0,0,0.5956921474426305,1,2,1,0,2,0,2,2,0,0,1,2,1.0066603721817051,0.9815506823320624,1,65,5214,-0.4345925737867595,6
0,0,0,0,-1.1145631287986442,1,0,0,2,0,0,2,0,0,0,0,1,-0.3626603559551803,-0.8911605114549249,1,74,5435,0.36739539937974536,3
1,1,1,0,0.7992939660427822,1,2,1,2,0,2,0,2,2,0,1,2,1.3107692232121058,1.4508810711536886,1,68,5648,-0.43621730391405283,7
0,0,1,0,0.3920903288424788,1,2,0,0,0,0,0,0,0,0,1,2,-0.4823097399671412,-0.03356709510700443,1,97,4873,-0.5276470095865047,2
0,0,0,0,-0.30015585439803716,1,0,1,0,2,2,0,2,2,0,1,2,1.15456030519649,0.03940455963175942,1,90,5932,-0.22285745931779288,6
0,0,0,0,-0.9516816739185228,1,0,1,0,0,0,0,0,0,0,0,2,0.2073360151017999,-0.709062261796976,1,81,2236,0.15241723829267032,2
0,0,0,0,-0.6666391278783103,1,0,1,0,2,2,0,0,2,0,1,1,0.9451738831755587,-0.31149027468792506,1,75,5497,-0.03305411637068847,5
1,0,1,0,-1.1145631287986442,1,0,2,1,1,1,1,1,1,0,0,3,-1.5093002860698053,-0.950168726819554,1,97,3864,-0.2918709612872847,8
1,0,0,0,-1.1960038562387048,1,0,2,1,1,1,1,1,1,0,0,3,-1.4926823160681442,-0.9773014763143181,1,93,2158,-0.09265786534659512,8
0,0,1,0,-0.055833672077855064,1,2,1,0,0,2,2,2,2,0,1,2,1.3107692232121058,0.4251749036678843,1,68,5000,-0.28828799193583343,7
1,0,0,0,-1.2774445836787656,1,0,1,0,0,0,0,0,2,0,1,2,0.4815325201292102,-0.9708160874106916,1,83,5533,3.8815717392831317,3
0,0,0,0,-1.2774445836787656,1,0,0,0,0,0,0,0,0,0,1,0,-0.6601220189849164,-0.9859707206650842,1,76,2632,1.9123717837255245,1
1,0,1,0,-0.9109613101984924,1,0,1,0,0,0,0,0,0,0,1,2,0.1774236690988095,-0.7147535214470971,1,92,2457,0.06903176974980484,2
1,0,0,0,-1.1552834925186746,0,1,0,0,0,2,0,0,0,0,1,2,-1.166970104035584,-0.9534996578550902,1,71,4207,0.018270865774335517,2
1,0,0,0,0.43281069256250915,1,2,1,0,2,0,0,0,0,0,1,2,0.4350022041245586,0.479175692906244,1,100,5107,-0.4587721881676138,4
1,0,0,0,-1.1552834925186746,1,0,0,0,0,0,0,0,2,0,0,2,-0.3477041829536853,-0.9196168097055311,1,87,5834,0.5835201106592848,2
0,1,0,0,-0.8702409464784621,1,2,1,0,0,0,0,2,2,0,1,0,1.0099839661820376,-0.5656336949555484,1,71,4074,0.24748535841784358,5
1,0,1,0,0.5956921474426305,1,2,1,2,0,2,2,2,2,1,1,1,1.5317882242341998,1.3218130083131483,1,97,3344,-0.3968519632848063,8
1,0,0,0,-1.2774445836787656,1,0,1,0,0,0,0,0,2,0,0,2,0.5230774451333633,-0.970264608762424,1,85,2734,3.953231126312157,3
1,0,0,0,-1.1552834925186746,1,2,1,0,0,0,0,0,0,0,1,0,0.24721914310578694,-0.8709763929283322,1,89,5668,0.9939850795615401,3
1,0,0,0,-0.62591876415828,1,0,0,0,0,0,2,0,0,0,0,3,-0.44076481496298814,-0.6084946154989033,1,94,5659,-0.3335926488464059,2
1,1,0,0,0.43281069256250915,1,0,1,0,0,0,0,2,2,0,1,3,0.8238627021634315,0.695752387653881,1,73,3802,-0.4282843762316286,4
1,0,1,0,-0.46303730927815856,1,2,0,2,2,0,2,2,0,1,0,3,0.4233696251233959,-0.2888575909630243,1,74,5353,-0.2577350351025491,6
1,0,1,0,0.3920903288424788,1,2,1,0,2,2,0,2,0,0,1,0,1.0133075601823696,0.7410177551036825,1,89,2075,-0.40765919874720696,6
1,1,0,0,0.5549717837226001,1,0,1,2,0,0,0,0,2,0,0,2,0.6726391751483144,0.7454516434357538,1,71,2097,-0.45427857631561963,4
0,0,1,0,-1.1145631287986442,1,0,1,0,0,0,2,2,0,0,1,2,0.6975661301508063,-0.7980047381895683,1,71,3608,0.976977918373318,4
0,1,0,0,-1.0738427650786138,1,2,1,0,2,0,0,2,2,0,1,2,1.113015380192337,-0.7584526895358188,1,83,3330,0.9476316932090508,6
0,1,0,0,-1.2774445836787656,0,1,0,0,0,0,0,0,0,0,1,3,-1.2982520670487077,-0.994441432702474,1,83,4095,0.8116835989597003,1
0,0,1,0,-1.0331224013585834,1,0,1,0,0,0,0,0,0,0,1,2,0.14086413509515497,-0.7821442122653932,1,65,5672,0.32726614264349135,2
1,0,0,0,-1.2367242199587352,1,0,0,0,0,0,0,0,0,0,0,0,-0.6219006879810957,-0.9703307862002162,1,72,4662,1.0983211470758003,1
0,1,1,0,-1.2774445836787656,1,0,1,0,2,0,0,0,0,0,1,3,0.3868100911197414,-0.9720734587287416,1,89,2426,3.718188336856955,3
0,0,0,0,-1.1145631287986442,1,2,1,0,0,2,0,2,2,0,1,2,1.1877962451998125,-0.7790118135432335,1,85,5180,1.2588381740208165,6
1,1,1,1,-0.4223169455581282,0,1,0,2,0,0,0,0,2,0,0,3,-0.8213163280010305,-0.6174506287467685,1,75,2061,-0.4619841148431441,3
1,0,0,0,-1.2774445836787656,1,0,1,0,0,0,0,0,0,0,0,2,0.1724382780983114,-0.9749190885538024,1,79,5066,3.348425899787186,2
1,0,0,0,-1.2774445836787656,1,2,1,0,0,0,0,2,2,0,1,2,0.9484974771758907,-0.9646174674041641,1,65,2578,4.687023249489372,5
1,0,0,0,-1.1960038562387048,1,0,0,0,0,2,0,0,0,0,1,2,-0.518869273970796,-0.9311978613191498,1,68,5598,0.7471901506335779,2
0,0,0,0,-1.2774445836787656,0,1,0,0,0,0,0,0,2,0,0,3,-0.9874960280176428,-0.9903163724134325,1,89,3706,1.3476958139368074,2
0,1,0,0,-1.2774445836787656,1,0,1,0,2,0,0,0,0,0,1,2,0.27380789510844483,-0.9735734806520294,1,76,4116,3.5232748041380066,3
1,1,0,0,0.025607055362205634,1,2,1,0,2,2,0,0,0,0,1,1,0.6344178441444933,0.19260532812048817,1,79,2583,-0.37887388765664215,5
0,0,0,0,-1.2774445836787656,1,0,1,0,0,0,0,0,0,0,1,2,0.1774236690988095,-0.9748529111160101,1,84,3706,3.3570250262306685,2
0,1,0,0,-1.2367242199587352,1,0,1,0,0,0,0,0,0,0,1,2,0.19570343610063723,-0.9429774452461451,1,74,2189,2.0384923048966086,2
1,0,0,0,-1.2367242199587352,1,0,2,1,1,1,1,1,1,0,0,3,-1.4760643460664828,-0.9911325608128686,1,65,5627,0.11610981553129777,8
0,0,0,0,-1.1960038562387048,1,0,1,2,0,2,0,2,2,0,1,1,1.1379423351948288,-0.8789838629011771,1,77,5236,2.1760783279923364,6
1,0,0,0,-0.2594354906780068,1,2,1,0,0,0,0,0,2,0,1,2,0.6377414381448259,-0.011265298571064342,1,85,5869,-0.30514121814451156,4
1,0,0,0,1.4100994218432374,1,2,1,2,2,2,2,2,2,2,0,1,1.7096005032519754,2.414402506260842,1,82,4495,-0.46570820370357824,9
0,0,1,0,1.5729808767233588,1,2,1,0,0,0,0,2,2,2,1,0,0.9617918531772199,1.8995640993841771,1,100,4296,-0.5124226302543949,5
1,0,0,0,-1.2774445836787656,1,0,2,1,1,1,1,1,1,0,0,3,-1.4976677070686424,-0.9970885302141583,1,90,5707,0.46771854122038037,8
0,0,0,0,-1.1145631287986442,1,2,1,0,0,0,0,0,0,0,0,2,0.358559542116917,-0.8232845194261533,1,79,4600,0.7820643856543701,3
0,0,0,0,-0.9516816739185228,1,0,1,0,0,0,0,2,0,0,1,0,0.4283550161238945,-0.6907090523826314,1,96,3847,0.22866282609155303,3
0,1,0,0,-0.2594354906780068,1,2,1,2,2,0,0,0,2,0,1,2,1.0049985751815391,0.09594215065214973,1,90,4232,-0.2582175898973574,6
1,0,0,0,0.880734693482843,1,0,1,2,2,0,2,2,2,1,1,1,1.3506523512160928,1.4839918491956727,1,87,4406,-0.4419126887466032,7
1,0,0,0,-1.2367242199587352,1,0,1,0,0,2,0,2,2,0,1,2,1.0332491241843629,-0.9185579707008574,1,66,3790,3.0015944665667047,5
1,0,0,0,-1.2774445836787656,1,2,1,0,2,0,0,0,0,0,1,2,0.47820892612887816,-0.9708602057025529,1,85,4243,3.87583898832081,4
0,0,1,0,-0.0965540357978854,1,0,2,1,1,1,1,1,1,0,0,0,-1.4993295040688086,-0.7164300165378306,1,79,2486,-0.5889569103508425,8
0,0,0,0,-1.1552834925186746,1,0,1,0,0,0,0,2,0,0,1,2,0.4732235351283796,-0.8720352319330058,1,69,2085,1.1499159057366986,3
0,0,1,0,-0.62591876415828,1,0,1,2,0,0,2,2,0,0,0,2,0.9003053641710731,-0.3111593874989645,1,89,5643,-0.0765743140356362,5
0,1,0,0,1.125056875803025,1,2,1,0,0,2,2,2,2,1,1,2,1.3705939152180862,1.8360558182496844,1,78,5507,-0.4623968075353711,7
1,0,0,1,-1.2774445836787656,1,0,0,0,0,0,2,0,0,0,1,3,-0.49394231896830415,-0.9837648060720139,1,72,3113,2.1990093318416246,2
0,0,0,0,-0.7888002190384014,1,2,1,2,0,0,0,2,2,0,1,2,1.182810854199314,-0.4062784247521537,1,69,2008,0.16019740031296448,6
0,1,1,0,0.22920887396235737,1,2,1,0,0,0,0,0,0,0,1,0,0.3386179781149237,0.26034896527367535,1,82,5165,-0.44128997034370293,3
1,1,1,1,-1.2774445836787656,1,0,0,0,0,0,2,0,0,0,1,1,-0.5155456799704636,-0.9840515749691131,1,84,4478,2.1617464505865316,2
1,0,1,0,0.7178532386027215,1,2,1,0,2,0,2,2,2,0,0,2,1.2941512532104444,1.2314808057269215,1,82,5897,-0.42850152588929236,7
1,0,1,0,1.3286586944031769,1,2,1,2,2,2,0,0,0,1,0,2,0.830509890164096,1.539669133524766,1,72,6110,-0.5057199441545085,6
0,0,0,0,-1.2774445836787656,1,0,2,1,1,1,1,1,1,0,1,3,-1.477726143066649,-0.9968238204629898,1,67,3830,0.5021150469943124,8
1,1,1,0,-1.0331224013585834,1,2,1,0,0,2,0,2,2,0,1,2,1.2359883582046303,-0.6965767852001984,1,74,2016,0.7995015031647662,6
1,1,0,0,-1.2367242199587352,1,2,1,0,0,0,0,2,2,0,1,2,0.9717626351782166,-0.9256168973986822,1,93,5569,2.9308905380313997,5
0,0,0,0,0.5142514200025698,1,2,1,0,2,0,0,2,0,0,1,1,0.8155537171626008,0.7663857729239903,1,97,4880,-0.4390531109938561,5
0,0,0,0,-1.2774445836787656,1,0,1,0,2,0,0,0,0,0,1,1,0.3170146171127639,-0.9729999428578311,1,69,5996,3.5978005666481927,3
1,0,0,0,-1.2774445836787656,0,1,0,0,2,0,2,0,2,0,1,3,-0.6684310039857471,-0.9860810163947377,1,66,3704,1.8980399063197195,4
1,0,1,0,-0.7888002190384014,1,0,1,2,0,0,0,0,2,0,0,2,0.641065032145158,-0.5225521829528864,1,77,4745,0.026706199333180726,4
1,0,0,0,-0.9109613101984924,1,2,1,0,2,0,0,0,0,0,1,0,0.5297246331340278,-0.6577747475080926,1,77,3492,0.1795175155691017,4
1,0,0,0,-1.1552834925186746,1,2,1,0,2,0,0,2,2,0,1,2,1.2276793732037996,-0.8449466007301032,1,91,2777,1.6704496931155361,6
0,0,0,0,-1.2774445836787656,1,0,2,1,1,1,1,1,1,0,0,3,-1.4744025490663168,-0.9967797021711283,1,92,3663,0.5078477979566343,8
1,0,1,0,0.35136996512244845,1,2,1,0,0,2,2,2,2,1,1,2,1.2575917192067896,0.8530782164316513,1,84,2098,-0.3815475656264646,7
1,0,1,0,1.5729808767233588,1,2,1,0,2,2,0,2,2,2,1,0,1.3705939152180862,2.4017846747884803,1,81,4072,-0.4928357311331281,7
0,0,0,1,-1.1960038562387048,1,0,0,2,0,0,2,0,0,0,1,3,-0.32111543095102724,-0.9375508953471922,1,97,4412,0.9177394917626575,3
1,0,0,0,1.4915401492832983,1,2,1,0,0,2,2,2,2,2,1,0,1.3872118852197473,2.236385198600073,1,81,4859,-0.4871939762178271,7
0,0,1,0,-0.015113308357824713,1,2,1,0,0,2,0,0,2,0,1,0,0.8737166121684152,0.29769509933435473,1,80,3590,-0.34528977707255787,5
0,1,1,0,0.758573602322752,1,2,1,2,0,0,0,0,0,0,1,2,0.4233696251233959,0.6739579514743469,1,96,5748,-0.4907533215955326,4
0,0,1,0,1.6137012404433893,0,1,0,0,2,2,0,2,2,2,1,2,-0.3510277769540174,0.7313558491860348,1,66,4481,-0.576505973108327,5
0,0,0,0,-1.0738427650786138,1,0,1,0,0,0,0,0,0,0,1,3,0.14917312009598557,-0.8211889005627366,1,77,5816,0.47263232775951347,2
1,0,0,0,-1.2774445836787656,1,0,0,0,0,2,0,0,0,0,1,2,-0.4740007549663106,-0.9835000963208456,1,83,2077,2.2334058376155563,2
1,1,0,0,-1.2774445836787656,1,2,1,0,0,0,0,0,0,0,1,2,0.32033821111309646,-0.9729558245659697,1,89,3429,3.603533317610515,3
1,0,0,0,-0.055833672077855064,1,2,0,0,2,0,2,2,2,1,1,3,0.4881797081298748,0.1358692047867212,1,67,2872,-0.37696648338425187,6
1,0,0,0,1.0436161483629645,1,2,1,0,0,2,2,2,2,1,1,2,1.325725396213601,1.7382014469010885,1,66,5411,-0.45826648710044443,7
1,1,1,0,0.5956921474426305,1,2,1,0,0,2,0,2,2,0,1,2,1.1728400721983174,1.1432442220041117,1,91,5166,-0.42264934261525533,6
1,0,0,0,0.47353105628253944,1,0,1,0,2,0,2,2,2,0,0,2,1.1894580421999785,0.9346088197915273,1,81,3486,-0.405443127574175,6
1,0,0,0,-1.2367242199587352,1,0,1,0,2,0,0,2,2,0,0,2,1.0266019361836989,-0.9319699314267245,1,82,5332,2.9939507986169422,5
0,0,0,0,-1.2774445836787656,1,0,1,0,0,2,0,2,2,0,0,2,0.9850570111795457,-0.9641321661936887,1,77,5764,4.750083510074915,5
0,0,0,0,-1.2774445836787656,1,0,0,0,0,0,0,2,0,0,1,1,-0.3244390249513595,-0.9815147731870822,1,98,3809,2.4913796309200467,2
1,0,0,0,-1.2774445836787656,1,2,1,0,0,2,0,2,2,0,1,2,1.219370388202969,-0.9610218266174597,1,77,4390,5.154242452918616,6
0,0,1,0,-1.1145631287986442,1,2,0,0,0,2,2,2,0,0,0,0,0.10596639809166647,-0.8512334573203535,1,69,3889,0.6368346946088795,5
0,0,0,0,-1.2774445836787656,1,0,1,0,0,0,0,0,0,0,1,2,0.1574821050968162,-0.9751176208671786,1,91,3365,3.3226285204567367,2
1,0,0,0,-1.2774445836787656,1,0,2,1,1,1,1,1,1,0,1,3,-1.5259182560714666,-0.9974635356949803,1,90,4132,0.4189901580406435,8
0,0,0,0,-1.2774445836787656,1,0,1,0,0,0,0,0,0,0,1,2,0.14751132309581955,-0.9752499757427628,1,82,4073,3.3054302675697707,2
1,0,0,0,-1.2774445836787656,1,0,1,0,0,0,0,0,0,0,1,2,0.16246749609731476,-0.9750514434293864,1,67,5258,3.3312276469002198,2
1,1,1,0,0.3106496014024181,1,2,1,2,0,0,0,2,2,0,0,2,1.2326647642042976,0.7970259266217362,1,84,2837,-0.3768135517655924,6
0,0,0,0,-1.2774445836787656,1,0,1,0,2,2,0,0,0,0,1,2,0.5829021371393436,-0.9694704795089186,1,71,4278,4.0564206436339525,4
1,0,0,0,-1.1960038562387048,1,0,1,0,0,0,0,2,0,0,0,2,0.4815325201292102,-0.8877192846897354,1,89,4183,1.609969170463039,3
0,0,0,0,-0.7888002190384014,1,2,1,0,0,0,0,0,2,0,1,2,0.6593447991469852,-0.5137726428724668,1,77,2659,0.031210503660719476,4
0,0,1,0,1.0436161483629645,1,2,1,2,2,0,0,0,2,0,1,0,0.9518210711762233,1.3923140387076736,1,73,5989,-0.48012867297370626,6
0,0,1,0,0.3920903288424788,1,2,1,0,0,0,0,2,2,0,1,2,0.9784098231788811,0.8411442184831411,1,95,5458,-0.4104589143334572,5
1,1,1,0,-1.2774445836787656,0,1,0,0,0,0,0,0,0,0,0,2,-1.3198554280508674,-0.994728201599573,1,95,2119,0.7744207177046074,1
0,0,0,0,-0.13727439951791576,0,1,0,0,0,0,0,0,0,0,1,1,-1.3181936310507012,-0.6912825901768298,1,81,2796,-0.5657053655875323,1
1,0,0,1,-1.2774445836787656,1,0,0,0,0,2,0,0,0,0,0,2,-0.5255164619714603,-0.9841839298446974,1,65,3913,2.1445481976995655,2
1,0,0,0,-1.2774445836787656,1,0,0,0,0,0,0,0,0,0,0,2,-0.6468276429835875,-0.9857942474976384,1,78,5774,1.9353027875748123,1
1,0,0,0,-1.2367242199587352,1,0,1,0,0,2,0,0,2,0,1,2,0.7008897241511383,-0.9319699314267245,1,67,3273,2.619411069078571,4
1,0,0,0,-0.9109613101984924,1,2,1,0,0,0,0,2,2,0,0,2,1.0116457631822036,-0.5953032462323432,1,69,4922,0.33065367730304523,5
1,0,0,0,0.6771328748826912,1,2,1,0,0,0,2,2,2,1,1,0,1.1911198392001445,1.2308631496408617,1,82,5585,-0.43094749963321644,6
1,0,1,1,-1.0738427650786138,1,0,0,0,2,2,0,0,0,0,1,3,-0.31446824295036285,-0.8627262723502495,1,99,3878,0.2441412536898223,3
1,1,0,0,-1.2367242199587352,1,2,1,0,0,0,0,0,0,0,1,3,0.33529438411459117,-0.9367788252396176,1,84,5378,2.1990093318416246,3
1,0,0,0,0.10704778280226633,1,0,1,0,2,2,0,2,2,1,1,0,1.249282734205959,0.5939935474755504,1,80,2473,-0.3356628089161333,6
1,0,1,0,1.5322605130033284,1,2,1,2,2,2,2,2,2,1,0,1,1.6913207362501481,2.5099406672867146,1,99,5563,-0.4748749057394369,9
1,0,0,0,-1.2367242199587352,1,0,1,0,0,2,2,0,0,0,1,2,0.5014740841312035,-0.9385214977681432,1,91,3280,2.390101030585691,4
1,0,0,0,-0.7073594915983407,1,2,1,0,0,0,0,0,0,0,1,3,0.3735157151184122,-0.506868130196157,1,74,4938,-0.11702205693646366,3
0,1,0,0,0.3920903288424788,1,2,1,0,2,2,0,2,2,0,1,0,1.329048990213933,0.9016524557710579,1,79,2984,-0.382328438681133,7
0,0,0,0,-0.9516816739185228,1,0,0,2,2,0,0,2,2,0,1,2,0.32864719611392706,-0.6953855913199404,1,90,5900,0.19426632031762106,5
0,0,0,0,-1.2774445836787656,1,0,0,0,0,0,0,0,2,0,1,2,-0.28289409994720643,-0.9809632945388147,1,71,3065,2.5630390179490714,2
1,0,1,0,-0.46303730927815856,1,2,1,0,0,2,2,2,2,0,1,2,1.3739175092184182,-0.013140325975174054,1,69,3584,-0.10868351008217716,7
0,1,0,0,-1.2367242199587352,1,0,1,0,0,0,0,0,2,0,1,0,0.4981504901308714,-0.9354552764837755,1,77,4038,2.38627919661081,3
0,0,0,0,-1.2774445836787656,1,0,1,0,0,0,0,0,0,0,0,2,0.12923155609399228,-0.9754926263480005,1,99,3052,3.273900137277,2
1,0,0,0,-0.6666391278783103,1,0,2,1,1,1,1,1,1,0,0,0,-1.479387940066815,-0.8613144870106845,1,83,4327,-0.5250590371958531,8
0,1,1,0,-0.748079855318371,1,2,1,0,2,0,0,2,2,0,1,2,1.1778254631988159,-0.4014474717933298,1,97,3369,0.10426213020916562,6
1,0,1,0,-0.7073594915983407,1,2,1,0,0,0,0,0,0,0,1,0,0.33695618111475767,-0.5172800470754485,1,97,2510,-0.12490458950965637,3
0,0,0,0,-1.2774445836787656,1,0,1,0,0,0,0,0,0,0,1,2,0.20235062410130134,-0.9745220239270497,1,72,2874,3.400020658448083,2
1,0,0,0,-1.2367242199587352,1,0,1,0,0,0,0,0,0,0,1,1,0.16745288709781284,-0.9463524945735426,1,74,2320,2.006006716110117,2
1,0,1,0,0.9214550572028734,0,1,0,0,0,2,2,2,2,0,1,0,-0.3393951979528547,0.3081952527973692,1,69,6041,-0.5499471251446733,5
0,0,0,0,-1.0331224013585834,1,0,0,0,0,0,2,2,2,0,1,1,0.19902703010096928,-0.8068945739996415,1,84,2248,0.35234692810365015,4
0,0,1,0,-0.7888002190384014,1,2,1,0,2,2,0,2,0,0,0,2,0.9750862291785486,-0.4694778778436163,1,75,2973,0.10901212386366084,6
0,0,1,1,-1.1960038562387048,0,1,0,2,0,0,0,0,0,0,0,1,-1.1653083070354178,-0.9653233600739467,1,84,2613,0.18968011954776334,2
1,1,0,0,1.369379058123207,1,2,1,0,2,2,2,2,2,1,0,1,1.5334500212343665,2.273113676574693,1,93,4389,-0.4718536724700358,8
0,0,1,0,0.22920887396235737,1,2,1,0,0,2,2,2,2,0,1,2,1.3373579752147637,0.7705990697967546,1,92,2341,-0.35294680807817674,7
1,0,0,1,-1.2774445836787656,0,1,0,0,0,0,0,0,0,0,1,2,-1.3115464430500368,-0.9946179058699195,1,99,5421,0.7887525951104125,1
1,0,0,0,-0.4223169455581282,1,0,0,0,2,0,2,0,0,1,1,1,-0.3194536339508612,-0.4794265526583631,1,84,5866,-0.38671060220743775,3
1,0,0,0,-1.2774445836787656,1,0,2,1,1,1,1,1,1,0,1,3,-1.4843733310673135,-0.9969120570467127,1,70,4389,0.49064954506966846,8
1,0,1,0,-1.2774445836787656,1,0,1,0,0,0,0,0,0,0,1,3,0.17077648109814536,-0.974941147699733,1,84,2100,3.345559524306025,2
1,0,0,0,0.43281069256250915,1,2,1,0,2,0,0,2,2,0,1,2,1.217708591202803,0.9918964217735619,1,79,3370,-0.39740569491184874,6
1,0,0,0,-1.2774445836787656,1,0,1,0,0,0,0,0,2,0,1,2,0.53304822713436,-0.9701322538868398,1,82,4424,3.9704293791991225,3
1,0,0,0,-1.2367242199587352,1,2,0,0,0,0,0,0,2,0,0,0,-0.09012564792793624,-0.9535878944388129,1,96,5344,1.7098145830568139,3
1,1,0,0,-1.2774445836787656,1,2,1,0,0,0,0,0,0,0,1,2,0.3884718881199074,-0.9720513995828111,1,95,3763,3.7210547123381157,3
0,1,0,0,-0.8295205827584317,1,2,1,0,2,0,0,2,0,0,1,2,0.8820255971692458,-0.5229051292877777,1,94,4703,0.14359762142755958,5
1,1,1,0,-1.0738427650786138,1,0,1,0,0,2,0,2,2,0,1,2,1.0299255301840309,-0.752651134156044,1,89,5750,0.9066834720496079,5
0,0,1,0,0.06632741908223598,1,2,0,2,2,0,2,0,0,0,0,2,-0.07018408392594272,-0.002132812155753394,1,91,3918,-0.4564009139059261,5
0,0,0,0,-1.2774445836787656,1,2,1,0,0,0,0,0,0,0,1,2,0.3236618051134285,-0.9729117062741083,1,69,2016,3.6092660685728366,3
0,0,1,0,-0.9109613101984924,1,2,1,0,2,2,0,2,2,0,1,1,1.2409737492051283,-0.5342214711502281,1,78,3596,0.4025736439212667,7
0,0,0,0,-0.6666391278783103,1,0,0,2,0,0,0,0,0,0,1,2,-0.4856333339674735,-0.6694881539972957,1,69,4254,-0.3234010915800557,2
0,0,1,0,-1.0331224013585834,1,2,1,0,0,0,0,2,0,0,1,2,0.722493085153298,-0.7487907836181711,1,74,3887,0.5780739972450789,4
1,1,0,0,-0.21871512695797646,1,2,1,0,2,0,0,0,0,0,1,2,0.5546515881365197,-0.06956762126591085,1,83,2571,-0.3281101370133916,4
1,0,1,0,-1.2774445836787656,1,0,1,0,0,0,0,0,0,0,1,2,0.14584952609565352,-0.9752720348886934,1,87,4179,3.30256389208861,2
0,0,0,0,-0.9516816739185228,1,0,1,0,0,0,0,0,2,0,1,2,0.4915033021302069,-0.6866281103854515,1,81,3246,0.2504472797483766,3
0,0,0,0,0.6364125111626608,1,0,1,0,2,2,2,2,0,2,1,3,1.0216165451832002,1.035948536197175,1,97,2459,-0.43817310574409407,6
1,1,0,0,-1.1960038562387048,1,2,1,0,0,2,0,2,0,0,0,2,0.8737166121684152,-0.8782338519395333,1,99,2194,1.948201477240037,5
0,1,1,0,-1.2367242199587352,1,2,1,0,0,2,0,0,0,0,0,2,0.47987072312904416,-0.9295213662284165,1,67,4225,2.365259109748963,4
0,0,0,0,-1.2367242199587352,0,1,0,0,0,0,0,2,2,0,1,2,-0.6484894399837535,-0.9680586941693538,1,74,4566,1.0677464752767498,3
0,1,0,0,-0.748079855318371,1,2,1,0,0,0,0,0,0,0,1,2,0.3170146171127639,-0.522133059180203,1,71,5342,-0.09370886968968754,3
0,0,1,0,-1.1960038562387048,1,2,1,0,0,0,0,0,0,0,1,1,0.31036742911209936,-0.9051901282668517,1,69,5657,1.4623508331832473,3
1,1,1,0,1.002895784642934,1,2,1,0,0,2,0,2,2,0,0,2,1.1911198392001445,1.5293233940832662,1,74,5247,-0.4627662442847802,6
1,0,0,0,-1.1960038562387048,1,2,1,0,0,0,0,0,0,0,0,3,0.3402797751150897,-0.9135284854286573,1,88,3190,1.4881482125136964,3
0,1,0,0,1.2879383306831464,1,0,0,2,2,0,2,2,0,2,1,1,0.18074726309914202,0.9711608245987016,1,89,6080,-0.5378059775708985,5
0,1,0,0,-1.2367242199587352,1,0,1,0,0,0,0,0,0,0,0,2,0.19902703010096928,-0.9374626587634695,1,96,4407,2.0423141388714896,2
1,0,0,0,-0.8295205827584317,1,0,0,0,0,0,2,0,0,0,0,0,-0.4823097399671412,-0.7438274757837631,1,67,3624,-0.21844765088523752,2
0,1,0,0,0.3106496014024181,1,0,1,2,2,0,0,0,0,0,1,1,0.47987072312904416,0.42093954764918945,1,94,3207,-0.4401534587395403,4
0,0,0,0,-0.8295205827584317,1,0,1,0,0,2,0,2,2,0,1,2,1.0382345151848615,-0.5371994558508729,1,89,5239,0.18504982069358025,5
0,0,0,0,0.880734693482843,1,2,1,0,0,0,2,2,2,0,1,2,1.1745018691984834,1.3946523081763276,1,75,5763,-0.4529612633285329,6
0,0,1,1,-1.1552834925186746,1,0,0,0,2,0,2,0,0,0,0,3,-0.27458511494637583,-0.902057729544692,1,99,5758,0.6339683191277184,3
0,1,0,0,-1.2774445836787656,1,0,1,0,0,2,0,0,2,0,1,2,0.6726391751483144,-0.9682792856286608,1,93,2650,4.211204919616646,4
1,0,1,0,0.758573602322752,0,1,0,2,2,2,0,2,2,1,0,2,-0.18152448293707302,0.32423225188898985,1,95,5633,-0.5308825783317865,6
1,0,0,1,-1.1552834925186746,1,0,0,2,0,0,0,0,0,0,1,2,-0.5105602889699654,-0.9244257035184242,1,84,4455,0.47115819179777346,2
1,0,0,0,0.10704778280226633,1,0,0,0,0,0,0,2,0,0,0,3,-0.3244390249513595,-0.11875951669137748,1,100,2220,-0.4864660078416593,2
0,0,0,0,-1.2774445836787656,1,0,1,0,0,0,0,0,0,0,1,2,0.14751132309581955,-0.9752499757427628,1,81,2637,3.3054302675697707,2
1,0,0,0,0.22920887396235737,1,0,0,0,0,2,2,0,2,1,1,3,-0.08181666292710564,0.03311770304150922,1,83,3818,-0.47847935479158676,4
1,1,1,0,0.18848851024232702,1,2,1,0,0,0,0,2,2,0,1,2,0.9219087251732329,0.5266249158031852,1,95,4127,-0.38253894361243,5
1,0,0,0,-1.1960038562387048,1,0,1,0,0,0,0,0,0,0,0,2,0.16246749609731476,-0.9086754733239027,1,84,2421,1.334797124271583,2
1,0,0,0,1.1657772395230555,1,2,1,2,0,2,2,2,2,2,1,1,1.5567151792366918,2.0278159738252812,1,87,4495,-0.45525436371346173,8
0,0,0,0,-0.8702409464784621,1,0,0,2,0,0,0,0,0,0,0,1,-0.5388108379727895,-0.7847471914852161,1,92,4444,-0.19775829965583183,2
0,0,0,0,-1.2774445836787656,1,0,2,1,1,1,1,1,1,0,1,3,-1.481049737066981,-0.9968679387548512,1,69,4197,0.49638229603199036,8
1,0,0,0,-0.5444780367182193,0,1,0,0,0,2,0,2,0,0,1,2,-0.8346107040023594,-0.6822383403452418,1,78,2933,-0.4343298227009864,3
1,0,0,0,0.9621754209229036,1,2,2,1,1,1,1,1,1,1,0,2,-1.3248408190513656,-0.41724182027971274,1,92,5327,-0.611547258370451,9
1,0,1,1,-1.2367242199587352,1,2,0,2,0,0,0,0,0,0,0,3,-0.2679379269457112,-0.9556835133022296,1,77,5560,1.5053464654006627,3
0,0,1,0,-0.748079855318371,1,0,1,2,2,0,2,2,2,1,0,3,1.3689321182179202,-0.4106681947923634,1,84,5887,0.1482132209203009,7
1,1,1,0,-1.1552834925186746,1,2,1,0,0,0,0,0,0,0,0,2,0.3386179781149237,-0.8695866667346979,1,69,3716,1.057045340147082,3
1,0,0,0,-0.7073594915983407,0,1,0,0,0,0,2,0,0,0,1,2,-1.1653083070354178,-0.8124314196282477,1,82,5518,-0.4488050188808494,2
1,0,1,0,-1.2774445836787656,0,1,0,0,0,2,0,2,2,0,1,2,-0.47898614596680894,-0.9835662737586377,1,65,4526,2.2248067111720737,4
0,0,1,0,1.2879383306831464,0,1,0,2,0,2,2,0,2,2,0,2,-0.562075995975115,0.3828434026268663,1,66,6347,-0.5772296649579436,5
1,0,0,0,-1.2774445836787656,1,0,1,0,0,0,0,0,0,0,1,2,0.18407085709947407,-0.9747646745322872,1,78,4512,3.3684905281553124,2
1,1,0,0,0.9214550572028734,1,2,1,2,0,0,0,2,2,0,1,2,1.1312951471941644,1.4726755073332225,1,69,5543,-0.459349185829406,6
0,0,0,0,-0.5851984004382496,1,2,1,0,0,0,2,2,2,0,1,0,1.1661928841976528,-0.22181984647961944,1,100,3068,-0.05909109984352558,6
1,1,1,0,-0.015113308357824713,1,0,1,0,0,0,0,0,2,0,1,1,0.5164302571326987,0.08969941235376108,1,94,5365,-0.3826395181907164,3
0,1,0,0,1.369379058123207,1,2,1,0,2,0,0,0,0,0,1,1,0.5214156481331973,1.2991141471504555,1,79,5011,-0.5239618118141268,4
1,0,0,0,-1.0331224013585834,1,2,1,0,0,0,0,0,2,0,1,2,0.7324638671542947,-0.7320920101486293,1,66,3780,0.5823735604668203,4
1,1,1,0,-1.0738427650786138,1,0,1,0,2,0,0,0,2,0,1,2,0.6460504231456565,-0.7767397215123711,1,72,5834,0.7175026902929819,4
1,0,0,0,-0.7888002190384014,1,2,1,0,0,0,2,2,2,0,1,3,1.1379423351948288,-0.43149202855094654,1,81,3493,0.1491413805999149,6
0,0,0,0,-0.8702409464784621,1,2,1,0,0,2,0,2,2,0,1,2,1.1961052302006432,-0.5073534314066324,1,65,2229,0.3009910340661823,6
0,0,1,0,-0.9516816739185228,1,2,1,2,2,2,0,0,0,0,0,0,0.896981770170741,-0.6238036627748108,1,91,4176,0.39032640322903345,6
0,0,0,0,-1.2774445836787656,1,2,1,0,0,2,0,0,0,0,1,3,0.4915033021302069,-0.9706837325351073,1,93,5571,3.8987699921700973,4
0,0,0,0,0.880734693482843,1,2,1,0,2,2,2,2,2,0,0,2,1.5400972092350305,1.6478692443148617,1,93,5527,-0.4300302594792449,8
0,0,1,0,-0.30015585439803716,1,2,1,0,0,2,0,0,2,0,1,2,0.8089065291619363,0.03911779073466025,1,96,4793,-0.26871946701636895,5
0,0,0,0,0.18848851024232702,1,2,1,0,2,2,0,2,2,0,1,0,1.2343265612044643,0.5583680267974659,1,83,4437,-0.35417691253567907,7
0,0,1,1,-0.748079855318371,1,2,1,0,0,0,2,2,0,0,1,2,0.893658176170409,-0.4318008565939764,1,65,4304,0.03890876923869479,5
0,1,0,0,-1.1552834925186746,1,2,1,0,0,2,0,0,2,0,1,2,0.8005975441611056,-0.8414612556730522,1,74,2754,1.3757862936521852,5
0,1,0,0,-1.1960038562387048,0,1,0,0,0,0,0,0,0,0,0,2,-1.3115464430500368,-0.9714778617886126,1,74,3542,0.06355959837667938,1
1,0,0,0,-1.2774445836787656,1,2,1,0,0,0,0,2,2,0,1,2,1.0199547481830342,-0.9636689241291441,1,71,5962,4.810277395179296,5
1,0,0,0,-0.7888002190384014,1,0,1,0,0,0,0,2,2,0,1,2,0.8753784091685812,-0.5047283930408788,1,78,5347,0.08444319116799522,4
0,0,1,0,0.5142514200025698,1,0,0,0,2,0,2,0,0,1,1,1,-0.35268957395418365,0.017676300890017475,1,92,2761,-0.5266645007006466,3
0,0,0,0,-1.2774445836787656,1,0,1,0,0,0,0,0,0,0,0,0,0.16412929309748078,-0.9750293842834559,1,98,4620,3.3340940223813806,2
0,0,0,0,-1.0738427650786138,1,0,1,0,0,0,0,2,2,0,1,2,0.8222009051632655,-0.7528496664694204,1,82,2898,0.8043129191510008,4
1,0,1,0,-1.1960038562387048,0,1,0,0,0,0,0,0,2,0,1,2,-0.9841724340173105,-0.9617718375791036,1,83,2987,0.3458975832710378,2
1,0,0,1,-0.8295205827584317,1,2,1,0,0,0,0,0,0,0,1,1,0.29873485011093664,-0.6213330384305721,1,78,2010,-0.01118665455513439,3
0,1,0,0,-0.9924020376385531,1,2,1,0,0,2,0,2,2,0,0,2,1.2160467942026365,-0.6614365657325892,1,68,5546,0.6295095128236902,6
0,0,1,1,-1.0738427650786138,1,0,0,2,2,0,0,0,0,0,0,1,-0.29452667894836937,-0.8445936543952121,1,87,4914,0.2539688267680887,3
1,1,1,0,-1.1960038562387048,1,2,1,0,2,2,0,2,2,0,1,2,1.3672703212177542,-0.8581379699966633,1,71,2715,2.373858236192446,7
0,0,0,0,-1.2774445836787656,1,0,0,0,0,0,0,0,0,0,0,3,-0.6916961619880726,-0.9863898444377677,1,76,3238,1.8579106495834656,1
1,0,0,0,-1.2774445836787656,1,0,0,0,0,0,0,0,0,0,1,0,-0.6534748309842519,-0.9858824840813615,1,77,4884,1.9238372856501686,1
0,0,0,0,0.35136996512244845,1,0,1,0,0,0,0,0,0,0,0,0,0.18240906009930805,0.2595548360201702,1,69,3407,-0.4698592292603297,2
1,0,0,1,-0.9516816739185228,1,0,0,0,0,0,0,2,0,0,0,2,-0.31280644595019663,-0.8073578160641862,1,70,2688,-0.027017866828008236,2
1,1,1,0,0.43281069256250915,1,2,1,0,2,2,0,2,2,0,1,2,1.2708860952081187,0.9417339239271445,1,99,2505,-0.3932364214847055,7
0,0,1,0,0.025607055362205634,1,0,1,2,0,2,2,2,2,1,1,2,1.2958130502106107,0.4770580148968967,1,81,3824,-0.31176697933299047,7
1,0,0,0,-1.2774445836787656,1,0,1,0,0,0,0,0,0,0,1,2,0.15249671409631763,-0.9751837983049707,1,88,2843,3.3140293940132532,2
0,0,0,0,0.9621754209229036,1,0,1,0,2,0,0,0,0,0,1,2,0.3020584441112687,0.7999156747386581,1,72,5276,-0.5130847462281135,3
0,0,1,0,-1.1960038562387048,1,2,1,0,0,0,0,0,0,0,1,1,0.34526516611558833,-0.9101534361012598,1,78,2270,1.4924477757354382,3
1,0,0,0,-1.2774445836787656,1,0,1,0,0,0,0,0,0,0,1,2,0.16080569909714826,-0.9750735025753172,1,87,2072,3.3283612714190585,2
1,0,1,1,-1.1145631287986442,1,2,1,0,2,0,0,0,0,0,1,2,0.5114448661322006,-0.835924410044446,1,84,5124,0.8699665670766409,4
0,0,1,1,-1.2774445836787656,0,1,0,2,0,0,0,0,0,0,0,0,-1.1387195550327598,-0.9923237546931265,1,74,5171,1.0868556451511564,2
1,0,1,0,1.5322605130033284,1,2,1,0,2,0,0,2,2,2,0,0,1.114677177192503,2.0205143965222185,1,98,4794,-0.5028927167806445,6
0,0,0,0,0.6364125111626608,1,2,1,0,2,2,0,2,2,0,1,0,1.4171242312227377,1.2536502473872777,1,89,4956,-0.41032831535567293,7
0,1,0,0,-0.7888002190384014,1,2,1,0,0,0,0,0,2,0,1,2,0.572931355138347,-0.5084784478490982,1,99,3363,0.009917428657809164,4
0,0,1,0,-0.3408762181180675,1,2,1,0,0,0,0,0,0,0,1,1,0.35357415111641893,-0.23465826941128834,1,74,2325,-0.31583386030979066,3
0,1,1,0,-0.21871512695797646,1,0,1,2,0,2,0,2,2,0,1,2,1.2127232002023045,0.209436456465614,1,77,4853,-0.24703265911769476,6
1,1,0,0,-0.30015585439803716,1,2,1,0,2,0,0,2,0,0,1,2,0.8222009051632655,-0.036875966996609805,1,90,4849,-0.2669555436433467,5
0,1,0,0,-0.4223169455581282,1,2,1,0,0,0,0,0,0,0,1,0,0.32033821111309646,-0.2590336256647146,1,81,2407,-0.2907493360990042,3
1,0,0,0,-1.2774445836787656,1,0,2,1,1,1,1,1,1,0,0,3,-1.4710789550659844,-0.996735583879267,1,84,3731,0.5135805489189564,8
1,0,0,0,-1.1552834925186746,1,2,1,0,0,0,0,0,0,0,1,2,0.31867641411292996,-0.888711946256617,1,73,3622,1.0432867378375092,3
0,1,1,0,-0.5851984004382496,1,2,1,0,0,0,2,2,2,0,0,0,1.1628692901973208,-0.19565769940580632,1,68,5857,-0.059694547313243654,6
0,1,0,0,0.9621754209229036,1,2,1,0,2,2,2,2,2,1,1,2,1.5683477582378549,1.8261292025808682,1,91,4060,-0.4364469175739141,8
1,1,0,0,-0.6666391278783103,0,1,0,0,2,0,0,2,0,0,1,3,-0.8562140650045189,-0.7058416264910934,1,92,5692,-0.39860129537992667,3
0,0,1,0,-0.0965540357978854,1,2,1,0,2,0,2,2,0,0,1,1,0.9750862291785486,0.23149560239631647,1,94,5255,-0.31359993670898906,6
0,0,0,0,-0.9924020376385531,1,2,1,0,0,0,0,2,2,0,0,0,1.0266019361836989,-0.662495404737263,1,95,5335,0.556894667300945,5
0,1,1,0,0.7178532386027215,1,2,1,0,2,0,0,2,0,0,1,2,0.7740087921584478,0.921020385898215,1,87,5813,-0.46368487983452344,5
0,0,1,0,0.35136996512244845,1,0,0,0,2,0,2,0,2,1,1,0,0.05777428508684881,0.19803187801944086,1,65,2517,-0.4800962845501904,4
1,0,0,0,-1.1960038562387048,0,1,0,2,2,0,0,0,0,0,1,3,-0.9742016520163136,-0.9586394388569438,1,70,2095,0.35449670971452096,3
1,0,0,0,-1.1960038562387048,1,0,0,0,2,0,0,0,0,0,1,3,-0.49394231896830415,-0.9483819359991672,1,73,5585,0.7686879667422853,2
1,0,0,0,0.3106496014024181,1,2,1,0,2,2,0,2,2,0,1,1,1.3207400052131024,0.7752094312962713,1,93,2832,-0.3694029224728346,7
0,1,0,0,-1.1960038562387048,1,2,1,0,0,0,0,0,0,0,1,1,0.3419415721152558,-0.8927267108160047,1,83,3553,1.4895814002542769,3
1,0,0,0,-0.38159658183809786,1,2,1,0,0,2,0,0,0,0,1,2,0.5396954151350245,-0.15998806043586045,1,78,5701,-0.27467270840031865,4
0,1,1,0,-1.2774445836787656,1,2,1,0,0,0,0,0,0,0,1,2,0.32200000811326246,-0.9729337654200391,1,94,2394,3.6063996930916757,3
0,0,0,0,-1.1552834925186746,1,0,0,2,2,0,2,0,0,0,1,3,-0.14496494893341827,-0.8857119024100414,1,90,5730,0.7233992341399417,4
1,0,1,1,-1.2774445836787656,1,0,1,0,0,0,0,0,0,0,1,3,0.19570343610063723,-0.9746102605107724,1,82,3463,3.38855515652344,2
1,0,0,0,-0.8295205827584317,1,0,0,0,0,0,2,2,0,1,1,2,-0.16490651293541178,-0.6846869055435497,1,69,4581,-0.1342203098234297,3
0,0,0,0,-0.9516816739185228,1,0,0,0,0,0,0,0,0,0,1,0,-0.683387176987242,-0.8278287034878782,1,87,2029,-0.15485821328778887,1
1,1,0,0,-1.2774445836787656,1,2,1,0,0,0,0,0,0,0,1,2,0.3652067301175816,-0.9723602276258407,1,97,5571,3.680925455601862,3
0,0,0,0,1.4100994218432374,1,2,1,2,2,2,0,2,0,0,1,1,1.2692242982079527,2.0323160395951443,1,70,5620,-0.48804907142439197,7
1,1,1,0,-1.1552834925186746,1,2,1,0,0,0,0,0,0,0,1,3,0.32033821111309646,-0.8705131508637874,1,77,5839,1.0444332880299738,3
0,0,1,0,-1.2774445836787656,0,1,0,0,2,0,0,0,0,0,1,2,-1.1603229160349193,-0.9926105235902257,0,27,3964,1.0495927638960636,2
1,0,0,0,0.06632741908223598,1,0,0,2,0,2,0,0,0,1,0,3,-0.2596289419448806,-0.17216470898960817,0,61,3441,-0.47507330275463205,3
1,0,0,0,0.5142514200025698,0,1,0,2,0,2,2,0,0,1,0,0,-0.7465354629935549,-0.1936723762720431,0,66,4307,-0.5562006306586968,4
1,0,0,1,-0.4223169455581282,1,2,1,0,2,0,0,2,0,0,1,1,0.8089065291619363,-0.14573785216462656,0,43,4459,-0.21746982379801877,5
0,0,0,0,-0.9109613101984924,0,1,0,2,0,0,0,0,0,0,0,3,-1.1636465100352518,-0.8725867105812734,0,51,2013,-0.3515436872132728,2
1,0,0,0,1.2064976032430856,1,0,0,2,2,0,0,0,0,1,0,0,-0.28621769394753876,0.5330441272690194,0,58,4529,-0.5594448375524886,3
1,0,1,1,-0.7888002190384014,1,0,0,2,0,0,0,0,0,0,1,3,-0.4922805219681379,-0.7466069281710316,0,76,5764,-0.2525606689742195,2
1,0,0,0,-0.6666391278783103,1,0,2,1,1,1,1,1,1,2,0,1,-1.5225946620711341,-0.8616012559077836,0,39,4726,-0.5338267739617573,8
1,0,1,0,1.0436161483629645,1,2,1,0,0,2,0,2,2,1,0,1,1.182810854199314,1.5006244452274227,0,71,6432,-0.4666227003675578,6
1,0,0,0,-0.30015585439803716,1,0,1,2,0,2,2,2,2,0,1,2,1.3539759452164248,0.17925954483241316,0,75,5822,-0.19639860872246062,7
0,0,1,0,1.4915401492832983,1,2,1,2,2,2,2,2,2,2,0,1,1.611554480242174,2.4774254861848592,0,43,5141,-0.4761379565047775,9
0,0,0,0,0.7992939660427822,1,0,2,1,1,1,1,1,1,1,0,3,-1.4660935640654862,-0.5544717671146129,0,35,5186,-0.6169612068959407,8
1,0,0,0,1.5729808767233588,1,2,1,2,0,2,0,2,2,2,0,0,1.393859073220412,2.251142767227713,0,73,4479,-0.4917210295571211,7
0,0,0,0,-0.46303730927815856,1,0,1,0,2,2,0,0,2,0,1,2,0.8404806721650927,-0.18390017462474187,0,57,5982,-0.19232955821423908,5
1,0,1,0,-0.8295205827584317,1,0,2,1,1,1,1,1,1,1,0,0,-1.4943441130683104,-0.9165505884211634,0,77,5279,-0.4870049844278605,8
0,0,1,0,1.0436161483629645,1,2,0,0,2,0,2,0,0,2,1,1,-0.1615829189350795,0.5406104143232504,0,53,6407,-0.5452294042407527,4
1,0,1,1,0.6771328748826912,1,0,0,2,2,0,2,0,0,0,0,1,-0.17155370093607614,0.3046657894484568,0,79,4986,-0.5249646154152972,4
0,0,0,0,-0.0965540357978854,1,0,0,2,2,0,0,0,0,0,1,0,-0.31446824295036285,-0.33050525848019063,0,65,2725,-0.45710363821743655,3
1,0,1,0,1.6137012404433893,1,2,0,2,2,2,2,2,2,2,1,1,0.8471278601657574,1.8043127072554035,0,21,5974,-0.5198852410010096,8
0,1,1,0,1.5729808767233588,1,2,1,2,2,2,2,0,0,2,1,1,1.0498670941860242,1.9796829174044883,0,38,5309,-0.5082026885737968,7
1,1,1,0,-1.2367242199587352,1,0,1,0,0,2,0,2,2,0,1,1,1.0216165451832002,-0.9256389565446128,0,69,4449,2.9882180476546196,5
0,0,1,0,-0.21871512695797646,1,0,0,2,2,2,2,0,0,1,0,3,0.046141706085686136,-0.1788045119147496,0,66,3213,-0.39076091538733915,5
1,0,0,0,-1.2774445836787656,1,0,2,1,1,1,1,1,1,0,0,0,-1.481049737066981,-0.9968679387548512,0,77,5526,0.49638229603199036,8
1,1,0,0,-1.2774445836787656,1,0,0,0,0,0,0,0,0,0,0,0,-0.6484894399837535,-0.9858163066435692,0,40,3144,1.9324364120936515,1
0,0,1,0,1.6137012404433893,1,2,1,2,2,0,2,2,0,2,0,0,1.1678546811978192,2.193546337202649,0,79,5915,-0.5047287898266515,7
0,0,0,0,0.5549717837226001,1,0,1,0,0,2,0,0,0,0,1,1,0.33363258711442517,0.5596695164073775,0,41,3395,-0.4791611549605918,3
1,0,1,0,-0.9109613101984924,1,0,0,0,2,0,0,0,0,1,0,3,-0.5055748979694671,-0.7959091193261516,0,22,2392,-0.14516465256968084,2
0,0,1,0,1.5322605130033284,1,2,0,2,2,0,0,2,0,2,1,1,0.14751132309581955,1.1438177597983101,0,25,4715,-0.5498851260774249,5
0,0,1,0,-0.62591876415828,1,0,2,1,1,1,1,1,1,1,0,3,-1.462769970065154,-0.8212550780005288,0,64,3646,-0.5294616400590743,8
0,0,0,0,1.247217966963116,1,2,0,2,2,2,2,2,0,2,1,1,0.5014740841312035,1.1390088659854167,0,70,4595,-0.5185833470003625,7
0,0,1,0,-0.7888002190384014,1,2,0,2,2,0,2,2,0,0,1,2,0.3801629031190768,-0.5727808582370959,0,41,2569,-0.03758250788714449,6
0,0,0,0,0.6771328748826912,1,2,1,0,0,0,0,0,2,0,1,2,0.6560212051466532,0.7177894744386527,0,71,6434,-0.46786641583057015,4
1,0,0,0,-1.2367242199587352,1,0,0,0,2,0,0,0,0,0,0,3,-0.5155456799704636,-0.9629850906052922,0,57,3805,1.2206198342720032,2
1,0,0,0,0.7992939660427822,1,2,0,2,0,0,2,2,2,2,1,1,0.4981504901308714,0.8550414804194837,0,49,4142,-0.48911004392491053,6
0,0,1,0,1.4915401492832983,1,2,0,2,0,2,2,0,0,2,1,1,-0.020330173920958795,0.8710564203651738,0,62,5128,-0.5565602628619233,5
0,1,0,0,0.43281069256250915,1,2,1,0,2,0,0,2,0,0,1,2,0.8471278601657574,0.6878110951188281,0,52,2223,-0.42646031910725346,5
0,1,1,0,-0.30015585439803716,1,2,0,2,0,0,2,2,0,0,1,1,0.1574821050968162,-0.23254059140194083,0,25,3154,-0.35515171229445447,5
0,1,1,0,1.125056875803025,1,0,0,2,2,2,2,0,2,1,1,1,0.33529438411459117,0.9602856656548654,0,59,5153,-0.5209460509702334,6
0,0,1,0,1.247217966963116,1,2,1,2,0,0,0,2,2,1,1,1,1.1595456961969886,1.778613802246135,0,79,4572,-0.4831119504209952,6
1,1,1,0,1.369379058123207,1,2,1,0,2,2,2,2,2,1,1,2,1.4520219682262263,2.1161849124236753,0,74,4582,-0.4760462813827788,8
0,0,1,0,0.06632741908223598,1,2,2,1,1,1,1,1,1,2,0,1,-1.3231790220511994,-0.6112299495943104,0,62,5408,-0.5799007489228057,9
0,0,0,0,1.6137012404433893,1,2,1,0,0,2,2,2,2,2,1,1,1.42044782522307,2.459138454208307,0,53,4708,-0.49279210289140574,7
0,0,1,0,0.5956921474426305,1,2,1,0,0,2,0,2,2,0,1,2,1.1877962451998125,1.0709122824973383,0,70,4488,-0.42157445180981995,6
1,0,0,0,1.125056875803025,1,2,1,0,2,0,0,2,0,0,1,0,0.8354952811645946,1.3989759007787455,0,35,6292,-0.4926582142545134,5
1,0,1,0,1.6137012404433893,0,1,0,2,2,2,0,0,0,2,0,0,-0.7531826509942192,0.3010039712239601,0,29,6091,-0.5955104352025999,4
0,0,1,0,-0.5851984004382496,1,0,0,0,0,2,2,0,0,1,1,1,-0.34438058895335305,-0.5835236623053481,0,33,4948,-0.3333579748304044,3
0,0,0,0,-1.1960038562387048,1,0,0,0,2,0,2,2,2,0,1,2,0.3502505571160864,-0.8980870832771656,0,35,5387,1.4967473389571795,5
1,0,1,0,0.5956921474426305,1,2,1,0,2,0,0,0,0,1,1,2,0.46989994112804756,0.6046922332519411,0,61,3817,-0.47316921047071797,4
0,0,0,0,-0.055833672077855064,1,0,0,0,2,2,2,2,2,2,0,3,0.47987072312904416,0.09594215065214973,0,78,4984,-0.3778622257221147,6
0,0,1,0,0.7178532386027215,1,0,2,1,1,1,1,1,1,2,0,0,-1.4827115340671475,-0.5950826547730361,0,20,5849,-0.6163334250665484,8
1,0,0,0,-0.9109613101984924,1,0,1,2,0,2,0,0,0,0,1,3,0.5014740841312035,-0.614296170878678,0,38,5983,0.17065780953642215,4
1,0,0,0,-1.2774445836787656,1,0,0,0,0,0,2,0,0,0,0,3,-0.5221928679711283,-0.9841398115528358,0,30,3178,2.1502809486618872,2
0,0,1,0,0.7992939660427822,1,0,2,1,1,1,1,1,1,1,1,2,-1.4744025490663168,-0.5246036835244418,0,26,5482,-0.6175020324584239,8
1,1,1,0,1.2879383306831464,1,2,1,2,0,2,2,2,2,2,1,0,1.5567151792366918,2.1261777055302837,0,69,4881,-0.4647795499277813,8
1,0,1,0,1.2064976032430856,1,2,2,1,1,1,1,1,1,2,1,0,-1.3464441800535252,-0.3772706478532799,0,33,4444,-0.6175003155518763,9
0,0,0,1,-1.1960038562387048,1,0,0,2,0,0,2,0,2,0,1,0,-0.00869759491979612,-0.9275139839487225,0,54,5613,1.1871787869917914,4
0,1,0,0,0.9621754209229036,1,2,1,2,2,2,0,2,2,1,0,2,1.5201556452330371,1.702862695120103,0,21,4463,-0.43936358034421824,8
0,0,0,0,0.5549717837226001,1,0,0,0,0,0,0,0,2,1,0,1,-0.3028356639492,0.18049485700453238,0,56,2867,-0.5258769766322796,2
0,0,1,1,-0.9924020376385531,1,0,0,2,2,0,0,0,0,0,0,3,-0.33607160395252245,-0.7930193712092296,0,43,5614,0.034577357400495876,3
1,1,0,0,-0.0965540357978854,1,0,0,2,2,0,0,2,2,0,1,2,0.3319707901142591,-0.07431033764101187,0,55,3033,-0.3851668600128153,5
0,0,1,0,0.5142514200025698,1,2,2,1,1,1,1,1,1,1,1,1,-1.2916048790480432,-0.4690366949250022,0,78,5741,-0.5970776375204712,9
0,0,1,1,-0.8702409464784621,0,1,0,2,0,0,0,2,2,0,0,2,-0.47233895796614456,-0.7563570706724021,0,28,3443,-0.17864912978142522,4
0,0,0,0,0.3920903288424788,1,0,1,0,2,2,2,2,2,0,1,0,1.2974748472107767,0.9034392465914449,0,37,4005,-0.38486151468774044,7
0,0,1,0,0.6771328748826912,1,0,2,1,1,1,1,1,1,2,1,0,-1.4827115340671475,-0.5763544398778698,0,37,5422,-0.6154274256007385,8
1,0,0,0,-0.9516816739185228,1,2,1,0,2,0,0,2,2,0,1,1,1.1479131171958254,-0.6004430272341968,0,69,3540,0.4768909427600956,6
0,0,1,0,0.10704778280226633,1,0,0,2,0,0,0,2,0,1,1,0,-0.08680205392760396,-0.028361136667358768,0,39,5255,-0.463694247074658,3
0,0,1,0,0.6364125111626608,1,0,2,1,1,1,1,1,1,2,0,0,-1.4660935640654862,-0.5394494887358046,0,25,4124,-0.6133144973889111,8
0,0,1,0,0.5549717837226001,1,0,2,1,1,1,1,1,1,2,1,3,-1.4893587220678117,-0.5967591498637697,0,80,5480,-0.6129660018896818,8
1,0,1,0,-0.13727439951791576,0,1,0,0,0,0,0,2,0,0,0,3,-1.0307027500219619,-0.5605159730996254,0,62,3664,-0.5326465017048087,2
1,0,1,1,-0.0965540357978854,1,0,1,0,2,2,0,0,0,0,0,0,0.574593152138513,0.12814850371097536,0,9,5036,-0.3581674522547827,4
1,1,0,0,-1.2774445836787656,1,0,1,0,0,0,2,0,0,0,0,2,0.3303089931140931,-0.9728234696903856,0,60,4182,3.620731570497481,3
1,0,1,0,1.369379058123207,1,2,0,2,0,2,2,2,2,2,1,3,0.6394032351449919,1.5152496589794784,0,24,5825,-0.5178868070630095,7
0,0,0,0,1.3286586944031769,1,2,1,2,2,2,0,2,2,0,1,1,1.5384354122348645,2.1297071688791958,0,38,5261,-0.46871764248861186,8
1,0,0,0,1.6137012404433893,1,2,1,0,2,2,0,2,2,2,1,0,1.2010906212011416,2.2850256153772723,0,54,5781,-0.5031581731246455,7
1,0,1,0,1.5729808767233588,1,2,0,2,2,0,2,0,0,1,1,1,0.06940686408801149,1.0892654919116826,0,26,4117,-0.5551793978483799,5
1,0,0,0,0.7992939660427822,1,0,2,1,1,1,1,1,1,2,0,0,-1.4544609850643233,-0.5173021062213792,0,66,4158,-0.6162040511084642,8
1,0,0,0,-1.2774445836787656,1,0,2,1,1,1,1,1,1,0,0,3,-1.481049737066981,-0.9968679387548512,0,77,2710,0.49638229603199036,8
0,0,1,1,-1.2774445836787656,1,0,2,1,1,1,1,1,1,0,0,2,-1.505976692069473,-0.9971988259438118,0,26,5612,0.4533866638145754,8
1,0,0,0,0.22920887396235737,1,2,1,0,0,2,2,2,0,1,0,0,1.0049985751815391,0.5849492976439624,0,63,4741,-0.38234553096187934,6
0,1,1,0,1.369379058123207,0,1,0,0,2,2,0,2,0,1,0,0,-0.6385186579827569,0.3297911566635268,0,28,6238,-0.5836850979589143,4
1,0,0,0,-1.1145631287986442,0,1,0,0,0,0,0,0,0,0,0,3,-1.3447823830533592,-0.9615733052657274,0,61,4015,-0.19728057040897168,1
0,0,1,0,1.6137012404433893,1,2,1,2,2,0,0,2,2,1,1,2,1.3091074262119398,2.2162010800734806,0,21,4594,-0.49805366884312596,7
0,0,0,0,-0.015113308357824713,0,1,0,2,0,0,0,0,0,1,0,3,-1.150352134033923,-0.5965164992585318,0,60,3585,-0.556880403500079,2
1,0,0,0,0.43281069256250915,1,2,1,0,0,0,0,2,2,1,0,3,0.9833952141793793,0.7242307450504181,0,53,5845,-0.41577655595019886,5
1,0,1,0,1.6137012404433893,1,0,2,1,1,1,1,1,1,2,0,1,-1.5076384890696393,-0.4043372199102518,0,23,5234,-0.6311634343381368,8
0,0,0,0,0.7992939660427822,1,0,0,2,0,2,2,0,0,1,0,1,-0.22639300194155818,0.3364089004427376,0,28,6078,-0.5362700329734461,4
0,0,0,0,0.43281069256250915,1,0,1,0,2,2,0,2,0,0,1,2,0.893658176170409,0.7387015447809587,0,65,3826,-0.42281220485850307,5
0,0,1,0,1.2879383306831464,0,1,0,0,2,0,2,2,2,2,1,2,-0.33773340095268845,0.504609888164344,0,35,4850,-0.5653231821900441,5
1,0,1,1,-1.1960038562387048,1,0,1,2,2,0,0,2,0,0,0,2,0.8338334841644282,-0.8961899967271251,0,22,4648,1.913804971466105,5
0,0,0,0,0.14776814652229667,0,1,0,2,0,0,0,0,0,2,0,0,-1.1204397880309327,-0.5088534533299203,0,54,4871,-0.5654161457191629,2
0,0,0,0,0.35136996512244845,1,0,2,1,1,1,1,1,1,2,0,3,-1.4660935640654862,-0.6373259192303314,0,59,5918,-0.6052613472275541,8
1,0,1,1,-0.21871512695797646,1,2,1,0,2,0,2,0,0,0,1,1,0.6792863631489789,-0.056530666020865795,0,28,3796,-0.3127545540786005,5
0,0,1,0,0.9621754209229036,1,2,1,0,0,2,0,2,2,1,1,1,1.1645310871974868,1.4275424947590052,0,43,4606,-0.46088654009749735,6
0,0,0,0,-1.0738427650786138,1,0,2,1,1,1,1,1,1,0,0,3,-1.46443176706532,-0.9560364596371209,0,47,5346,-0.32258212715686685,8
0,0,1,1,-1.0331224013585834,1,0,0,2,0,0,0,0,0,0,0,3,-0.467353566965646,-0.8512113981744227,0,59,3097,0.0649927861172599,2
0,0,1,1,-1.1552834925186746,1,0,2,1,1,1,1,1,1,0,0,3,-1.4594463760648215,-0.9780294281300312,0,76,3172,-0.18352196809939889,8
1,0,0,0,0.025607055362205634,1,0,1,2,0,0,2,2,0,2,1,2,0.8039211381614382,0.3299676298309725,0,32,5087,-0.36167563476967607,5
1,0,1,0,1.6137012404433893,1,2,2,1,1,1,1,1,1,2,1,0,-1.3697093380558512,-0.24520254116616408,0,59,5901,-0.6246453750248118,9
1,0,0,0,-1.2774445836787656,1,0,2,1,1,1,1,1,1,0,0,3,-1.4960059100684764,-0.9970664710682275,0,68,2484,0.4705849167015414,8
1,1,0,0,1.5729808767233588,0,1,0,2,2,0,0,2,2,1,1,2,-0.2762469119465419,0.7524885109876478,0,68,5372,-0.5717406784061989,5
0,0,0,0,-0.7888002190384014,1,2,1,0,0,0,0,0,2,0,1,2,0.7042133181514708,-0.4694558186976855,0,58,5886,0.04226652337376906,4
1,0,0,0,1.4100994218432374,1,0,0,0,0,0,2,0,0,2,0,0,-0.47233895796614456,0.4325205992628083,0,63,6064,-0.5764008803731193,2
0,0,0,0,0.43281069256250915,1,2,2,1,1,1,1,1,1,2,1,1,-1.2982520670487077,-0.4815662898136412,0,79,2017,-0.5946644439335649,9
0,0,0,0,-0.38159658183809786,1,0,1,2,0,0,0,0,0,0,1,0,0.3402797751150897,-0.22113601295576768,0,29,2221,-0.3033364632119287,3
0,0,1,0,1.2879383306831464,1,0,2,1,1,1,1,1,1,2,0,3,-1.481049737066981,-0.44205835945175304,0,51,4557,-0.6260021462220062,8
1,0,0,0,1.002895784642934,1,0,2,1,1,1,1,1,1,2,1,3,-1.5009913010689746,-0.4893531683271792,0,40,4393,-0.6228879090944636,8
0,1,1,0,1.6137012404433893,1,2,0,2,2,2,2,2,2,2,1,1,0.7740087921584478,1.829107187281513,0,8,6102,-0.523340597745423,8
0,0,1,0,1.1657772395230555,1,2,1,0,2,0,0,2,2,2,1,0,1.2060760122016398,1.628633669063289,0,60,6311,-0.47476420973039624,6
1,0,0,0,1.2879383306831464,1,2,1,2,2,0,0,0,0,1,1,1,0.6493740171459885,1.3276586819847844,0,53,5044,-0.5129346580112861,5
1,1,1,0,1.5729808767233588,1,2,2,1,1,1,1,1,1,2,0,0,-1.3564149620545218,-0.23097439204086098,0,52,4329,-0.6234946801493837,9
0,0,1,0,1.3286586944031769,1,2,1,2,2,0,2,2,0,2,1,1,1.1396041321949948,1.8251586001599174,0,59,5878,-0.48956400962432817,7
1,0,0,0,-1.1960038562387048,1,0,2,1,1,1,1,1,1,1,0,3,-1.5009913010689746,-0.9787132616538832,0,33,2543,-0.09982380404949762,8
1,0,0,0,-0.0965540357978854,1,0,0,0,2,2,0,2,0,1,0,1,-0.00869759491979612,-0.15431885993166986,0,30,4320,-0.4230769873442995,4
1,0,1,1,-0.7073594915983407,1,0,0,0,2,2,2,0,2,0,1,3,0.1574821050968162,-0.5330964547077621,0,35,3128,-0.16360065850532993,5
0,0,1,1,-0.9924020376385531,1,0,0,0,0,0,2,2,2,0,1,2,0.12590796209365976,-0.7567982535910162,0,58,3123,0.211655664903331,4
0,0,1,0,1.5322605130033284,1,2,1,2,2,2,0,2,2,1,1,1,1.4420511862252297,2.493043361503797,0,41,5192,-0.48698635143448343,8
1,0,1,0,1.2064976032430856,1,0,0,2,2,2,2,2,2,2,0,2,0.7091987091519689,1.2950993825910675,0,62,5769,-0.504938205386919,7
0,0,1,1,-1.0738427650786138,1,0,2,1,1,1,1,1,1,0,0,3,-1.4976677070686424,-0.9557055724481603,0,43,4293,-0.33896141562064397,8
0,0,1,1,-0.748079855318371,1,0,1,0,0,0,0,0,2,0,1,0,0.5363718211346925,-0.49718416513257857,0,46,2563,-0.043260661221253896,3
0,0,0,0,-0.4223169455581282,1,2,1,0,0,0,0,2,0,0,1,0,0.6443886261454905,-0.20196661514198722,0,32,3549,-0.2421455779401873,4
1,0,1,0,-0.4223169455581282,1,0,2,1,1,1,1,1,1,1,0,3,-1.4827115340671475,-0.8205271261848155,0,72,2173,-0.5611856314954987,8
1,0,1,0,-0.6666391278783103,1,0,0,2,0,2,0,2,0,2,0,3,-0.017006579920626735,-0.5540085250500681,0,77,5511,-0.22830486973447897,4
1,0,0,0,-0.9109613101984924,1,2,2,1,1,1,1,1,1,2,0,0,-1.2982520670487077,-0.8947782113875602,0,8,3611,-0.3937575806630984,9
0,0,0,1,-0.7888002190384014,1,0,0,2,2,0,0,0,0,0,1,2,-0.29120308494803704,-0.6684734332844834,0,22,5156,-0.20301332137129366,3
0,0,0,0,-1.2367242199587352,1,0,1,0,0,0,0,0,0,0,1,2,0.16412929309748078,-0.9461319031142356,0,43,3056,2.002184882135236,2
1,0,0,0,0.8400143297628127,1,2,0,0,2,2,2,0,2,2,1,0,0.30372024111143525,0.7405324538932071,0,55,5644,-0.5047258812772034,6
0,0,1,0,-0.8702409464784621,1,0,2,1,1,1,1,1,1,1,0,3,-1.4677553610656522,-0.9025871490470287,0,29,4047,-0.464808948650665,8
1,0,1,0,1.4915401492832983,1,0,2,1,1,1,1,1,1,2,0,3,-1.491020519067978,-0.404248983326529,0,54,5570,-0.6290386143141372,8
1,0,1,0,1.6137012404433893,1,2,0,2,2,2,2,2,2,2,1,0,0.8072447321617703,1.7535766716147878,0,54,6212,-0.521769981043417,8
0,0,1,1,-0.6666391278783103,1,0,2,1,1,1,1,1,1,0,0,2,-1.4744025490663168,-0.8639836436682994,0,62,3990,-0.5240473752613257,8
1,0,1,0,0.43281069256250915,1,0,1,2,0,2,2,0,0,1,1,0,0.6477122201458225,0.5556768109939203,0,51,4382,-0.4420950944590407,5
1,0,1,0,-0.748079855318371,1,0,0,0,2,2,2,2,2,2,0,3,0.5712695581381809,-0.48441191963870184,0,52,2564,-0.03523480987400306,6
0,0,0,0,-0.015113308357824713,1,0,2,1,1,1,1,1,1,1,0,0,-1.4694171580658184,-0.7170035543320288,0,77,5358,-0.5902345909172251,8
0,0,1,0,0.06632741908223598,1,2,2,1,1,1,1,1,1,0,0,2,-1.33148800705203,-0.6615689206081734,0,72,3421,-0.5807197133459946,9
0,0,1,1,-0.7073594915983407,1,2,1,0,2,2,0,2,2,0,1,0,1.3489905542159264,-0.31786536786189806,0,66,2721,0.09329824399372469,7
1,0,1,0,1.1657772395230555,1,0,2,1,1,1,1,1,1,1,1,1,-1.4694171580658184,-0.45341881960606484,0,42,5110,-0.6236308073003708,8
0,0,0,0,-1.2774445836787656,1,0,0,0,0,0,0,0,0,0,0,3,-0.6468276429835875,-0.9857942474976384,0,48,3575,1.9353027875748123,1
1,0,1,0,0.025607055362205634,1,0,0,2,0,2,0,2,2,1,0,1,0.3319707901142591,0.0765742205249931,0,26,5344,-0.4095609663373069,5
1,0,0,0,-0.5037576729981889,1,0,0,0,2,0,0,0,0,0,1,3,-0.4307940329619915,-0.5540747024878603,0,24,2764,-0.37881768421583506,2
1,0,0,0,-1.1960038562387048,0,1,0,0,0,0,2,0,0,0,0,2,-1.1420431490330922,-0.9695366569467108,0,55,3108,0.20974474791589032,2
0,0,0,0,-0.7888002190384014,1,0,2,1,1,1,1,1,1,1,0,2,-1.4993295040688086,-0.8977782552341357,0,49,2024,-0.5007068892004433,8
0,0,1,0,0.3106496014024181,1,2,0,0,2,0,0,0,0,0,0,1,-0.27126152094604356,0.043838447963830504,0,72,3359,-0.5033535425192852,3
1,0,1,0,0.43281069256250915,1,2,0,2,0,0,2,0,2,1,1,1,0.2372483611047903,0.39424798107303943,0,23,4106,-0.4742766737248028,5
0,0,1,0,1.4915401492832983,1,0,2,1,1,1,1,1,1,2,0,0,-1.4960059100684764,-0.39897684744909107,0,72,5325,-0.6292843036410938,8
0,0,1,0,1.6137012404433893,1,2,1,2,2,2,0,2,2,2,0,1,1.4935668932303794,2.580728466578339,0,74,5945,-0.48933674614699246,8
1,0,1,0,1.0843365120829946,1,0,2,1,1,1,1,1,1,2,0,1,-1.5109620830699715,-0.479580966679878,0,28,4149,-0.6247527004994489,8
0,0,1,0,-0.5037576729981889,1,0,1,2,2,0,2,2,0,0,1,2,1.0565142821866886,-0.16680433652844742,0,36,4382,-0.13449329796449266,6
1,0,1,1,-0.3408762181180675,1,2,2,1,1,1,1,1,1,2,1,0,-1.3514295710540236,-0.7466289873169623,0,26,4634,-0.5511059598034855,9
1,0,0,0,1.0843365120829946,1,2,1,0,2,2,2,2,2,0,1,2,1.5484061942358611,1.8706224999230954,0,62,6047,-0.4488527918055355,8
1,0,1,1,1.6137012404433893,1,2,1,0,2,2,2,2,2,2,1,0,1.5783185402388515,2.542058783761817,0,55,4099,-0.4853316735568771,8
1,0,0,1,-1.2774445836787656,1,0,2,1,1,1,1,1,1,0,0,3,-1.462769970065154,-0.9966252881496135,0,25,3358,0.5279124263247614,8
0,0,1,0,-0.21871512695797646,1,0,1,2,0,0,2,2,2,1,1,1,1.2343265612044643,0.17709774853120427,0,69,3795,-0.2443710247423309,6
0,0,0,0,-0.748079855318371,1,0,1,0,2,0,2,0,0,0,1,1,0.5081212721318681,-0.5150520733364476,0,53,4400,-0.049757778978552165,4
1,0,1,1,1.5729808767233588,1,2,1,2,0,2,0,2,2,2,0,2,1.3556377422165908,2.2614002700854896,0,63,5010,-0.49355232500341845,7
1,0,0,1,-0.7888002190384014,1,0,1,0,0,0,0,2,0,0,1,1,0.4499583771260538,-0.5496187550098584,0,26,5566,-0.02038425500017855,3
1,0,0,0,0.47353105628253944,1,0,1,0,0,0,0,0,0,0,0,1,0.13587874409465642,0.29965836332218715,0,51,2053,-0.4862112189100006,2
0,0,0,0,0.025607055362205634,1,0,1,0,2,0,2,0,0,1,1,0,0.5047976781315361,0.17873012533007618,0,52,3118,-0.3920254928054984,4
1,0,1,0,1.6137012404433893,0,1,0,2,2,2,2,0,2,2,1,1,-0.3094828519498643,0.8380118197609813,0,32,4556,-0.5745427022308195,6
1,0,1,0,1.2879383306831464,1,0,1,0,2,2,2,2,2,1,1,1,1.2526063282062914,1.929895425038893,0,58,6398,-0.480919448790934,7
0,0,0,0,-1.2774445836787656,0,1,0,0,0,0,0,0,0,0,0,2,-1.3132082400502028,-0.9946399650158503,0,73,5858,0.7858862196292514,1
1,0,0,1,1.1657772395230555,1,0,2,1,1,1,1,1,1,2,0,3,-1.4960059100684764,-0.5098019966049404,0,76,5411,-0.6251102269035507,8
0,0,1,0,-0.13727439951791576,1,0,2,1,1,1,1,1,1,1,0,2,-1.4876969250676457,-0.7675189985133375,0,34,3800,-0.585196718859427,8
1,1,1,0,-0.38159658183809786,1,2,1,0,0,0,0,0,2,0,0,2,0.7324638671542947,-0.13406856396728503,0,38,5788,-0.246964412082429,4
0,0,1,0,1.002895784642934,0,1,0,2,2,2,0,2,2,0,1,0,-0.19980424993890028,0.51076438987901,0,38,4115,-0.5454957711031166,6
1,0,1,0,1.6137012404433893,0,1,0,2,2,2,2,0,0,2,0,1,-0.6484894399837535,0.3794462941535382,0,22,5041,-0.590562992591281,5
1,0,1,0,1.369379058123207,0,1,0,2,2,2,2,2,0,2,1,0,-0.27126152094604356,0.6659504815015019,0,77,5500,-0.5647755761279716,6
1,0,1,0,1.3286586944031769,1,2,0,0,2,2,2,2,2,2,1,0,0.6460504231456565,1.3432986164496525,0,33,5256,-0.5153613889547772,7
0,0,0,0,-0.9924020376385531,1,0,1,0,0,0,0,2,0,0,1,0,0.5064594751317021,-0.7302169827445196,0,22,2165,0.35752232827796865,3
0,0,1,0,1.5729808767233588,1,2,2,1,1,1,1,1,1,2,0,0,-1.329826210051864,-0.19537093050870716,0,51,4642,-0.6222207354910899,9
1,0,1,0,-1.2774445836787656,1,0,2,1,1,1,1,1,1,1,1,2,-1.481049737066981,-0.9968679387548512,0,21,4160,0.49638229603199036,8
0,0,0,0,-0.8295205827584317,1,0,2,1,1,1,1,1,1,1,1,0,-1.5093002860698053,-0.9090063605128633,0,57,4451,-0.4909738120171603,8
1,0,0,0,-0.3408762181180675,0,1,0,2,0,0,0,2,2,1,1,3,-0.47067716096597834,-0.4372053473469985,0,32,4806,-0.4295716394022591,4
0,0,1,0,-0.055833672077855064,1,0,0,2,0,2,2,2,2,1,1,3,0.544680806135523,0.11736158135086192,0,54,5643,-0.3708754354867847,6
1,0,0,0,-0.0965540357978854,1,2,1,0,0,0,2,0,2,0,1,1,0.8354952811645946,0.19562743111299438,0,33,3233,-0.32913384254237765,5
0,0,1,0,0.5956921474426305,1,2,0,2,2,0,2,2,2,2,1,1,0.682609957149311,0.8062687087667004,0,30,5698,-0.45788187457119256,7
1,0,0,0,0.880734693482843,1,2,1,2,2,0,2,2,2,2,1,1,1.437065795224731,1.53572054640317,0,73,6370,-0.43649263329131693,8
1,0,0,0,0.7178532386027215,1,0,1,2,2,0,2,0,2,0,1,1,0.9551446651765553,1.0887360724093458,0,70,6367,-0.4514325297385804,6
0,0,0,0,1.6137012404433893,1,0,2,1,1,1,1,1,1,2,0,1,-1.479387940066815,-0.31449031853450055,0,49,5733,-0.6298284101414316,8
0,0,0,0,-0.13727439951791576,1,2,2,1,1,1,1,1,1,0,0,2,-1.3165318340505352,-0.6960694248437922,0,46,5491,-0.5655142738887882,9
0,0,0,0,-0.9109613101984924,0,1,0,0,0,0,2,0,0,2,1,3,-1.16863190103575,-0.8738440818993235,0,62,3180,-0.3531071647484515,2
1,0,1,0,-0.5851984004382496,1,2,1,0,0,0,0,0,0,0,1,2,0.2787932861089434,-0.4296170011468368,0,73,4283,-0.22021157425825966,3
1,0,0,0,-0.6666391278783103,1,0,2,1,1,1,1,1,1,2,0,3,-1.4960059100684764,-0.88032947080295,0,53,4272,-0.5284312436442777,8
0,0,0,0,1.6137012404433893,1,2,0,0,2,2,2,2,2,2,0,0,0.7258166791536301,1.7959522909476673,0,37,4530,-0.5256179919633318,7
1,0,0,0,1.6137012404433893,1,2,1,0,2,2,2,2,2,2,0,0,1.476948923228718,2.4699915540062127,0,26,4551,-0.49012205449799545,8
0,0,1,0,0.35136996512244845,1,0,0,2,0,0,2,2,2,1,1,1,0.3303089931140931,0.40055689680922046,0,56,5246,-0.4577112569830283,5
0,1,1,0,1.3286586944031769,1,0,1,2,2,2,0,0,2,0,0,2,0.9850570111795457,1.6969729031566052,0,7,5348,-0.49764197688941825,6
0,1,0,0,-0.7888002190384014,1,0,0,0,2,2,0,0,0,0,1,2,-0.3310862129520241,-0.6831427653284006,0,7,5557,-0.21284089444955998,3
1,1,0,0,-1.1552834925186746,1,0,1,2,0,0,0,0,0,0,0,2,0.35191235411625243,-0.8851604237617738,0,40,4033,1.066217741686797,3
1,0,0,0,0.35136996512244845,1,2,0,0,0,2,0,0,2,1,0,3,0.00792037508186511,0.111207079636196,0,57,5043,-0.4841911066661347,4
1,0,0,0,0.3920903288424788,1,2,1,2,2,2,0,0,2,1,1,2,1.1379423351948288,0.8906228828057067,0,46,2887,-0.3976602145105988,7
0,0,1,0,0.758573602322752,1,0,1,2,2,2,0,2,0,1,1,2,0.9551446651765553,1.0322867179726782,0,68,5561,-0.4554748541350894,6
1,0,0,0,-0.015113308357824713,1,2,0,0,2,2,2,2,2,1,0,1,0.6294324531439953,0.15598714587552204,0,71,3945,-0.37082657681381037,7
1,0,0,0,-0.9109613101984924,1,0,2,1,1,1,1,1,1,0,1,3,-1.4926823160681442,-0.9206094712724127,0,58,3768,-0.45473320453506877,8
0,0,1,0,1.4100994218432374,0,1,0,0,2,2,2,2,2,2,1,2,-0.1732154979362424,0.8047907459893432,0,56,4478,-0.561225951355208,6
0,0,1,1,1.1657772395230555,1,2,1,2,2,2,2,2,2,2,0,1,1.6730409692483204,2.086096237374197,0,38,6090,-0.4487819029495498,9
1,0,0,0,0.7178532386027215,1,2,1,2,2,2,2,2,2,1,0,1,1.6481140142458286,1.5491545662749682,0,33,5068,-0.4045588601054769,9
0,1,1,0,-0.13727439951791576,0,1,0,2,0,2,0,0,2,0,1,2,-0.6567984249845842,-0.46372044075570285,0,50,3094,-0.48965086948739367,4
1,1,1,0,1.002895784642934,1,2,1,0,2,0,0,0,2,0,1,2,0.8338334841644282,1.1672004544848547,0,36,4429,-0.48401695905890485,5
0,0,0,0,-0.055833672077855064,0,1,0,2,2,0,2,0,2,2,1,0,-0.49560411596847015,-0.3351376791256382,0,67,2539,-0.4830223761872089,5
0,0,1,0,0.5142514200025698,1,2,1,2,2,2,2,2,2,1,0,3,1.61321627724234,1.2143629084846965,0,61,4885,-0.37923310095223517,9
0,0,1,0,1.1657772395230555,1,2,0,2,2,2,2,2,2,2,0,3,0.7756705891586139,1.432527861739344,0,40,5152,-0.49871231455687043,8
1,0,0,0,0.7178532386027215,1,2,2,1,1,1,1,1,1,2,0,0,-1.3248408190513656,-0.47845595023741216,0,68,4297,-0.6056547713132036,9
0,1,0,0,-0.5444780367182193,1,0,1,2,2,0,2,2,2,0,1,3,1.3373579752147637,-0.12021542032280383,0,59,3524,-0.059694547313243654,7
0,0,1,0,1.5729808767233588,1,2,2,1,1,1,1,1,1,2,1,1,-1.3464441800535252,-0.24123189489863764,0,59,5409,-0.6230169509025236,9
1,0,1,0,1.002895784642934,1,0,0,2,2,0,2,0,0,2,1,2,-0.16656830993557784,0.5163674129454084,0,68,4012,-0.5435189604264539,4
1,1,1,0,-0.5037576729981889,1,2,1,0,2,0,2,2,2,0,0,2,1.4054916522215746,-0.04750847533520836,0,65,5328,-0.07716578834127265,7
1,1,1,0,-0.46303730927815856,1,0,0,2,2,0,0,0,2,0,1,0,0.006258578081699082,-0.4146829593517513,0,23,4604,-0.3231405119908592,4
1,0,0,0,-0.748079855318371,0,1,0,0,0,2,2,2,2,0,1,2,-0.3244390249513595,-0.6652086796867394,0,23,4900,-0.24123166112010702,5
0,0,0,0,-1.1145631287986442,1,0,0,0,2,0,0,0,0,0,0,0,-0.47233895796614456,-0.8978003143800664,0,54,2739,0.30433513879420326,2
0,0,0,0,-1.0738427650786138,1,0,0,2,2,0,0,0,0,0,0,3,-0.3194536339508612,-0.8633218692903784,0,42,5377,0.24168436042025573,3
0,0,0,0,-0.9109613101984924,1,0,0,0,2,0,0,0,0,0,0,2,-0.4507355969639848,-0.7859604445114048,0,47,5765,-0.12796639968271467,2
0,0,0,1,-1.2774445836787656,1,2,2,1,1,1,1,1,1,0,0,3,-1.3082228490497045,-0.9945737875780581,0,38,4556,0.7944853460727344,9
0,0,0,0,1.4508197855632678,1,2,0,2,0,0,0,0,0,0,0,3,-0.3427187919531868,0.6211924744081067,0,24,5310,-0.5711556331691022,3
0,0,0,0,-0.4223169455581282,1,2,1,0,0,0,0,0,0,1,1,1,0.3735157151184122,-0.21888598007083607,0,41,2031,-0.2827733347601215,3
0,0,0,0,-0.5037576729981889,1,0,0,0,0,0,0,0,0,0,1,2,-0.6784017859867437,-0.5967370907178389,0,59,3460,-0.41949291723421495,1
1,0,0,0,0.10704778280226633,1,0,0,2,2,2,0,0,0,1,0,3,-0.11837619693076015,-0.11406091860813782,0,70,2075,-0.4667198656381057,4
1,0,1,0,-0.38159658183809786,1,0,1,0,2,2,2,0,0,1,0,3,0.7324638671542947,-0.14953202526470744,0,54,3200,-0.246964412082429,5
0,1,0,0,-1.0738427650786138,1,0,1,0,0,0,0,2,2,0,1,2,0.8172155141627669,-0.7552761725217977,0,75,2578,0.8018560258814341,4
0,0,0,0,-0.8295205827584317,1,0,2,1,1,1,1,1,1,0,0,3,-1.4976677070686424,-0.9085651775942493,0,71,5715,-0.48788694611437156,8
1,0,0,0,-1.2774445836787656,1,0,2,1,1,1,1,1,1,0,0,3,-1.479387940066815,-0.9968458796089206,0,57,5384,0.4992486715131514,8
0,0,1,1,1.5729808767233588,1,0,1,0,0,2,0,0,0,2,0,2,0.37517751211857825,1.3926890441884952,0,26,5841,-0.5405290342780014,3
1,1,1,0,0.10704778280226633,1,2,1,0,0,2,0,2,2,0,1,2,1.1977670272008092,0.5107864490249407,0,38,3318,-0.3405993444670217,6
1,0,1,1,0.3106496014024181,1,2,0,0,0,2,0,2,2,0,1,2,0.32532360211359457,0.32471755309946526,0,64,3718,-0.45315701580041706,5
1,0,0,0,-0.38159658183809786,1,0,0,0,0,0,0,2,2,1,1,0,0.004596781081533054,-0.3396818631873629,0,50,3314,-0.35158711714480545,3
1,0,0,0,-1.1552834925186746,1,0,1,0,0,2,2,0,2,0,1,2,0.8521132511662559,-0.8484319457871542,0,35,3314,1.411329349618582,5
0,0,1,0,1.4508197855632678,0,1,0,0,2,2,2,2,2,2,0,1,-0.14828854293375057,0.807040778874275,0,24,4864,-0.5614348815373388,6
1,0,0,1,0.22920887396235737,1,2,1,0,2,0,0,0,0,0,1,3,0.5679459641378485,0.38028454169890474,0,55,3571,-0.42100485155394823,4
1,0,1,1,0.7992939660427822,1,2,2,1,1,1,1,1,1,2,0,3,-1.328164413051698,-0.4635219084423266,0,76,5320,-0.6079835025587196,9
1,0,1,0,-0.13727439951791576,1,0,0,0,0,2,2,2,2,2,0,3,0.358559542116917,-0.09941364571015135,0,44,5625,-0.37289384155476896,5
1,1,1,1,0.22920887396235737,1,2,1,0,2,0,0,2,2,0,0,2,1.2093996062019723,0.6450604703051267,0,78,4036,-0.36426531638840226,6
1,0,0,0,0.6364125111626608,1,2,0,2,0,2,0,2,2,1,1,1,0.464914550127549,0.6188542049394521,0,69,2257,-0.4773664031395608,6
0,0,0,0,-1.2774445836787656,1,0,2,1,1,1,1,1,1,0,1,0,-1.5126238800701375,-0.9972870625275345,0,66,4745,0.4419211618899314,8
0,0,0,0,-0.4223169455581282,1,0,1,2,0,0,2,0,2,0,1,2,0.8072447321617703,-0.17359855347510383,0,75,5479,-0.21771907383985883,5
0,0,0,0,0.43281069256250915,1,2,1,2,2,2,2,2,2,2,0,1,1.6713791722481544,1.1538546711967796,0,57,4115,-0.3618365809865327,9
0,1,1,0,-1.1145631287986442,1,0,1,0,0,0,0,0,0,0,1,2,0.15249671409631763,-0.8550717487122957,0,41,5437,0.6635875324330486,2
1,0,1,0,0.758573602322752,1,2,1,2,2,0,2,2,2,1,0,1,1.505199472231542,1.502962714696077,0,56,5604,-0.4189836893556937,8
1,0,0,0,1.5729808767233588,1,0,2,1,1,1,1,1,1,2,1,1,-1.491020519067978,-0.40793286069695633,0,28,5308,-0.629944024981996,8
1,0,1,0,0.10704778280226633,1,2,1,0,0,0,2,2,0,0,1,1,0.8886727851699104,0.4220425049457246,0,78,3617,-0.370218557772352,5
0,0,1,0,1.6137012404433893,0,1,0,0,2,2,2,2,2,2,1,2,-0.1582593249347472,0.8754241312594527,0,43,5471,-0.5673963962366921,6
1,0,0,0,-1.2774445836787656,1,0,0,0,0,0,0,0,0,0,1,2,-0.6634456129852487,-0.9860148389569455,0,31,2269,1.9066390327632023,1
0,0,1,0,-0.9516816739185228,1,0,0,2,0,0,0,0,0,1,0,3,-0.5371490409726233,-0.8194682871801419,0,46,4562,-0.10441000481935522,2
1,0,0,0,1.4915401492832983,0,1,0,2,2,0,2,2,2,2,1,0,-0.15659752793458118,0.8369088624644462,0,22,5388,-0.563275771132072,6
0,0,1,0,0.7992939660427822,1,2,1,0,2,0,2,2,2,0,1,1,1.260915313207122,1.2610621204199937,0,63,4044,-0.43946225728895205,7
0,1,1,0,-0.8702409464784621,1,0,1,0,0,0,2,2,0,0,1,2,0.6028437011413373,-0.6175168061845606,0,21,4413,0.13044169293710278,4
0,1,1,1,-0.1779947632379461,0,1,0,0,0,0,0,2,0,0,1,2,-0.9592454790148186,-0.5762220850022856,0,34,5444,-0.5196983917726676,2
0,1,0,0,-0.62591876415828,1,2,1,0,0,2,0,0,0,0,1,1,0.5945347161405068,-0.3572188842022713,0,26,3754,-0.13517576831714997,4
0,0,1,1,0.10704778280226633,1,0,2,1,1,1,1,1,1,2,1,3,-1.4926823160681442,-0.6795912428335574,0,46,4177,-0.598413894689225,8
0,0,0,0,-0.9924020376385531,1,0,2,1,1,1,1,1,1,1,1,3,-1.5142856770703037,-0.9343302600413098,0,40,5272,-0.41703602396464834,8
1,0,0,0,0.5549717837226001,1,2,1,0,2,2,0,2,0,1,1,1,1.001674981181207,0.9455501561731559,0,50,5316,-0.43012783821902906,6
0,0,0,0,1.4508197855632678,1,2,0,2,2,2,2,2,2,2,1,2,0.7773323861587803,1.7068112822416985,0,46,5531,-0.5151574571023626,8
0,0,0,0,0.14776814652229667,1,0,1,0,2,0,0,2,2,0,1,1,0.9983513871808745,0.5673240400453312,0,22,2807,-0.3678686463418507,5
0,1,0,0,-0.015113308357824713,1,0,0,0,2,0,2,0,0,0,0,0,-0.33607160395252245,-0.19837097435528275,0,56,4045,-0.4717577376959038,3
0,0,1,0,1.5729808767233588,1,2,0,2,2,2,2,2,2,2,0,1,0.6975661301508063,1.7400544151592674,0,57,4487,-0.5250824552961894,8
0,0,1,1,1.369379058123207,1,2,0,2,2,2,0,0,0,0,1,0,0.08934842809000525,0.9833595322983798,0,26,4172,-0.5462083080858242,5
1,0,0,0,1.247217966963116,1,0,2,1,1,1,1,1,1,1,0,3,-1.4710789550659844,-0.4198227403536049,0,28,5997,-0.6249079625046784,8
0,0,0,0,0.35136996512244845,1,0,2,1,1,1,1,1,1,1,1,1,-1.479387940066815,-0.624156609109702,0,25,3972,-0.6063532997918059,8
0,1,0,0,-1.2774445836787656,1,2,1,0,0,0,0,0,0,0,1,2,0.2438955491054544,-0.9739705452787821,0,50,4432,3.4716800454771084,3
0,0,1,0,1.5322605130033284,1,0,2,1,1,1,1,1,1,2,0,0,-1.505976692069473,-0.4306978992974413,0,57,5540,-0.6302243825212331,8
0,0,0,0,-0.38159658183809786,0,1,0,0,0,0,0,2,2,0,1,2,-0.6584602219847502,-0.5659866412904396,0,65,3248,-0.4468941018934088,3
0,1,1,0,1.2879383306831464,1,0,1,2,2,2,0,0,2,1,0,0,1.071470455188184,1.831423397604237,0,68,4053,-0.4905328311739048,6
1,0,1,0,0.18848851024232702,1,2,0,2,0,2,2,0,0,2,1,1,-0.0651986929254444,-0.00043425791908934284,0,66,5229,-0.4721508928655686,5
1,0,0,0,-0.62591876415828,1,0,0,0,0,0,0,0,0,1,0,3,-0.6700928009859131,-0.7051577929672416,0,67,2130,-0.3775437395575412,1
0,1,0,0,-1.0331224013585834,1,0,1,0,0,0,0,2,2,0,1,2,0.8105683261621028,-0.7523864244048757,0,25,2415,0.6160534723704623,4
0,1,0,0,-0.6666391278783103,1,2,0,2,0,0,0,0,0,0,1,2,-0.3543513709543497,-0.6135682190629649,0,38,2276,-0.29676066063750045,3
1,0,1,0,1.2879383306831464,1,2,1,0,2,0,2,2,2,2,1,2,1.3456669602155942,2.0045876931602513,0,72,5682,-0.4759804633464719,7
1,0,1,0,0.3920903288424788,1,2,1,2,0,0,0,2,2,1,0,2,1.074794049188516,0.766341654632129,0,71,2170,-0.4027263665238136,6
1,0,0,1,-1.1145631287986442,1,0,2,1,1,1,1,1,1,0,0,3,-1.481049737066981,-0.9688307642769284,0,58,5169,-0.275628166894039,8
0,0,0,0,0.35136996512244845,1,0,1,0,2,0,2,2,2,2,1,0,1.1312951471941644,0.7409295185199598,0,69,5584,-0.3919211149868567,6
1,0,1,0,1.0436161483629645,1,0,0,0,0,2,0,0,0,1,0,1,-0.4806479429669752,0.2641872566656177,0,30,5232,-0.5638851361859363,2
0,0,0,0,0.5956921474426305,1,0,2,1,1,1,1,1,1,2,1,3,-1.4694171580658184,-0.5885531475775483,0,53,5404,-0.6125467182421717,8
1,0,0,0,-0.5851984004382496,1,0,1,0,0,0,2,0,0,0,1,0,0.37019212111808014,-0.40001362730783413,0,62,4668,-0.20361676884101176,3
1,0,1,0,-0.38159658183809786,1,0,0,2,0,0,0,0,2,0,1,0,-0.15992112193491323,-0.38547665013950116,0,42,5379,-0.37523471486438376,3
0,0,0,0,-1.2774445836787656,1,0,2,1,1,1,1,1,1,0,0,3,-1.51594747407047,-0.997331180819396,0,51,2577,0.4361884109276093,8
1,0,1,0,1.5729808767233588,1,2,1,0,0,2,0,2,2,1,1,1,1.1263097561936661,2.066110651160981,0,28,5101,-0.5045400976812022,6
1,0,1,1,1.6137012404433893,1,2,1,2,2,2,2,2,2,2,1,1,1.5899511192400142,2.5795593318440115,0,70,6486,-0.484781957711175,9
1,0,1,0,0.025607055362205634,1,0,2,1,1,1,1,1,1,1,0,3,-1.4677553610656522,-0.7012533241375073,0,52,5212,-0.5921659455195049,8
1,0,0,0,-0.3408762181180675,0,1,0,2,0,0,2,0,0,2,0,3,-0.9642308700153169,-0.6392450649263026,0,64,5531,-0.49767672083464454,3
0,0,1,0,0.9621754209229036,1,2,1,0,2,2,2,0,2,1,1,1,1.1628692901973208,1.468550447044181,0,68,5926,-0.4609871146757837,7
1,0,0,0,0.18848851024232702,1,0,1,0,2,0,0,2,2,0,1,1,1.0415581091851935,0.6031260338908614,0,75,2640,-0.37167688915750413,5
0,0,0,0,0.43281069256250915,1,2,0,0,2,2,2,2,2,1,0,1,0.6759627691486464,0.6099423099834483,0,5,2319,-0.4398801679508709,7
1,0,0,0,-1.2774445836787656,0,1,0,0,0,0,0,0,0,0,0,3,-1.3098846460498705,-0.9945958467239889,0,51,4193,0.7916189705915735,1
0,0,0,0,1.1657772395230555,1,2,0,2,2,2,2,2,2,2,0,2,0.827186296163764,1.3363279263355503,0,48,6149,-0.4958459390757094,8
1,0,0,0,-0.62591876415828,1,2,1,0,0,2,2,0,0,1,0,2,0.7308020701541287,-0.3836016227353915,0,29,5863,-0.10905990282212753,5
0,0,1,0,0.35136996512244845,1,0,1,0,2,2,2,0,0,1,1,0,0.7125223031523015,0.4673519906873876,0,62,5325,-0.4263176207607887,5
1,1,1,0,1.6137012404433893,0,1,0,2,2,2,2,2,2,2,1,0,0.001273187081200524,1.082052151192343,0,68,4886,-0.5598574360670631,7
1,0,0,0,0.6364125111626608,1,2,1,0,2,2,0,2,2,2,1,0,1.440389389225063,1.229892547219911,0,76,5994,-0.40869038650929523,7
0,0,0,0,0.3920903288424788,0,1,0,2,2,2,2,0,2,1,1,2,-0.3327480099521901,0.030316191508309838,0,62,3179,-0.5156482285025749,6
1,0,0,0,0.47353105628253944,1,2,1,0,0,2,0,0,2,0,1,3,0.8521132511662559,0.7867463646180288,0,63,4751,-0.43130420413753867,5
1,0,0,1,-1.2774445836787656,1,0,0,0,0,0,0,0,0,0,0,2,-0.6900343649879066,-0.9863677852918369,0,29,4020,1.8607770250646265,1
0,0,0,0,-0.21871512695797646,1,2,1,0,0,0,0,2,2,0,1,0,1.0249401391835322,0.13920013582225738,0,21,2026,-0.27016840407278,5
1,1,1,0,-0.21871512695797646,1,2,0,0,2,2,2,2,2,0,1,0,0.6659919871476498,0.013154175974223466,0,75,5352,-0.3143924829249783,7
0,1,0,0,-1.2367242199587352,1,0,0,0,0,0,0,0,0,0,1,2,-0.6800635829869099,-0.9663821990786203,0,44,3805,1.031439052515377,1
0,0,0,0,-0.5444780367182193,1,0,2,1,1,1,1,1,1,0,0,3,-1.491020519067978,-0.8436230519742611,0,21,3245,-0.5475516542068459,8
0,1,1,0,0.3920903288424788,1,2,1,0,0,0,0,2,2,0,1,2,1.0066603721817051,0.7344661887622639,0,34,2677,-0.4081924779064927,5
0,0,0,0,1.369379058123207,1,2,0,2,2,2,2,2,2,2,1,1,0.8404806721650927,1.6262953995946345,0,74,5813,-0.5075336299519504,8
1,1,1,0,0.025607055362205634,1,2,1,2,0,2,2,2,2,0,1,0,1.5002140812310438,0.6242586956924742,0,59,5655,-0.2910279096751785,8
1,1,0,0,0.025607055362205634,0,1,0,0,0,2,2,2,2,0,1,2,-0.33773340095268845,-0.2100182034066936,0,30,5322,-0.4775109262730648,5
0,0,1,0,-0.38159658183809786,1,0,2,1,1,1,1,1,1,1,0,3,-1.4860351280674797,-0.8226448041941631,0,9,3742,-0.5658486843615902,8
0,0,0,0,-0.015113308357824713,1,0,2,1,1,1,1,1,1,1,0,0,-1.4960059100684764,-0.7304155150578959,0,46,4691,-0.5930141065353206,8
0,0,0,0,-0.8702409464784621,1,0,2,1,1,1,1,1,1,1,0,1,-1.4860351280674797,-0.9009106539562954,0,48,5355,-0.47006397036612685,8
0,0,1,0,1.4508197855632678,1,0,0,2,0,0,2,0,0,1,0,0,-0.29452667894836937,0.6922449834508995,0,77,5160,-0.5687462160979813,3
1,0,0,0,-0.5037576729981889,1,0,2,1,1,1,1,1,1,2,1,3,-1.4976677070686424,-0.8207477176441226,0,56,2120,-0.5540760707782504,8
1,0,0,0,1.6137012404433893,1,0,2,1,1,1,1,1,1,2,1,1,-1.4943441130683104,-0.3577924219964696,0,9,5368,-0.6305351876573344,8
1,0,1,0,1.125056875803025,1,2,1,2,0,2,0,2,0,1,1,0,1.0182929511828682,1.5583752892740017,0,46,4149,-0.4823204666175393,6
1,1,1,1,-0.015113308357824713,1,0,1,0,2,0,0,2,2,0,1,3,0.9701008381780505,0.2566430287573173,0,62,2844,-0.3352140329569616,5
0,0,1,0,0.5549717837226001,1,2,2,1,1,1,1,1,1,1,1,0,-1.3397969920528607,-0.5354126650304859,0,76,2438,-0.6019883936639588,9
0,0,1,0,-0.13727439951791576,1,2,1,0,0,0,0,0,0,0,1,2,0.3386179781149237,-0.057655682463331505,0,80,3483,-0.3751869419396977,3
1,0,0,0,0.758573602322752,1,2,1,0,2,2,2,0,0,0,1,2,0.750743634156122,0.9676313612497891,0,28,4899,-0.4690350150651973,6
0,1,1,0,0.6364125111626608,1,0,1,0,0,0,0,0,0,0,1,0,0.19570343610063723,0.5582356719218818,0,71,5523,-0.49631957979050295,2
0,0,1,1,-0.6666391278783103,1,0,1,0,2,0,0,0,0,0,0,0,0.28211688010927544,-0.47823535877810514,0,22,3624,-0.16760515366283427,3
1,0,1,0,1.5322605130033284,1,2,1,0,2,2,2,0,2,2,1,0,1.1279715531938321,2.02024968677105,0,57,5582,-0.502246773010242,7
0,0,1,1,0.3106496014024181,1,2,2,1,1,1,1,1,1,2,1,3,-1.328164413051698,-0.5536996970070384,0,72,3021,-0.5922810940323778,9
0,0,1,1,-1.1145631287986442,1,2,2,1,1,1,1,1,1,0,1,3,-1.3447823830533592,-0.947433392724147,0,20,3181,-0.19728057040897168,9
0,0,0,0,-1.0331224013585834,1,0,1,0,0,0,0,0,0,0,1,0,0.16911468409797886,-0.7783720983112431,0,51,5501,0.33944823843842553,2
1,0,0,0,-0.13727439951791576,1,2,1,0,2,2,2,0,2,1,0,1,1.1894580421999785,0.2429663582802818,0,77,3055,-0.27734799218273565,7
1,0,1,0,0.47353105628253944,1,2,2,1,1,1,1,1,1,1,0,3,-1.2982520670487077,-0.5158462025899528,0,80,3037,-0.5961526429207534,9
0,0,0,0,-0.9109613101984924,0,1,0,2,2,2,0,0,0,0,0,0,-0.7997129669988706,-0.8075563483775625,0,26,2164,-0.23740982714522565,4
0,1,1,0,0.9214550572028734,1,2,0,0,0,0,0,0,0,0,0,0,-0.4357794239624898,0.24653993992105575,0,24,4763,-0.5558846172127926,2
1,1,1,0,0.7992939660427822,1,2,1,0,2,2,0,2,2,1,1,0,1.3406815692150957,1.3661960099257215,0,47,4621,-0.43427033188911324,7
0,0,1,1,-0.9109613101984924,1,2,1,0,0,0,0,0,2,0,0,2,0.7042133181514708,-0.626980179788832,0,20,4922,0.2342392293003571,4
1,0,0,0,-0.5851984004382496,1,2,1,0,0,0,0,0,0,0,1,0,0.36022133911708304,-0.3903076030983251,0,78,4030,-0.20542711125016616,3
0,0,1,0,1.4508197855632678,1,2,0,2,0,0,2,0,0,1,0,0,-0.21642221994056152,0.7482310958230222,0,74,4620,-0.5648412987758199,4
0,0,1,0,1.6137012404433893,0,1,0,2,2,2,2,2,2,2,1,1,0.014567563082529699,1.1050377812521348,0,27,5092,-0.5592291893862608,7
1,0,0,0,-1.2367242199587352,1,0,0,2,0,2,0,0,0,0,0,2,-0.37595473195650925,-0.9530584749364761,0,25,3477,1.3811368612170192,3
1,0,1,0,0.35136996512244845,1,0,2,1,1,1,1,1,1,2,1,2,-1.4960059100684764,-0.608957857563448,0,53,2011,-0.6077182404971206,8
0,0,0,0,-0.2594354906780068,0,1,0,0,0,2,2,2,0,0,1,1,-0.6750781919864114,-0.48350749465554305,0,26,3080,-0.4728772648198589,4
1,0,1,0,0.14776814652229667,1,0,2,1,1,1,1,1,1,1,0,0,-1.4594463760648215,-0.6881060731628086,0,78,5744,-0.5970237456195328,8
1,0,1,0,1.6137012404433893,1,2,1,2,2,2,2,2,2,2,1,1,1.638143232244832,2.730245357696641,0,39,4842,-0.4825045634932663,9
1,0,1,0,0.10704778280226633,1,2,1,0,0,0,2,0,2,0,1,0,0.8338334841644282,0.3888876086118787,0,78,4945,-0.3754735794878139,5
1,0,0,0,-1.2774445836787656,1,0,0,0,0,2,2,0,0,0,0,3,-0.3227772279511935,-0.9814927140411515,0,32,2962,2.4942460064012075,3
0,0,1,1,-0.6666391278783103,1,2,1,2,0,2,2,2,2,0,1,2,1.6015836982411773,-0.17523093027397585,0,70,2683,0.10014803834208746,8
0,1,0,0,0.6771328748826912,1,2,1,2,0,0,0,2,2,0,0,1,1.222693982203301,1.2311940368298222,0,22,5348,-0.42876905426753403,6
0,0,1,0,0.880734693482843,1,2,1,2,2,2,2,2,2,1,1,3,1.6580847962468257,1.6631562324448383,0,67,4488,-0.4226297991460656,9
0,0,0,1,-0.5851984004382496,1,2,0,2,0,0,0,0,2,0,0,2,0.001273187081200524,-0.4910517225638433,0,37,2466,-0.27059943797972147,4
0,0,1,0,0.14776814652229667,1,0,1,0,0,0,0,0,2,0,0,2,0.5197538511330312,0.29026116715570804,0,35,5544,-0.41249114031884354,3
0,0,1,0,0.7992939660427822,1,2,2,1,1,1,1,1,1,2,1,0,-1.3198554280508674,-0.4453672313413584,0,42,5674,-0.6074426769962363,9
1,0,1,1,-0.9924020376385531,1,0,1,0,0,2,0,2,2,0,1,2,0.9966895901807084,-0.6706793478775536,0,44,5505,0.5454291653763009,5
1,0,1,0,1.6137012404433893,1,0,1,2,2,0,2,2,2,2,0,0,1.3539759452164248,2.352306010465915,0,25,5534,-0.4959333362954178,7
0,0,0,0,1.2879383306831464,1,2,2,1,1,1,1,1,1,1,0,3,-1.33148800705203,-0.28102659415762493,0,32,5655,-0.6180644910434065,9
0,1,0,0,-0.4223169455581282,1,0,0,2,0,2,2,0,2,0,1,3,0.1657910900976468,-0.32397575128470263,0,32,3509,-0.3139295899901324,5
1,0,1,0,1.125056875803025,0,1,0,0,2,2,2,2,2,0,1,0,-0.15161213693408263,0.5747138539321165,0,76,5359,-0.5484820514941735,6
0,0,1,0,1.1657772395230555,1,2,2,1,1,1,1,1,1,2,0,3,-1.341458789053027,-0.380226573407994,0,23,4900,-0.6165111004600676,9
0,0,0,0,-0.3408762181180675,1,2,1,0,2,2,0,2,2,0,1,2,1.3091074262119398,0.09481713420968402,0,61,5813,-0.18398058817638457,7
1,0,1,0,-0.1779947632379461,1,0,1,0,2,2,2,2,0,1,0,0,0.9352031011745621,0.21556889903434934,0,51,2037,-0.2943419746331131,6
0,0,1,0,-0.0965540357978854,1,0,0,0,2,2,2,2,2,2,0,0,0.53304822713436,0.039514855361412936,0,46,4274,-0.36279063851471977,6
1,0,1,0,-1.2367242199587352,1,0,2,1,1,1,1,1,1,0,0,3,-1.4876969250676457,-0.9890148828035211,0,77,4823,0.10273339661921306,8
1,0,0,0,-1.2774445836787656,1,2,1,0,0,0,0,0,0,0,1,2,0.3436033691154218,-0.97264699652294,0,28,4120,3.6436625743467683,3
1,0,0,1,-1.0738427650786138,1,0,2,1,1,1,1,1,1,0,0,3,-1.4993295040688086,-0.9612644772226974,0,34,2231,-0.3397803800438329,8
0,0,1,0,-0.3408762181180675,1,0,0,0,2,0,0,2,2,0,1,0,0.15582030809665018,-0.2936885439218482,0,35,4208,-0.3431217548904434,4
1,1,1,0,1.6137012404433893,1,2,1,2,2,2,2,2,2,2,1,0,1.7046151122514768,2.7023184789483707,0,64,4404,-0.47936333008925425,9
1,0,0,0,1.5322605130033284,0,1,0,0,0,0,2,0,2,2,1,3,-0.8213163280010305,0.22942204267883054,0,57,5055,-0.5969582783455055,3
1,1,1,0,1.2879383306831464,1,2,1,0,0,2,2,2,2,2,0,2,1.2409737492051283,1.8788726205011779,0,28,6270,-0.4815368219714918,7
1,0,1,0,1.6137012404433893,1,2,1,0,2,0,0,2,0,1,1,2,0.82884809316393,1.9011523578911875,0,76,6016,-0.5207490801871131,5
0,0,0,0,0.47353105628253944,1,0,2,1,1,1,1,1,1,2,0,3,-1.491020519067978,-0.6227889420619985,0,63,2809,-0.6109304009569614,8
0,1,0,0,-0.62591876415828,1,0,2,1,1,1,1,1,1,1,0,3,-1.4660935640654862,-0.8599247608170503,0,40,4086,-0.5300986123882212,8
1,0,1,0,-0.9516816739185228,1,0,0,0,0,2,0,2,2,0,1,3,0.17576187209864347,-0.7567761944450854,0,69,4900,0.14152501146425855,4
1,0,1,0,-0.3408762181180675,1,0,0,2,0,0,2,0,0,0,0,3,-0.3709693409560109,-0.42546988171186484,0,47,2977,-0.4158130370926863,3
1,1,1,1,0.10704778280226633,1,0,0,0,2,0,2,2,2,0,1,2,0.37517751211857825,0.20623788030566215,0,38,5479,-0.4194246701989492,5
0,0,1,1,-1.0331224013585834,1,0,0,2,2,2,2,2,0,0,1,2,0.36354493311741554,-0.7613424376527408,0,37,2950,0.4232897212623849,6
1,0,1,1,-0.8702409464784621,1,0,2,1,1,1,1,1,1,2,0,3,-1.4993295040688086,-0.9061827898337333,0,33,3372,-0.4738858043410082,8
0,1,0,0,-0.5037576729981889,1,0,1,0,0,0,0,0,2,0,1,2,0.5546515881365197,-0.26829846695560966,0,27,2416,-0.21693571656550426,3
0,0,1,0,1.6137012404433893,1,2,1,0,2,2,2,2,2,1,1,0,1.4536837652263923,2.525360010292276,0,56,6288,-0.4912214861893997,8
1,0,1,1,1.6137012404433893,1,2,1,0,0,0,0,0,2,2,1,1,0.6560212051466532,1.6990464628740916,0,50,6202,-0.5289162870375443,4
0,0,0,0,-0.7073594915983407,1,2,1,0,2,0,0,2,2,0,1,2,1.1761636661986499,-0.38150600387197475,0,65,2565,0.05603536273863177,6
1,0,0,0,1.6137012404433893,1,2,0,0,2,2,2,2,2,2,1,0,0.7922885591602751,1.7304145683875503,0,52,5842,-0.5224767585593197,7
0,0,1,0,-1.318164947398796,0,1,0,2,0,2,2,2,0,2,1,0,-0.40586707795949967,-1.005779833710855,0,36,2578,5.363487863043368,5
1,0,1,1,1.247217966963116,1,2,1,0,2,2,0,2,2,2,1,0,1.330710787214099,1.904814176115684,0,20,4046,-0.4738858043410082,7
0,0,0,0,-1.2367242199587352,1,0,0,0,2,0,0,2,0,0,1,2,-0.19149526493806968,-0.9554188035510612,0,33,5810,1.5932486468229332,3
1,1,1,0,1.1657772395230555,1,2,0,0,2,0,0,0,2,1,0,0,-0.023653767921291324,0.7159806244723351,0,29,4001,-0.5431873663774652,4
1,0,0,0,-1.2774445836787656,1,0,2,1,1,1,1,1,1,0,0,3,-1.4744025490663168,-0.9967797021711283,0,46,2968,0.5078477979566343,8
1,0,1,0,-0.1779947632379461,1,0,0,2,2,0,2,0,0,0,0,3,-0.12834697893175703,-0.2179815550876772,0,76,3851,-0.4208578579395297,4
0,0,1,0,1.5322605130033284,1,0,2,1,1,1,1,1,1,2,0,0,-1.4943441130683104,-0.38916052750992847,0,30,4500,-0.629659181722131,8
1,0,0,0,0.06632741908223598,1,2,1,2,2,2,2,2,2,1,0,1,1.7112623002521414,0.7144144251112554,0,22,4022,-0.2808149415742351,9
0,1,1,0,1.5729808767233588,1,2,1,2,0,0,0,0,0,2,1,1,0.5297246331340278,1.498374412342491,0,54,4583,-0.5331242309516688,4
0,0,1,0,1.5322605130033284,1,2,0,2,0,0,0,0,2,1,0,0,0.014567563082529699,0.9985803429905645,0,20,6316,-0.5563445637814497,4
0,0,1,1,0.7992939660427822,1,0,1,2,0,2,2,0,0,0,1,0,0.641065032145158,0.9031304185484151,0,48,6099,-0.4798078442501993,5
1,0,0,0,1.4915401492832983,1,2,0,2,2,2,2,2,0,2,1,1,0.4881797081298748,1.4218512351088841,0,28,5189,-0.5314999515123443,7
1,0,0,1,-0.8702409464784621,1,2,1,0,0,2,0,0,0,0,1,3,0.43998759512505714,-0.6299802236354075,0,23,4886,0.08362422674480635,4
0,0,0,0,-1.2774445836787656,1,0,2,1,1,1,1,1,1,0,0,3,-1.4926823160681442,-0.9970223527763662,0,51,4905,0.47631766766386346,8
1,1,1,0,-0.5037576729981889,1,0,1,2,0,2,2,0,2,1,0,1,0.9817334171792131,-0.20357693279492853,0,32,2574,-0.14677776431232548,6
1,0,0,0,1.1657772395230555,1,2,1,2,0,2,0,2,2,0,1,2,1.3855500882195813,1.7737387309954498,0,65,4842,-0.46477812740893215,7
0,0,0,0,0.9621754209229036,1,2,1,0,2,0,2,2,2,0,1,0,1.3523141482162588,1.604677436582546,0,55,4212,-0.44952161275113967,7
1,0,0,0,-0.0965540357978854,1,2,1,2,2,2,2,0,0,0,1,1,1.0049985751815391,0.2526503233438603,0,64,3597,-0.3102712426018343,7
0,0,0,0,-0.1779947632379461,1,0,0,2,0,0,2,0,0,1,0,3,-0.3477041829536853,-0.32357868665795003,0,30,5271,-0.44695175887147814,3
0,1,1,0,-1.1145631287986442,1,0,1,0,0,0,0,0,0,0,0,2,0.17576187209864347,-0.8722778825382437,0,24,2064,0.6769639513451333,2
1,0,0,0,-0.8295205827584317,1,0,2,1,1,1,1,1,1,0,0,1,-1.4860351280674797,-0.8886678279647555,0,56,4996,-0.4848000802115828,8
1,0,1,1,1.4100994218432374,1,2,1,0,2,2,0,2,2,1,1,2,1.3506523512160928,2.077846116796114,0,45,5666,-0.4839181185250717,7
1,1,1,0,-0.13727439951791576,1,2,0,0,0,0,0,0,0,0,1,2,-0.43744122096265586,-0.3695940650693954,0,39,5495,-0.46442676525317694,2
1,0,1,1,0.9214550572028734,1,2,1,0,0,0,0,0,2,0,0,0,0.6892571451499756,1.0736917348846065,0,20,6411,-0.4865797529004355,4
1,0,0,0,0.7992939660427822,1,0,1,2,0,2,0,2,0,1,0,2,0.8803638001690798,1.0846771895580967,0,29,4770,-0.4642320680506829,5
1,1,1,1,1.6137012404433893,1,2,1,2,2,2,2,2,2,2,1,1,1.6946443302504801,2.69978167716634,0,60,5168,-0.479834515099856,9
1,0,1,1,1.0436161483629645,1,2,1,0,2,0,2,2,0,1,1,1,0.9950277931805424,1.3899978283849497,0,49,5653,-0.4776023759394627,6
1,0,1,1,0.10704778280226633,1,0,2,1,1,1,1,1,1,2,0,3,-1.5009913010689746,-0.7027092277689336,0,20,3764,-0.5992101101006586,8
0,1,0,0,0.9621754209229036,1,2,1,0,2,2,2,2,0,2,1,0,1.1678546811978192,1.5117422547764967,0,45,5840,-0.46068539094092464,7
0,0,1,1,-0.3408762181180675,1,0,2,1,1,1,1,1,1,2,1,1,-1.451137391063991,-0.7893134346928715,0,46,4368,-0.5648645621130584,8
1,0,1,1,1.5322605130033284,1,0,2,1,1,1,1,1,1,2,0,1,-1.4860351280674797,-0.40566076866609396,0,64,4485,-0.6292554668656295,8
1,0,0,0,-1.2367242199587352,1,0,1,0,0,0,0,2,0,0,1,2,0.5047976781315361,-0.9288154735586341,0,44,5213,2.393922864560573,3
1,1,1,1,1.4508197855632678,1,2,1,0,0,2,2,2,2,1,1,1,1.4088152462219072,2.2500618690771086,0,66,4324,-0.4835857851359515,7
1,0,0,0,-0.8295205827584317,1,2,1,0,0,2,0,2,0,0,1,2,0.8238627021634315,-0.5550011866169497,0,79,2325,0.1281632919136157,5
0,0,1,0,1.247217966963116,1,2,1,0,2,0,0,0,0,0,1,0,0.5579751821368518,1.2129511231451315,0,41,4980,-0.515537823051629,4
0,0,1,0,0.025607055362205634,1,0,0,2,2,2,0,0,0,1,1,3,-0.20977503193989694,-0.14309075465294227,0,21,4276,-0.4645279314466297,4
0,0,1,0,1.4915401492832983,1,0,1,0,2,0,0,2,2,1,1,1,1.0266019361836989,1.9696460060060186,0,45,5251,-0.5049655042010254,5
0,0,1,0,1.125056875803025,1,0,0,0,2,2,2,2,2,2,1,0,0.5264010391336954,1.1766197097972644,0,52,5667,-0.510138405713397,6
0,0,1,1,1.6137012404433893,1,2,1,2,2,2,2,2,2,2,1,0,1.6065690892416755,2.6333174704771336,0,23,5308,-0.483996649360172,9
0,0,0,0,-0.8702409464784621,1,2,0,0,0,0,0,0,2,0,1,3,-0.1931570619382357,-0.7403641898726427,0,21,3880,-0.0983906163089171,3
0,0,0,0,-1.2774445836787656,1,0,2,1,1,1,1,1,1,0,0,3,-1.502653098069141,-0.9971547076519502,0,80,3968,0.45911941477689744,8
1,0,1,1,0.06632741908223598,1,0,1,0,0,0,0,0,2,1,1,0,0.47156173812821356,0.16211958844425717,0,43,2074,-0.4030044335140126,3
0,0,0,0,1.3286586944031769,1,2,1,0,2,0,2,2,2,1,1,0,1.3390197722149297,1.9696680651519494,0,73,5742,-0.47914082605647,7
1,1,1,0,0.7178532386027215,1,2,1,2,2,2,0,2,0,1,1,0,1.2343265612044643,1.3172688242514234,0,25,4184,-0.432548173627402,7
1,0,0,0,-0.7073594915983407,1,0,2,1,1,1,1,1,1,0,0,3,-1.4960059100684764,-0.8683072362707172,0,29,4123,-0.5201061089747293,8
1,0,1,1,1.6137012404433893,1,2,1,2,2,2,0,2,2,2,1,0,1.5135084572323727,2.509080360595417,0,73,5780,-0.48839437612578884,8
0,0,1,1,1.6137012404433893,1,2,1,2,2,2,2,2,2,2,1,0,1.6896589392499817,2.620920230464079,0,65,5633,-0.48007010760515695,9
1,0,1,1,0.9214550572028734,1,0,2,1,1,1,1,1,1,2,0,0,-1.5093002860698053,-0.4969856328192022,0,49,5248,-0.6220159943852928,8
0,0,1,1,-0.38159658183809786,1,2,2,1,1,1,1,1,1,2,1,1,-1.3015756610490399,-0.778680926354273,0,78,5939,-0.5393347111608511,9
0,0,1,0,0.9621754209229036,1,2,0,2,0,2,0,0,2,1,1,0,0.13255515009432434,0.6742447203714461,0,64,6198,-0.5233433532133211,5
0,0,0,0,-1.2774445836787656,1,0,2,1,1,1,1,1,1,0,0,0,-1.491020519067978,-0.9970002936304354,0,49,2010,0.47918404314502433,8
1,0,0,0,0.22920887396235737,1,0,0,2,2,0,2,2,0,1,0,3,0.19404163910047073,0.1890317464797142,0,67,4993,-0.4540784147981136,5
1,0,0,0,-0.8702409464784621,1,0,1,0,0,0,0,0,0,0,0,2,0.18074726309914202,-0.6704587564182466,0,34,2535,0.00909846423462041,2
1,0,0,0,-1.2774445836787656,1,0,0,0,0,0,2,0,0,0,1,2,-0.5138838829702976,-0.9840295158231823,0,45,4209,2.1646128260676925,2
1,0,1,0,0.9621754209229036,1,2,1,0,2,0,2,2,2,1,1,2,1.4121388402222392,1.656009069163291,0,70,5800,-0.44590092793283104,7
1,0,1,0,-1.1960038562387048,1,2,2,1,1,1,1,1,1,0,1,3,-1.368047541055685,-0.9664924948082738,0,27,5587,0.014831215196942391,9
1,0,1,1,-1.0331224013585834,1,0,0,2,0,0,0,2,2,0,0,1,0.16412929309748078,-0.7780632702682132,0,50,4326,0.33729845682755494,4
1,0,1,1,1.0843365120829946,1,2,1,0,0,2,0,2,2,2,1,1,1.15456030519649,1.5803241394750507,0,35,4583,-0.4714971581067074,6
1,0,0,0,-1.0331224013585834,1,0,0,0,0,2,2,2,0,0,0,0,-0.015344782920460707,-0.8090343111549195,0,40,4010,0.25990631883620785,4
1,0,1,0,1.5729808767233588,1,0,0,2,0,2,2,0,2,2,1,1,0.20235062410130134,1.1883992937242593,0,25,5328,-0.548809674556911,5
1,0,1,1,-0.7073594915983407,1,0,1,2,0,0,2,2,2,1,0,2,1.2343265612044643,-0.27021761265158073,0,28,3707,0.06857575546871114,6
1,0,1,0,1.5729808767233588,1,2,0,2,2,0,2,2,0,2,0,1,0.29042586511010604,1.3579679484935696,0,31,5431,-0.5445897328763128,6
0,0,0,0,-0.8702409464784621,0,1,0,0,2,2,2,0,0,1,1,1,-0.8096837489998675,-0.8193359323045577,0,62,2133,-0.275628166894039,4
0,0,1,1,1.125056875803025,1,0,2,1,1,1,1,1,1,2,1,1,-1.5126238800701375,-0.5190447787499047,0,52,6134,-0.6254512816276444,8
1,1,0,0,0.5956921474426305,1,2,0,0,2,0,2,0,0,2,0,0,-0.17155370093607614,0.20923792415223777,0,33,3155,-0.519270082792724,4
0,0,0,0,-0.8702409464784621,1,0,0,0,0,2,2,0,2,1,0,1,0.004596781081533054,-0.6981650437072089,0,49,3206,-0.04154083593255723,4
0,1,1,0,-0.1779947632379461,1,2,1,0,2,2,2,2,2,0,1,2,1.5317882242341998,0.4079467106960058,0,58,3906,-0.22337447134092014,8
1,0,1,0,1.1657772395230555,1,0,0,2,2,0,2,2,2,2,1,3,0.5413572121351905,1.0888022498471377,0,20,4072,-0.511749699809893,6
1,0,1,1,-0.055833672077855064,1,2,1,2,0,2,0,2,0,1,0,0,1.1063681921916724,0.35399003974950743,0,80,4524,-0.31032325344725864,6
1,0,0,0,-0.9516816739185228,1,0,1,0,0,0,0,0,0,0,1,2,0.19071804510013865,-0.7419965666715147,0,37,3198,0.14668448733034833,2
1,1,1,0,0.10704778280226633,1,2,1,2,2,0,0,0,2,0,1,2,0.9900424021800438,0.47897716059286777,0,69,2631,-0.36050472975286196,6
1,0,0,0,-1.2367242199587352,1,0,2,1,1,1,1,1,1,0,1,3,-1.4993295040688086,-0.9886619364686298,0,65,3007,0.08935697770712833,8
0,0,1,1,-1.2774445836787656,1,0,2,1,1,1,1,1,1,0,1,3,-1.5209328650709681,-0.9973973582571881,0,44,2400,0.42758928448412636,8
0,0,0,0,-1.1960038562387048,1,0,2,1,1,1,1,1,1,0,1,3,-1.4876969250676457,-0.9785588476323682,0,21,5575,-0.08835830212485365,8
1,0,0,0,0.7992939660427822,1,0,0,2,2,0,0,2,0,2,1,1,-0.0502425199239492,0.4688520126106752,0,43,6471,-0.5248045310488022,4
1,0,1,0,-1.1145631287986442,1,0,2,1,1,1,1,1,1,1,0,3,-1.4843733310673135,-0.9682351673367995,0,42,2894,-0.2775390838814797,8
1,0,1,0,1.6137012404433893,1,2,1,2,2,2,0,0,2,2,1,2,1.1429277261953275,2.268723906534483,0,46,5152,-0.5059067523531561,7
1,0,1,0,1.5729808767233588,1,2,0,2,2,2,2,2,2,2,0,2,0.8521132511662559,1.936049926753559,0,40,5633,-0.5176776519698568,8
1,0,1,0,1.6137012404433893,1,2,1,2,0,2,2,2,2,2,1,1,1.5666859612376889,2.5550295615690706,0,80,6437,-0.4858813894025792,8
1,0,1,0,0.5549717837226001,1,2,2,1,1,1,1,1,1,1,0,2,-1.3248408190513656,-0.4874781409230695,0,41,2026,-0.6008906328413866,9
1,0,1,0,1.247217966963116,1,2,0,2,2,2,0,2,2,2,0,1,0.6227852651433307,1.392049328956505,0,75,4652,-0.512044427933964,7
1,0,0,0,-0.0965540357978854,1,0,1,2,2,2,0,0,0,0,1,1,0.6493740171459885,0.07008883162136646,0,66,5393,-0.34984571698689587,5
1,0,0,0,-1.2774445836787656,1,0,0,0,0,0,0,0,0,0,0,3,-0.6368568609825906,-0.9856618926220544,0,50,2352,1.9525010404617786,1
1,0,0,0,-0.6666391278783103,0,1,0,2,2,2,2,2,0,2,0,3,-0.32942441595185784,-0.6015901028225934,0,40,2136,-0.2917023509648634,6
1,0,0,0,-1.1552834925186746,1,2,0,0,0,0,2,0,2,0,0,3,0.02620014208369237,-0.9011312454156024,0,46,5707,0.8414939039637748,4
1,0,1,0,0.758573602322752,1,2,1,0,2,0,0,0,2,1,1,1,0.8504514541660894,1.030080803379608,0,26,4965,-0.4624203024163642,5
1,0,1,0,1.3286586944031769,1,0,2,1,1,1,1,1,1,2,1,1,-1.4744025490663168,-0.38174865447721246,0,80,5368,-0.626194574226336,8
1,0,0,0,-0.6666391278783103,1,0,1,0,0,0,2,0,0,0,1,1,0.32532360211359457,-0.4893752274731099,0,70,2893,-0.15883741689693007,3
1,0,0,0,-1.2367242199587352,1,0,2,1,1,1,1,1,1,1,0,3,-1.4893587220678117,-0.9847354084929649,0,61,3488,0.1008224796317723,8
0,0,1,1,1.369379058123207,1,2,1,0,0,0,0,0,0,1,1,0,0.3153528201125979,1.138038263564466,0,45,4395,-0.5345716792667825,3
1,0,0,0,0.5549717837226001,1,2,1,0,2,2,2,2,2,2,0,2,1.4586691562268908,1.1574282528375532,0,25,4210,-0.3965851464182089,8
0,0,0,0,-0.015113308357824713,1,2,1,2,0,2,2,2,2,1,1,0,1.4885815022298807,0.5860081366486362,0,72,5076,-0.28101347840409907,8
1,0,1,0,1.6137012404433893,1,2,0,2,0,2,2,2,2,2,0,1,0.7274784761537967,1.6828991680528171,0,61,5483,-0.5255394611282314,7
1,0,1,0,0.22920887396235737,1,0,0,2,0,2,2,2,2,2,0,1,0.5396954151350245,0.35522535192162685,0,75,3067,-0.4235037429990629,6
1,0,0,0,0.758573602322752,1,0,0,0,0,0,2,0,0,1,0,1,-0.562075995975115,0.033978009732806534,0,56,4138,-0.5561287316081661,2
1,0,1,1,1.6137012404433893,1,2,1,2,2,2,2,2,2,2,0,0,1.654761202246493,2.6587075474433717,0,51,6158,-0.4817192551422633,9
1,0,0,1,1.369379058123207,1,0,2,1,1,1,1,1,1,2,0,3,-1.4694171580658184,-0.4070504948597283,0,74,4101,-0.6264668215583322,8
0,1,0,0,0.47353105628253944,1,2,1,2,2,2,0,2,2,1,1,1,1.4968904872307114,1.1385235647749414,0,35,5720,-0.3818751513957401,8
1,0,0,0,0.7178532386027215,1,2,0,0,0,2,2,0,2,2,0,0,0.1574821050968162,0.5022716186956895,0,76,4145,-0.5053878329133756,5
0,0,0,0,-0.7073594915983407,1,2,0,0,0,0,0,0,0,0,0,3,-0.5288400559717926,-0.727216938897944,0,78,3762,-0.3115772927202665,2
1,0,0,0,-0.9924020376385531,0,1,0,0,0,0,0,0,0,0,1,1,-1.3132082400502028,-0.9235874559730575,0,33,2372,-0.33996237213787484,1
0,1,0,0,1.369379058123207,1,2,1,0,0,2,2,2,2,1,1,1,1.2659007042076202,2.072243093729716,0,40,5569,-0.4856293874690484,7
0,0,0,0,1.002895784642934,1,2,1,2,2,0,2,0,0,0,1,0,0.7573908221567865,1.1493325462809856,0,43,4882,-0.48856362361522915,6
0,0,0,0,-1.0331224013585834,1,2,1,0,2,0,0,0,0,0,1,0,0.4582673621268844,-0.7750632264216377,0,61,4025,0.4641355718689291,4
1,1,1,1,-0.9109613101984924,0,1,0,0,0,0,0,0,2,0,1,0,-1.004113998019304,-0.8458069074214006,0,55,5248,-0.30151240608755353,2
0,0,0,0,1.2064976032430856,1,2,1,2,2,2,0,0,0,1,1,2,0.9069525521717376,1.5335808092478922,0,71,5801,-0.4941096757914219,6
1,0,1,1,0.3106496014024181,1,0,1,0,0,2,0,2,0,1,1,2,0.6743009721484804,0.4746756271363808,0,50,5904,-0.42379414501779217,4
0,0,0,0,-0.5037576729981889,1,0,2,1,1,1,1,1,1,2,0,3,-1.4976677070686424,-0.8262404449808675,0,76,4404,-0.5540760707782504,8
0,0,1,0,-0.30015585439803716,1,0,1,0,0,0,2,2,2,0,1,2,1.0099839661820376,0.05116208441282369,0,52,3273,-0.2420401259994088,5
1,0,1,0,-0.38159658183809786,1,2,1,0,2,2,0,0,0,0,0,2,0.6477122201458225,-0.1374877315865439,0,33,2781,-0.25914650787736326,5
0,1,1,0,1.369379058123207,1,2,1,0,2,2,0,2,2,1,0,1,1.3240635992134344,2.002845020631726,0,27,5722,-0.48263466681708916,7
0,1,0,0,1.6137012404433893,1,2,1,0,2,2,2,2,2,2,0,2,1.5583769762368582,2.498734621153918,0,75,5388,-0.4862740435780807,8
0,0,1,0,0.5549717837226001,1,2,0,2,0,0,0,0,0,0,0,0,-0.3244390249513595,0.08568464779437307,0,40,5928,-0.5274626311537728,3
1,0,1,0,1.6137012404433893,1,2,0,2,2,2,2,2,2,2,0,1,0.8338334841644282,1.8896595428612915,0,50,6046,-0.5205134876818122,8
1,0,0,0,-0.9109613101984924,1,0,2,1,1,1,1,1,1,1,0,3,-1.4760643460664828,-0.9279992851591979,0,38,4745,-0.44952161275113967,8
0,0,0,0,0.3106496014024181,0,1,0,2,0,0,2,2,2,1,1,0,-0.3393951979528547,-0.019206591106117235,0,74,3533,-0.5090862934816074,5
1,0,0,0,-0.055833672077855064,1,0,1,0,0,2,2,2,2,2,0,0,1.1528985081963241,0.3662549248869781,0,64,2021,-0.30530709635522685,6
0,0,1,0,1.4508197855632678,1,2,0,2,2,2,2,0,0,2,0,1,0.20401242110146783,1.161023893624258,0,50,4114,-0.5438212119139726,6
1,0,1,1,1.4508197855632678,1,2,2,1,1,1,1,1,1,2,0,0,-1.3082228490497045,-0.29097526897237175,0,72,5668,-0.6194270579387989,9
0,1,0,0,0.6771328748826912,1,0,1,0,2,2,0,0,2,1,1,0,0.8338334841644282,0.8856595749712987,0,30,5982,-0.45559832877120104,5
0,0,1,1,-0.7073594915983407,1,2,2,1,1,1,1,1,1,0,1,2,-1.3132082400502028,-0.8315787582960975,0,59,4667,-0.4806934461087656,9
1,0,1,0,0.7178532386027215,1,2,0,0,0,2,2,2,0,1,1,2,0.16246749609731476,0.5128379495964961,0,27,4706,-0.5050506122685332,5
1,1,0,0,-0.3408762181180675,1,0,1,0,0,0,0,0,0,0,0,1,0.17410007509847744,-0.24138630892015261,0,77,5242,-0.3405993444670217,2
1,0,1,1,0.10704778280226633,1,0,2,1,1,1,1,1,1,2,0,3,-1.4843733310673135,-0.7166726671430683,0,65,4517,-0.5976176792777913,8
0,0,0,0,-0.62591876415828,1,2,2,1,1,1,1,1,1,0,0,3,-1.328164413051698,-0.7961076516395279,0,66,5208,-0.5036642607286252,9
1,0,0,0,-0.9109613101984924,1,0,1,0,0,0,2,2,2,0,1,1,1.0083221691818711,-0.6241124908178407,0,33,5787,0.32961135894625937,5
1,0,1,0,1.4508197855632678,1,2,0,2,2,2,2,2,2,2,1,1,0.8005975441611056,1.6998626512735273,0,42,5228,-0.5139942902404422,8
1,0,1,0,0.5142514200025698,1,0,0,2,2,2,0,2,2,1,0,0,0.466576347127715,0.5813757160031886,0,37,4192,-0.46522436538706513,6
1,0,1,0,0.18848851024232702,1,0,2,1,1,1,1,1,1,0,0,0,-1.4760643460664828,-0.6979885705397633,0,24,3078,-0.6002326183132365,8
0,0,0,0,-0.9109613101984924,1,0,0,0,0,0,0,0,0,0,0,3,-0.6484894399837535,-0.8166447165010119,0,38,5369,-0.18998434191147098,1
1,0,0,0,-1.2774445836787656,1,0,2,1,1,1,1,1,1,0,0,3,-1.4860351280674797,-0.9969341161926433,0,21,2798,0.4877831695885074,8
1,0,1,0,1.3286586944031769,1,2,0,2,2,0,0,0,2,2,1,3,0.15914390209698223,0.9615209778269844,0,74,5420,-0.5408113288329642,5
0,0,1,1,1.002895784642934,1,0,2,1,1,1,1,1,1,2,0,0,-1.504314895069307,-0.4906546579370907,0,45,5864,-0.6230855901621299,8
0,0,0,0,-1.1960038562387048,1,0,1,0,0,2,0,0,0,0,1,3,0.3319707901142591,-0.9007341807888498,0,21,3319,1.480982273810794,3
1,0,0,0,0.6771328748826912,0,1,0,0,0,2,0,0,0,0,1,0,-1.1486903370337564,-0.36469693467277947,0,42,5214,-0.5923817667322039,2
0,0,1,0,1.5322605130033284,0,1,0,0,2,2,2,2,2,2,0,0,-0.23137839294205673,0.7762903294468759,0,42,5640,-0.5682945235338954,6
0,0,1,0,0.8400143297628127,1,0,2,1,1,1,1,1,1,1,1,0,-1.4926823160681442,-0.5471922489574811,0,42,4836,-0.6194870625785012,8
1,0,1,1,0.8400143297628127,1,2,2,1,1,1,1,1,1,2,0,1,-1.303237458049206,-0.4163153361506233,0,46,5794,-0.6073845883247103,9
1,0,0,0,-0.4223169455581282,1,2,2,1,1,1,1,1,1,0,1,1,-1.3265026160515319,-0.7881001816666828,0,51,3534,-0.5377561275625306,9
1,1,0,0,1.3286586944031769,1,2,1,2,0,2,2,2,2,2,1,2,1.5151702542325387,2.191097772004341,0,79,4295,-0.4699336805715286,8
0,0,0,0,0.6364125111626608,1,2,2,1,1,1,1,1,1,1,0,0,-1.3364733980525287,-0.4746176588454699,0,41,5517,-0.6041888938162353,9
1,0,0,0,-1.1960038562387048,1,2,1,0,2,2,0,2,2,0,0,3,1.435403998224565,-0.867424870433489,0,77,3449,2.4326189335562463,7
1,0,1,0,0.5142514200025698,1,2,1,0,2,0,0,0,0,0,0,0,0.5529897911363537,0.6600606895380043,0,55,5602,-0.4587438642992228,4
0,0,1,0,1.1657772395230555,1,0,0,0,0,2,2,2,2,2,1,0,0.3003966471111027,1.030742577757529,0,58,6301,-0.5251569399637106,5
1,0,0,0,-1.1960038562387048,1,0,0,2,0,0,2,2,0,0,1,1,-0.012021188920128179,-0.9194623956840162,0,20,5645,1.1843124115106307,4
0,1,0,0,0.3106496014024181,1,2,1,0,0,2,2,2,2,1,1,1,1.2958130502106107,0.8420707026122305,0,20,3568,-0.3715002703858793,7
0,0,0,0,-1.2774445836787656,1,0,1,0,0,0,0,0,0,0,0,3,0.21065960910213194,-0.9744117281973961,0,64,3029,3.4143525358538884,2
0,0,0,0,-1.2774445836787656,1,0,0,0,0,0,2,0,0,0,1,2,-0.49394231896830415,-0.9837648060720139,0,56,4667,2.1990093318416246,2
1,0,0,0,0.758573602322752,1,2,2,1,1,1,1,1,1,1,1,0,-1.3348116010523623,-0.44706578557802246,0,75,4886,-0.6073927546366225,9
1,0,0,0,0.7992939660427822,0,1,0,0,2,0,0,0,0,1,0,3,-1.152013931034089,-0.28956348363280676,0,51,6290,-0.5965180006340755,2
1,0,0,0,0.758573602322752,1,2,1,0,0,0,0,0,2,0,0,0,0.6194616711429987,0.8248866279322132,0,65,4191,-0.4777443867194941,4
1,0,0,0,-1.2774445836787656,1,0,2,1,1,1,1,1,1,0,1,3,-1.4727407520661506,-0.9967576430251978,0,48,5384,0.5107141734377953,8
1,0,1,0,-0.055833672077855064,1,2,0,2,2,0,2,0,2,1,1,0,0.3485887601159204,0.028573518979784423,0,43,4258,-0.39201495466034714,6
1,0,0,0,0.5956921474426305,1,0,2,1,1,1,1,1,1,1,0,1,-1.4694171580658184,-0.558839478008892,0,56,3313,-0.6125467182421717,8
0,1,0,0,-0.4223169455581282,1,0,2,1,1,1,1,1,1,1,1,3,-1.4860351280674797,-0.8218065566487963,0,21,4327,-0.5616841315791788,8
0,0,1,0,-1.2774445836787656,1,0,2,1,1,1,1,1,1,0,1,3,-1.4660935640654862,-0.9966694064414748,0,59,4517,0.5221796753624394,8
1,0,1,0,1.6137012404433893,1,2,0,0,2,2,2,2,2,2,1,0,0.677624566148813,1.7808197168392055,0,76,6322,-0.5278953861812404,7
1,1,1,1,0.5956921474426305,1,0,1,0,2,0,0,2,0,1,1,0,0.6709773781481484,0.7669151924263273,0,68,3384,-0.4587179007531979,4
1,0,1,0,1.6137012404433893,1,2,0,2,0,2,2,0,0,2,1,1,0.05777428508684881,1.1170158974925066,0,49,4397,-0.557187387673653,5
1,0,1,0,1.369379058123207,1,2,0,0,0,2,0,2,0,2,1,0,-0.04858072292378317,0.8426442404064288,0,60,4186,-0.5533100742033276,4
1,0,0,0,0.10704778280226633,1,2,1,0,0,0,0,2,0,0,0,2,0.611152686142168,0.25090765081533467,0,65,2332,-0.39681215251423463,4
1,0,0,0,-0.13727439951791576,1,2,1,0,0,0,0,0,2,0,1,2,0.6693155811479823,0.10432462610581666,0,69,4388,-0.33715969388962846,4
0,0,0,0,-1.2367242199587352,1,0,2,1,1,1,1,1,1,0,1,3,-1.4694171580658184,-0.990956087645423,0,25,5629,0.12375348348106043,8
1,0,0,0,-1.1552834925186746,1,0,0,0,2,0,0,0,0,0,0,3,-0.5155456799704636,-0.9138152543257565,0,37,3272,0.46771854122038037,2
0,0,0,0,1.3286586944031769,1,0,0,2,2,0,2,0,0,2,1,3,-0.17155370093607614,0.644156045321968,0,75,4372,-0.5580964415829958,4
1,1,0,0,-0.21871512695797646,1,2,1,0,2,0,2,2,2,1,1,0,1.325725396213601,0.30188633706118817,0,31,3104,-0.23311026392348413,7
1,0,1,0,-0.13727439951791576,1,0,1,0,0,2,0,0,0,0,1,1,0.3502505571160864,-0.007206415719814965,0,40,4910,-0.3738493000484893,3
1,0,1,1,-0.13727439951791576,1,2,0,0,2,2,0,2,2,0,0,1,0.5097830691320341,-0.02997145432029989,0,70,4558,-0.3555044969690589,6
0,0,1,0,-0.5037576729981889,1,0,1,0,0,2,2,0,0,0,1,3,0.5396954151350245,-0.26296015364037956,0,22,4741,-0.2193926098350708,4
0,0,0,0,1.0436161483629645,1,2,2,1,1,1,1,1,1,2,1,1,-1.33148800705203,-0.3356229803361136,0,54,5138,-0.6136337547064253,9
0,0,0,1,-0.748079855318371,1,2,1,2,0,0,2,0,0,0,1,3,0.7058751151516368,-0.4922208572981705,0,33,5494,-0.004277954677464312,5
1,0,1,0,1.6137012404433893,1,2,2,1,1,1,1,1,1,2,0,3,-1.3082228490497045,-0.2509599782540774,0,30,5512,-0.6217397341261006,9
1,0,0,0,0.5549717837226001,1,2,1,2,0,0,0,2,0,0,1,1,0.8105683261621028,0.8672843064110236,0,43,5593,-0.44415478206300846,5
0,0,1,0,1.5729808767233588,0,1,0,0,2,2,2,2,2,2,0,0,-0.21642221994056152,0.8233204285711333,0,76,5224,-0.568874302925038,6
1,0,0,0,-0.015113308357824713,1,2,1,0,0,0,0,0,2,0,1,0,0.6942425361504742,0.1696638163525576,0,26,2383,-0.36405150749470255,4
0,0,0,0,-0.2594354906780068,0,1,0,0,0,2,0,2,2,0,1,1,-0.47898614596680894,-0.4421686551814066,0,48,2510,-0.44782301987341466,4
1,1,1,0,1.4508197855632678,1,2,1,0,0,2,0,0,0,0,1,1,0.5180920541328647,1.460123853298653,0,28,5581,-0.5281184592780471,4
1,0,1,0,-1.2367242199587352,1,0,2,1,1,1,1,1,1,1,0,3,-1.481049737066981,-0.9904487272890168,0,44,3866,0.1103770645689757,8
1,0,1,0,1.1657772395230555,1,0,2,1,1,1,1,1,1,2,0,1,-1.4694171580658184,-0.4296170011468368,0,36,4446,-0.6236308073003708,8
1,1,1,0,-0.9516816739185228,1,0,2,1,1,1,1,1,1,0,1,3,-1.4461520000634926,-0.915535867708351,0,69,2302,-0.4179914824583687,8
0,0,0,0,-0.4223169455581282,1,2,2,1,1,1,1,1,1,2,0,3,-1.2799723000468803,-0.7384671033226022,0,64,5676,-0.530777126391008,9
0,0,1,1,-1.1145631287986442,1,0,1,0,0,0,0,2,0,0,1,2,0.534710024134526,-0.848674596392392,0,69,5109,0.8833429859887254,3
1,0,0,0,1.3286586944031769,1,2,0,0,2,2,2,0,2,2,1,1,0.31369102311243185,1.1143908591267526,0,39,4774,-0.5327333615678742,6
1,0,0,0,-1.1145631287986442,1,0,2,1,1,1,1,1,1,0,0,3,-1.4760643460664828,-0.964860118009402,0,76,2303,-0.272761791412878,8
1,0,1,1,-0.30015585439803716,1,0,1,0,2,0,0,0,0,0,1,2,0.356897745116751,-0.1670690462796159,0,33,5985,-0.32869286169912215,3
0,0,1,0,1.6137012404433893,1,2,1,2,0,0,0,0,0,2,0,0,0.4748853321285456,1.5225071179906793,0,40,4689,-0.5374761480634772,4
0,0,1,0,-0.21871512695797646,1,2,1,0,0,2,0,0,2,0,0,0,0.8438042661654253,0.06338285125843299,0,67,5750,-0.29248518460467626,5
1,0,1,1,-0.015113308357824713,0,1,0,0,0,2,0,2,2,0,0,1,-0.47067716096597834,-0.27630593692845457,0,40,3087,-0.4858290355125124,4
0,0,0,0,-0.0965540357978854,1,2,1,0,2,2,2,2,2,1,0,1,1.5184938482328711,0.462057795664019,0,45,4983,-0.2531286604290118,8
1,0,1,0,1.5322605130033284,1,0,1,2,2,2,2,0,2,2,0,1,1.2044142152014738,2.120221736128994,0,48,5025,-0.49853259633042774,7
1,1,0,0,0.3920903288424788,1,2,1,0,2,0,0,0,0,0,1,0,0.48485611412954227,0.46957996442638844,0,79,2399,-0.45005489191042547,4
0,1,1,0,1.6137012404433893,1,2,0,2,2,2,2,2,2,2,1,0,0.8338334841644282,1.9489765862689508,0,56,5881,-0.5205134876818122,8
0,0,0,0,0.5956921474426305,1,2,0,2,0,2,2,0,0,2,1,3,0.00792037508186511,0.26478285360574666,0,40,3286,-0.5063713931274995,5
0,0,0,0,-1.2367242199587352,1,0,1,2,0,2,0,0,0,0,1,2,0.5214156481331973,-0.9452936555688689,0,67,5602,2.413032034434979,4
0,0,1,0,1.1657772395230555,1,2,2,1,1,1,1,1,1,2,1,3,-1.3514295710540236,-0.3212404171892956,0,21,5970,-0.6170658828112601,9
0,0,0,0,-1.1145631287986442,1,0,0,0,0,0,0,0,0,0,1,1,-0.6883725679877406,-0.9165947067130248,0,74,5846,0.18012553461055994,1
0,1,1,0,1.6137012404433893,1,2,1,0,2,2,2,2,2,2,1,1,1.5301264272340338,2.471734226534738,0,80,5933,-0.48760906777478585,8
1,1,1,0,1.6137012404433893,1,2,1,2,2,2,2,2,2,2,1,0,1.6680555782478224,2.6103318404173415,0,61,6268,-0.48109100846146086,9
0,1,0,0,-1.1960038562387048,1,0,1,0,0,2,0,0,0,0,0,3,0.3419415721152558,-0.9162638195240643,0,56,3545,1.4895814002542769,3
1,0,1,0,0.6364125111626608,1,0,2,1,1,1,1,1,1,2,0,3,-1.5126238800701375,-0.6285243200039812,0,46,2282,-0.6165903550816665,8
0,0,0,0,1.247217966963116,1,0,1,0,0,2,2,2,0,1,1,1,0.8404806721650927,1.5605812038670719,0,45,4039,-0.5003102033079612,5
0,0,0,0,-0.21871512695797646,1,0,0,2,2,0,0,0,0,0,1,3,-0.2679379269457112,-0.2765265283877616,0,79,4472,-0.4294569843830127,3
1,0,1,0,1.5322605130033284,1,0,0,2,2,2,0,2,2,2,1,1,0.5114448661322006,1.464910687965615,0,70,5715,-0.5322024153626569,6
1,0,1,1,-1.0331224013585834,1,0,0,2,0,2,2,0,2,0,1,1,0.21896859410296257,-0.7782397434356589,0,30,3459,0.360946054547133,5
1,0,0,0,-1.318164947398796,1,0,2,1,1,1,1,1,1,2,0,3,-1.479387940066815,-1.005779833710855,0,68,5504,1.6601307413833566,8
0,0,1,0,-1.2367242199587352,1,0,1,2,2,0,0,2,0,0,0,2,0.8504514541660894,-0.9217344877148785,0,29,5361,2.7913935979482307,5
1,0,0,0,1.369379058123207,1,0,2,1,1,1,1,1,1,2,0,0,-1.4976677070686424,-0.4526246903525596,0,36,4601,-0.6279214001607124,8
0,0,0,0,-1.1960038562387048,1,0,2,1,1,1,1,1,1,0,0,3,-1.4926823160681442,-0.9805441707661314,0,59,5634,-0.09265786534659512,8
0,0,1,0,1.6137012404433893,1,2,1,2,2,0,2,0,0,2,1,0,0.8504514541660894,1.8898801343205984,0,49,5794,-0.5197281793308092,6
1,0,0,0,-1.2774445836787656,1,0,2,1,1,1,1,1,1,0,0,3,-1.461108173064988,-0.9966032290036827,0,38,3678,0.5307788018059224,8
0,0,1,0,1.6137012404433893,1,2,0,2,0,2,2,0,0,2,0,0,0.06940686408801149,1.0937214393896846,0,32,6264,-0.5566376718279508,5
1,0,1,0,1.3286586944031769,1,0,2,1,1,1,1,1,1,2,0,3,-1.491020519067978,-0.43550679311033447,0,34,6312,-0.6270631728569908,8
0,0,0,0,-0.8702409464784621,0,1,0,0,0,0,0,2,0,0,1,3,-0.9625690730151509,-0.8455642568161629,0,44,2534,-0.3195792576051744,2
1,0,0,0,-0.4223169455581282,1,2,1,0,2,0,0,0,0,0,1,3,0.46823814412788106,-0.29977686819872207,0,75,2444,-0.2685660823752366,4
1,0,0,0,-0.748079855318371,1,0,2,1,1,1,1,1,1,1,0,0,-1.4744025490663168,-0.8841457030489616,0,50,5068,-0.5057025721818954,8
1,0,0,0,0.35136996512244845,1,0,1,0,0,0,2,0,0,0,1,2,0.3153528201125979,0.3570783201798058,0,78,3277,-0.4589397036178116,3
1,0,1,0,-0.62591876415828,1,0,0,2,2,0,0,0,2,1,0,3,0.001273187081200524,-0.48712519458817827,0,70,3546,-0.24887532906986973,4
1,0,0,0,-0.8702409464784621,1,0,2,1,1,1,1,1,1,0,1,1,-1.4727407520661506,-0.9010871271237411,0,29,2642,-0.4662421363912455,8
0,0,1,0,1.6137012404433893,1,2,1,2,2,2,0,2,2,2,1,1,1.5251410362335358,2.5526471738085545,0,22,4259,-0.4878446602800868,8
0,0,1,1,-1.1960038562387048,0,1,0,0,2,0,0,0,2,0,0,3,-0.8130073430001998,-0.9649704137390555,0,65,5651,0.4935159205508293,3
0,0,1,0,1.0843365120829946,1,2,1,2,2,2,2,0,2,1,1,1,1.4038298552214086,1.7085098364783629,0,51,4620,-0.4571652807009024,8
1,0,1,0,1.5729808767233588,1,0,0,0,2,0,2,2,2,2,1,1,0.2854404741096075,1.268297520285264,0,68,5124,-0.544828597499743,5
0,0,1,1,-1.1145631287986442,1,0,0,0,0,0,0,0,0,0,0,3,-0.6634456129852487,-0.9085210593023878,0,64,2492,0.19445741201636493,1
1,0,1,1,-0.21871512695797646,1,0,0,2,2,0,0,0,0,0,1,1,-0.3327480099521901,-0.33946127172805585,0,41,3519,-0.43744188750910407,3
1,0,0,0,1.247217966963116,0,1,0,2,2,0,2,0,0,1,1,0,-0.803036560999203,0.13642068343498878,0,80,6406,-0.5888991205225933,4
1,0,1,0,1.6137012404433893,1,2,0,2,0,0,0,0,0,2,0,0,-0.31446824295036285,0.7517164408800732,0,64,6259,-0.5747782947361204,3
0,0,1,0,0.06632741908223598,1,2,0,2,0,0,2,0,0,0,1,0,-0.13000877593192306,-0.12182573797574515,0,73,3012,-0.4622974577528859,4
0,0,1,0,-0.3408762181180675,1,2,0,2,2,0,0,2,2,1,0,2,0.4532819711263863,-0.19735625364247036,0,77,2506,-0.30207525800021784,6
1,0,0,0,1.6137012404433893,1,2,0,2,2,2,2,0,0,2,0,0,0.16246749609731476,1.1596562265765542,0,32,4262,-0.5522399450623339,6
0,0,1,0,1.125056875803025,0,1,0,2,0,2,2,2,2,2,0,1,-0.16324471593524553,0.578155080697306,0,37,5790,-0.549139908161981,6
1,0,0,0,1.4508197855632678,1,2,0,2,2,2,0,0,2,1,1,1,0.4034280611214026,1.2102819664875164,0,53,5355,-0.5338512102403691,6
0,0,1,0,-0.9924020376385531,1,0,2,1,1,1,1,1,1,2,1,3,-1.4926823160681442,-0.9411024178420354,0,65,3260,-0.40875538368573877,8
0,0,0,0,0.06632741908223598,1,0,0,2,0,2,2,2,0,2,0,1,0.09599561609066982,0.026279367802991446,0,40,4263,-0.4400216254421489,5
0,0,0,0,-1.0738427650786138,0,1,0,0,0,0,0,2,2,0,0,1,-0.6567984249845842,-0.8739984959208383,0,72,2270,0.07543458251291782,3
1,0,1,0,-1.2367242199587352,1,0,0,0,2,0,2,0,2,0,1,3,-0.018668376920792765,-0.9424039074519468,0,56,4369,1.7919840135167628,4
1,0,0,0,-0.055833672077855064,1,2,1,0,0,0,2,0,0,1,0,1,0.5629605731373504,0.1186410118148427,0,68,4850,-0.36890480234348655,4
0,0,1,1,-0.5037576729981889,1,2,2,1,1,1,1,1,1,0,1,0,-1.303237458049206,-0.7819236208060861,0,35,3235,-0.522136458273885,9
0,0,1,1,-1.2774445836787656,1,0,2,1,1,1,1,1,1,0,0,2,-1.4876969250676457,-0.9969561753385741,0,33,2358,0.4849167941073464,8
0,1,1,0,1.5322605130033284,1,2,1,0,0,0,0,0,0,2,1,1,0.36188313611724954,1.3816374120772132,0,30,4181,-0.539469282779685,3
1,0,1,0,0.26992923768238775,1,2,2,1,1,1,1,1,1,2,1,3,-1.3614003530550205,-0.6070387118674769,0,30,3970,-0.5934136619054219,9
0,0,1,0,0.5549717837226001,1,0,0,0,2,0,2,2,0,2,1,1,-0.018668376920792765,0.3219601598581274,0,41,4699,-0.5050195210034059,4
0,0,1,0,1.6137012404433893,1,2,0,0,0,2,0,2,2,2,1,0,0.40010446712107006,1.4068068975841448,0,34,5120,-0.5410100356429908,5
1,0,0,0,-0.5851984004382496,1,0,0,0,0,2,2,0,0,0,0,1,-0.31779183695069496,-0.5389641875253292,0,44,2110,-0.3285303950726596,3
1,0,1,0,1.5729808767233588,1,2,1,2,0,2,2,2,2,2,1,1,1.4553455622265583,2.3542692744537472,0,58,4111,-0.48877503253481674,8
0,0,1,0,0.3920903288424788,1,2,2,1,1,1,1,1,1,2,0,2,-1.3132082400502028,-0.5168609233027651,0,53,3052,-0.5943069044972256,9
1,0,1,0,0.06632741908223598,0,1,0,2,0,0,0,0,0,1,0,0,-1.1420431490330922,-0.5916634871537773,0,33,4697,-0.5620473244972887,2
1,1,0,0,-1.1145631287986442,1,0,2,1,1,1,1,1,1,0,0,0,-1.4860351280674797,-0.9642424619233422,0,31,2154,-0.2784945423752,8
0,0,0,0,-0.30015585439803716,1,2,1,0,0,0,0,2,0,0,1,3,0.6593447991469852,-0.08456784049878853,0,23,4874,-0.28856360496286815,4
0,0,1,1,0.9214550572028734,1,0,1,0,2,2,2,2,2,1,1,0,1.2941512532104444,1.4898816411591704,0,65,5892,-0.44931687164534245,7
1,0,1,0,1.5322605130033284,1,2,1,2,2,0,2,0,0,2,1,1,0.7723469951582818,1.6353396494262225,0,48,4867,-0.5195257688685083,6
0,0,1,0,1.1657772395230555,1,2,1,0,0,2,2,2,2,0,1,2,1.3822264942192488,1.9728004638741095,0,35,5632,-0.46496305485932965,7
1,0,1,0,0.43281069256250915,1,0,0,2,0,2,2,2,2,2,1,1,0.47820892612887816,0.5677431638180145,0,63,3716,-0.4553846535080599,6
1,0,0,0,0.5956921474426305,1,2,1,0,2,2,0,2,2,1,1,2,1.2742096892084507,1.151295810268818,0,29,5029,-0.41536397160063776,7
1,0,0,0,-1.1145631287986442,1,0,0,0,0,2,2,2,0,0,1,1,-0.02697736192162338,-0.8654395472997258,0,42,3099,0.5603980151112528,4
0,0,0,0,1.2064976032430856,1,2,2,1,1,1,1,1,1,2,1,1,-1.2949284730483754,-0.31579180814441205,0,34,6201,-0.6146794380942259,9
0,0,1,1,-0.748079855318371,1,2,2,1,1,1,1,1,1,0,0,3,-1.303237458049206,-0.8414612556730522,0,65,2080,-0.46633768224061756,9
1,0,1,1,0.06632741908223598,0,1,0,0,0,2,2,2,0,0,1,2,-0.6617838159850825,-0.369329355318227,0,49,5569,-0.5147111808369728,4
1,0,1,1,0.22920887396235737,1,2,2,1,1,1,1,1,1,2,0,1,-1.3198554280508674,-0.5805015593128419,0,73,3772,-0.5879895975333788,9
0,0,1,0,1.5322605130033284,1,0,0,2,2,2,2,0,2,1,0,1,0.31036742911209936,1.2982097221672966,0,43,6325,-0.5419723148899945,6
0,0,1,1,0.18848851024232702,1,2,1,0,2,0,0,2,0,0,1,2,0.7989357471609396,0.4680137650653087,0,31,3746,-0.393702721802215,5
1,1,1,1,1.125056875803025,1,2,1,2,2,0,0,0,2,0,1,2,0.9468356801757247,1.5418529889719055,0,70,4353,-0.48636158614835645,6
1,0,1,0,1.2064976032430856,1,0,0,2,0,2,2,0,2,1,0,1,0.22063039110312907,0.9739402769859701,0,56,5327,-0.5316910432110883,5
1,0,0,0,0.14776814652229667,1,0,0,2,0,2,2,2,2,0,1,1,0.47987072312904416,0.253775339786326,0,53,4830,-0.41620968148359294,6
1,0,0,0,0.47353105628253944,1,0,2,1,1,1,1,1,1,2,0,1,-1.4744025490663168,-0.6062666417599024,0,55,2404,-0.6096564562986676,8
0,0,1,0,1.6137012404433893,1,2,1,2,0,2,0,2,2,2,1,1,1.3373579752147637,2.3427102819860592,0,70,5678,-0.49671864464642085,7
0,0,0,0,-0.7888002190384014,0,1,0,2,0,0,0,0,0,0,1,0,-1.127086976031597,-0.8319096454850581,0,38,2444,-0.40898287380329124,2
0,0,1,0,-0.7073594915983407,1,0,2,1,1,1,1,1,1,1,0,3,-1.4694171580658184,-0.875211748947027,0,22,3009,-0.5143733580124074,8
0,0,0,0,1.3286586944031769,1,0,0,2,2,2,2,2,2,2,1,0,0.6676537841478158,1.402725955586965,0,75,5434,-0.514232210734926,7
0,0,1,0,-0.8295205827584317,0,1,0,2,0,0,2,0,0,1,0,1,-1.0506443140239554,-0.8095637306572564,0,74,3882,-0.3692630992786317,3
1,0,1,0,1.6137012404433893,1,2,0,2,2,2,2,2,2,2,1,1,0.9052907551715716,1.9863888977674218,0,44,5883,-0.5171366617724992,8
0,0,1,0,1.6137012404433893,1,2,0,2,2,2,2,2,2,2,0,1,0.8321716871642622,1.8665194987799845,0,66,5762,-0.5205920185169125,8
0,0,1,1,1.6137012404433893,1,2,1,2,2,2,2,2,2,2,1,0,1.6963061272506461,2.733907175921137,0,39,5841,-0.47975598426475574,9
1,0,0,0,0.7992939660427822,1,2,0,2,2,0,2,2,2,2,1,3,0.677624566148813,0.9627121717072427,0,69,4322,-0.47742821177527317,7
1,0,0,0,-1.2367242199587352,1,2,2,1,1,1,1,1,1,0,0,3,-1.3265026160515319,-0.978426492756784,0,57,5983,0.2880923444009577,9
0,0,0,0,-1.1145631287986442,1,0,0,2,0,0,2,2,0,0,1,2,-0.013682985920294679,-0.8501966774616103,0,35,4771,0.5680416830610153,4
0,0,0,0,1.4508197855632678,1,0,2,1,1,1,1,1,1,2,0,1,-1.4710789550659844,-0.37713829297769563,0,68,4201,-0.6275692259722419,8
1,0,0,0,1.6137012404433893,1,2,0,2,2,0,2,2,2,2,0,1,0.7075369121518029,1.7779299687222834,0,33,5965,-0.526481831149435,7
0,0,1,0,1.369379058123207,1,2,1,2,2,0,2,0,0,1,0,2,0.8055829351616043,1.5965817300259786,0,53,4488,-0.5093304623431258,6
1,0,1,0,1.6137012404433893,0,1,0,2,2,2,2,2,2,2,1,1,0.001273187081200524,1.0764932464178059,0,72,4036,-0.5598574360670631,7
1,0,0,0,-0.2594354906780068,1,0,2,1,1,1,1,1,1,1,0,1,-1.4943441130683104,-0.8040268850286502,0,77,5823,-0.5775530509096644,8
1,0,1,1,1.2879383306831464,1,2,1,2,0,2,0,0,2,2,0,0,0.9518210711762233,1.5629194733357263,0,42,6249,-0.4968829553167845,6
1,0,1,0,1.2064976032430856,0,1,0,0,0,0,2,2,0,2,1,0,-0.8562140650045189,0.025463179403555292,0,54,4987,-0.5906564816806862,3
0,0,0,0,-1.1145631287986442,1,0,2,1,1,1,1,1,1,0,1,3,-1.4710789550659844,-0.9597644552994096,0,53,5263,-0.269895415931717,8
1,0,0,1,-1.1960038562387048,1,2,2,1,1,1,1,1,1,2,1,3,-1.2749869090463821,-0.9522864048289015,0,77,4315,0.09508972866945031,9
0,0,1,0,1.6137012404433893,1,2,1,2,0,2,2,2,0,2,1,0,1.111353583192171,2.0895154049934557,0,75,4332,-0.5073988382200618,7
1,0,1,1,1.002895784642934,1,0,1,0,2,2,0,2,2,1,1,1,1.0897502221900113,1.463962144690595,0,51,5833,-0.46879551684860155,6
1,0,0,1,1.369379058123207,1,0,2,1,1,1,1,1,1,2,0,1,-1.4893587220678117,-0.4458745916977646,0,51,6382,-0.6274935829247182,8
1,0,0,1,0.5142514200025698,1,2,1,0,0,2,0,2,2,2,0,0,1.1612074931971548,1.0388162251681663,0,38,3333,-0.413131106642487,6
0,0,0,0,-1.1960038562387048,0,1,0,0,0,0,0,2,0,0,1,1,-0.9958050130184734,-0.9555070401347842,0,67,2496,0.3358652690869743,2
0,0,0,0,0.758573602322752,0,1,0,2,0,2,2,2,2,1,0,0,-0.15327393393424887,0.3517400068645758,0,37,5404,-0.5290084097479505,6
0,0,0,0,1.125056875803025,1,2,0,2,0,2,2,0,0,1,0,2,-0.00038860991896550476,0.7763785660305986,0,25,6408,-0.5399299148126768,5
1,0,0,0,0.025607055362205634,1,2,0,0,2,0,0,0,0,0,1,0,-0.33607160395252245,-0.2711220376347395,0,58,5201,-0.4773423159506435,3
1,1,0,0,-0.2594354906780068,1,0,2,1,1,1,1,1,1,1,0,1,-1.5109620830699715,-0.7833354061456511,0,64,2269,-0.5796762920068206,8
0,0,1,0,1.4100994218432374,1,2,1,2,0,2,2,2,2,1,1,2,1.5450826002355291,2.308231836896371,0,37,5649,-0.47405441466342946,8
0,0,1,0,0.6771328748826912,0,1,0,2,0,0,2,0,0,1,1,1,-0.9625690730151509,-0.2195918727406185,0,69,4865,-0.5795404045766026,3
1,0,0,0,-1.2774445836787656,1,0,2,1,1,1,1,1,1,0,1,3,-1.4860351280674797,-0.9969341161926433,0,52,5368,0.4877831695885074,8
0,1,0,0,-1.0331224013585834,1,0,1,0,0,2,0,2,0,0,1,2,0.6510358141461546,-0.7368126673777996,0,38,2107,0.547260460822598,4
0,1,0,0,-0.21871512695797646,1,2,1,2,2,2,0,2,2,1,1,0,1.5201556452330371,0.2549444745206533,0,56,4997,-0.20915555454521007,8
1,0,1,1,0.18848851024232702,1,0,1,0,0,0,0,2,2,1,0,1,0.8787020031689138,0.42698375363420205,0,55,5263,-0.3864613521655977,4
1,0,1,1,-0.055833672077855064,1,2,1,2,0,2,2,0,0,0,0,2,0.8155537171626008,0.2396795455366072,0,46,2132,-0.34167423527245705,6
1,1,0,0,-0.015113308357824713,1,2,1,0,0,2,0,0,0,0,1,1,0.5430190091353566,0.14978852586899458,0,50,2143,-0.37986000257262087,4
0,0,1,0,1.247217966963116,1,2,1,0,0,0,2,0,0,1,1,1,0.5463426031356892,1.184737475499763,0,64,6063,-0.516164842688133,4
1,0,0,0,-0.0965540357978854,1,2,1,2,2,0,0,0,2,0,1,1,0.9817334171792131,0.17645803329921378,0,75,4219,-0.3128602269073991,6
1,0,1,0,1.5729808767233588,1,2,1,2,2,2,2,2,2,2,1,0,1.7062769092516428,2.6606928705771353,0,42,5027,-0.4767521798221692,9
0,0,0,0,0.8400143297628127,1,2,1,0,2,2,0,2,2,2,0,2,1.3556377422165908,1.5011318055838287,0,67,5731,-0.4375253005522066,7
1,0,1,0,0.7178532386027215,1,2,1,2,2,0,0,0,2,0,1,1,0.9850570111795457,1.1625900929853374,0,21,5548,-0.44940920586952554,6
0,0,0,0,-1.2367242199587352,1,0,2,1,1,1,1,1,1,0,0,3,-1.504314895069307,-0.9936252443030379,0,74,4836,0.08362422674480635,8
0,0,1,0,0.9621754209229036,1,0,1,2,2,2,0,2,2,1,1,1,1.3572995392167568,1.6716048853362973,0,24,4196,-0.4492198890162806,7
1,0,1,0,1.4100994218432374,1,0,0,2,2,2,0,2,2,2,0,1,0.5513279941361872,1.3759902707189537,0,51,4219,-0.5244689010673788,6
1,0,0,0,-1.1552834925186746,1,0,0,0,0,0,0,2,0,0,1,2,-0.2779087089467081,-0.9021680252743455,0,49,5344,0.6316752187427895,2
1,0,0,0,-0.5444780367182193,1,0,0,0,2,0,2,0,2,1,1,0,0.019552954083027783,-0.46230865541613797,0,39,2051,-0.28699812296931104,4
0,0,0,1,-0.9924020376385531,1,0,2,1,1,1,1,1,1,0,0,3,-1.4893587220678117,-0.9303816729197139,0,40,5919,-0.407481439027445,8
0,0,0,0,1.5729808767233588,1,2,1,0,2,2,2,2,2,2,1,2,1.5450826002355291,2.5166907659415094,0,54,4361,-0.48447546931307517,8
0,1,0,0,-0.7073594915983407,1,2,1,0,2,0,0,2,0,0,0,1,0.8055829351616043,-0.43740387966037486,0,77,4452,-0.023864853798731153,5
1,0,1,1,1.6137012404433893,1,2,1,2,0,2,0,2,2,1,1,0,1.3739175092184182,2.456844303031514,0,72,6283,-0.4949909662742142,7
1,0,0,0,-0.8295205827584317,1,0,2,1,1,1,1,1,1,1,0,1,-1.4860351280674797,-0.8879839944409038,0,62,4018,-0.4848000802115828,8
1,0,1,1,1.6137012404433893,1,2,2,1,1,1,1,1,1,2,1,0,-1.3148700370503688,-0.21213588141604103,0,62,6499,-0.6220538574665018,9
0,1,0,0,-0.38159658183809786,1,0,1,2,0,0,0,0,0,0,1,0,0.35357415111641893,-0.2806736478227337,0,49,2491,-0.301425546224488,3
1,0,0,0,1.6137012404433893,0,1,0,2,2,2,2,2,2,2,1,0,0.02620014208369237,1.115184988380258,0,24,4266,-0.5586794735405586,7
0,0,0,0,-0.2594354906780068,1,2,1,0,0,2,0,0,0,0,1,2,0.5297246331340278,-0.0382656931902441,0,28,4501,-0.31894228527602747,4
0,0,0,0,-0.46303730927815856,1,0,1,0,2,2,2,2,2,1,1,3,1.3224018022132684,-0.017794805766552155,0,20,3471,-0.11676147734726725,7
1,0,1,0,1.125056875803025,1,2,2,1,1,1,1,1,1,1,0,0,-1.3497677740538576,-0.3414024765699576,0,24,4501,-0.6162412882783401,9
1,0,0,0,-0.8295205827584317,1,0,2,1,1,1,1,1,1,0,0,3,-1.4727407520661506,-0.8931237754427575,0,80,4883,-0.4812722334655385,8
1,0,1,0,-0.6666391278783103,1,2,1,0,0,0,0,0,0,0,1,2,0.35357415111641893,-0.4810368703113043,0,51,5432,-0.153104665934608,3
0,0,1,0,1.247217966963116,1,2,0,2,2,0,0,2,2,1,1,1,0.4964886931307054,1.1057877922137787,0,30,4010,-0.5188520697017214,6
0,1,0,0,-0.4223169455581282,1,0,1,2,2,0,0,0,0,0,0,2,0.5629605731373504,-0.20242985720653195,0,34,5602,-0.2543588299903516,4
0,0,1,1,-0.015113308357824713,1,0,0,2,2,2,2,0,2,0,0,0,0.38348649711940885,0.05489008007511253,0,70,5324,-0.39653709628119393,6
0,0,1,1,1.4508197855632678,1,2,1,0,2,0,2,2,2,2,1,1,1.2958130502106107,2.099905262726817,0,45,4121,-0.48923545275099356,7
0,0,1,1,-0.0965540357978854,1,0,1,0,0,2,0,0,2,1,0,2,0.720831288153132,0.11396447287753382,0,24,2923,-0.3418938366198041,4
0,0,0,0,-0.6666391278783103,1,0,1,0,2,0,0,0,0,0,0,0,0.3436033691154218,-0.4706911308698049,0,59,5176,-0.1551279898036629,3
1,0,0,0,0.025607055362205634,1,0,1,0,2,0,2,0,0,2,0,0,0.5264010391336954,0.16384020182685202,0,80,5542,-0.3898335586140224,4
1,0,1,0,1.6137012404433893,1,0,2,1,1,1,1,1,1,2,0,1,-1.5109620830699715,-0.430124361503243,0,42,4035,-0.6313204960083374,8
0,0,0,0,-0.8295205827584317,0,1,0,2,0,0,2,0,0,1,1,3,-1.03568814102246,-0.8136667318003671,0,30,2990,-0.3652942716893318,3
0,1,1,0,-1.1552834925186746,1,2,1,0,0,0,0,2,0,0,1,2,0.6144762801425001,-0.8698734356317971,0,37,5251,1.2473726720961722,4
0,0,1,0,-1.318164947398796,1,0,0,2,2,2,0,2,2,2,0,3,0.534710024134526,-1.005779833710855,0,45,2048,8.60822490771762,6
0,0,1,0,1.3286586944031769,1,2,1,0,2,2,2,2,2,1,1,1,1.438727592224897,2.134957245610703,0,69,6047,-0.47392923427254097,8
0,0,0,0,-0.7073594915983407,1,0,2,1,1,1,1,1,1,0,0,3,-1.491020519067978,-0.8644027674409828,0,29,3366,-0.5190312181692939,8
0,0,0,0,-0.3408762181180675,1,0,2,1,1,1,1,1,1,1,0,0,-1.4527991880641573,-0.7712690533215569,0,63,2050,-0.5650938721515512,8
0,0,0,1,-0.7888002190384014,0,1,0,0,2,0,0,0,0,0,0,2,-1.150352134033923,-0.8371597222165652,0,22,3540,-0.41471562476561324,2
1,0,0,0,-0.3408762181180675,1,0,1,0,0,0,0,0,2,0,1,1,0.5014740841312035,-0.12297281356414164,0,43,5128,-0.29542526688392434,3
0,0,1,0,1.6137012404433893,0,1,0,2,2,2,2,2,2,2,0,0,0.02453834508352634,1.1647077709946851,0,25,4119,-0.5587580043756589,7
0,0,1,1,0.880734693482843,1,2,1,2,2,0,0,2,2,0,1,0,1.3074456292117733,1.4850506882003467,0,57,5795,-0.44462271647424634,7
1,0,1,1,-1.1552834925186746,1,0,2,1,1,1,1,1,1,0,1,3,-1.4710789550659844,-0.9715440392264048,0,34,5053,-0.1915478194466497,8
0,1,1,1,-0.015113308357824713,1,2,1,0,0,2,0,2,0,0,1,3,0.8836873941694119,0.27212854920067064,0,35,2965,-0.34424745871577206,5
1,0,1,1,0.10704778280226633,1,0,2,1,1,1,1,1,1,2,0,0,-1.4710789550659844,-0.6707675844612765,0,38,2009,-0.5963437346194975,8
0,0,0,0,-0.9924020376385531,1,0,1,0,2,0,0,0,0,0,0,2,0.36022133911708304,-0.7695043216471007,0,31,2934,0.30146876331304223,3
1,0,0,0,-0.4223169455581282,1,0,0,2,0,0,2,0,0,0,0,3,-0.32111543095102724,-0.45291145924965864,0,62,2729,-0.38695985224927787,3
0,0,0,0,-0.7073594915983407,1,0,0,2,0,2,2,0,0,0,0,2,-0.1931570619382357,-0.5843839689966455,0,55,4497,-0.23920131182095128,4
1,0,0,0,-0.4223169455581282,1,2,1,0,0,0,0,2,2,0,1,2,1.0083221691818711,-0.05167765391611125,0,61,3729,-0.18755981877720834,5
0,0,1,1,1.5729808767233588,1,2,2,1,1,1,1,1,1,2,0,0,-1.3065610520495383,-0.2057607882420681,0,37,4993,-0.6211060339150829,9
1,0,0,0,-1.1552834925186746,1,0,0,2,0,2,0,0,0,0,0,2,-0.2662761299455452,-0.8976238412126207,0,51,2401,0.6397010700900404,3
1,0,0,0,-0.30015585439803716,1,2,0,2,2,2,2,0,2,0,0,0,0.5646223701375164,-0.11070792842667107,0,61,5917,-0.30113155899565097,7
0,0,1,1,-0.015113308357824713,1,0,1,0,2,0,0,2,0,0,1,2,0.7091987091519689,0.19589214086416276,0,48,4970,-0.3624880299595239,4
1,1,1,0,-1.0331224013585834,0,1,0,2,0,0,0,0,0,0,0,0,-1.1619847130350858,-0.9085210593023878,0,69,2587,-0.23454345166406465,2
1,0,0,0,-0.62591876415828,1,0,2,1,1,1,1,1,1,1,1,3,-1.4710789550659844,-0.8443951220818356,0,65,2259,-0.5310540708819415,8
1,1,1,0,-0.9924020376385531,1,0,0,2,0,0,0,2,0,0,0,0,-0.12834697893175703,-0.7622689217818303,0,27,2136,0.11419889854385702,3
0,1,0,0,0.9621754209229036,1,2,0,2,0,2,2,0,2,2,0,0,0.28211688010927544,0.782863954934225,0,26,4011,-0.5142916411675497,6
1,0,0,1,-1.1960038562387048,1,0,2,1,1,1,1,1,1,0,0,3,-1.4594463760648215,-0.9790220896969128,0,38,5868,-0.06399411053498512,8
0,0,0,0,1.5729808767233588,1,0,0,2,2,2,2,2,0,2,0,1,0.4183842341228973,1.4428294828889823,0,61,4846,-0.5384588742082741,6
1,0,1,0,0.6771328748826912,1,2,1,2,2,0,0,2,0,0,1,0,0.966777244177718,1.0823830383813036,0,62,5698,-0.44642592723148583,6
1,0,0,0,1.0436161483629645,1,0,0,0,2,2,2,2,0,2,0,0,0.1774236690988095,0.7805477446115013,0,58,4474,-0.5254076890489954,5
0,0,1,0,1.0843365120829946,1,0,0,0,2,0,2,2,2,2,1,1,0.3718539181182462,0.9982273966556736,0,46,5446,-0.516499253160935,5
0,0,0,0,-0.8702409464784621,1,2,1,0,0,0,0,0,0,0,0,2,0.3485887601159204,-0.6137226330844797,0,75,5902,0.05734911816749715,3
0,0,1,0,0.10704778280226633,1,0,0,2,0,0,2,0,0,1,1,0,-0.32610082195152557,-0.16047336164633585,0,30,4858,-0.486625250923946,3
0,0,0,0,-0.5037576729981889,1,0,2,1,1,1,1,1,1,0,1,0,-1.504314895069307,-0.8235712883232525,0,28,5409,-0.5551680233425023,8
1,0,1,1,0.3106496014024181,1,0,2,1,1,1,1,1,1,2,0,3,-1.5009913010689746,-0.6488849116980195,0,34,2630,-0.6068227062294872,8
0,0,0,0,0.26992923768238775,1,0,0,2,0,0,0,0,0,1,1,2,-0.562075995975115,-0.1735323760373117,0,23,5531,-0.5244773315834999,2
0,0,1,1,1.6137012404433893,1,2,2,1,1,1,1,1,1,2,0,0,-1.3630621500551865,-0.26492341762821214,0,67,4923,-0.6243312516844106,9
0,0,0,0,-0.8295205827584317,1,0,0,0,0,0,0,0,0,0,0,0,-0.6966815529885713,-0.7671219338865848,0,26,5706,-0.275334179665202,1
1,0,0,0,-1.2774445836787656,1,0,2,1,1,1,1,1,1,0,0,0,-1.4960059100684764,-0.9970664710682275,0,43,3595,0.4705849167015414,8
1,0,0,1,-0.21871512695797646,1,0,2,1,1,1,1,1,1,0,0,3,-1.51594747407047,-0.7687101923935955,0,51,4004,-0.5832175548367207,8
1,0,1,0,0.06632741908223598,1,0,2,1,1,1,1,1,1,1,0,1,-1.5009913010689746,-0.7063048685556381,0,33,4669,-0.5974265875790472,8
0,0,1,0,0.9621754209229036,1,0,1,2,0,2,0,0,0,2,0,0,0.5164302571326987,0.9855654468914501,0,67,6203,-0.5001106256291742,4
0,0,0,0,1.0436161483629645,1,2,2,1,1,1,1,1,1,2,0,1,-1.343120586053193,-0.3776015350422404,0,51,6190,-0.6143139116002603,9
0,0,1,1,-0.4223169455581282,1,2,2,1,1,1,1,1,1,2,0,1,-1.3132082400502028,-0.7607468407126118,0,75,4386,-0.5357621272278098,9
0,0,1,1,-0.9109613101984924,1,2,2,1,1,1,1,1,1,2,0,1,-1.2849576910473786,-0.906271026417456,0,63,3179,-0.3895883072359551,9
1,0,0,0,-0.7888002190384014,1,0,2,1,1,1,1,1,1,2,0,1,-1.4876969250676457,-0.8873442792089133,0,63,3037,-0.49784051371928223,8
1,0,1,0,1.6137012404433893,1,0,2,1,1,1,1,1,1,2,0,0,-1.46443176706532,-0.34749080084683154,0,55,6317,-0.6291216326255289,8
1,0,0,0,-1.2367242199587352,1,0,0,0,0,0,2,2,2,0,0,2,0.18407085709947407,-0.9473672152863548,0,27,4799,2.025115885984524,4
1,0,1,1,-1.1552834925186746,1,0,1,0,0,0,0,0,0,0,1,3,0.15914390209698223,-0.8800868201977122,0,44,3708,0.9332179193609268,2
0,0,0,0,0.18848851024232702,1,0,2,1,1,1,1,1,1,2,0,3,-1.4926823160681442,-0.6597821297877866,0,27,3408,-0.6017412369875318,8
1,0,0,0,-0.46303730927815856,1,0,2,1,1,1,1,1,1,0,0,3,-1.4876969250676457,-0.8214977286057664,0,47,2366,-0.5574015626784719,8
0,1,1,0,0.8400143297628127,1,2,1,0,0,0,0,2,2,1,1,1,1.0332491241843629,1.2073039817868716,0,65,5325,-0.4581207391946227,5
1,1,1,0,-0.38159658183809786,1,0,2,1,1,1,1,1,1,1,1,2,-1.462769970065154,-0.7917178815993181,0,45,3418,-0.5625045796335691,8
1,0,0,0,-1.1960038562387048,1,0,0,2,0,0,0,0,0,0,1,3,-0.4856333339674735,-0.9348155612517852,0,23,2085,0.7758539054451878,2
0,0,1,0,1.5729808767233588,0,1,0,2,2,0,2,2,2,2,0,3,-0.20312784393923258,0.8230336596740344,0,48,4151,-0.5682373305958911,6
1,0,0,0,-0.9516816739185228,1,0,1,0,0,0,2,2,2,0,1,0,1.0349109211845293,-0.6407230277036596,0,66,5017,0.437908236216306,5
0,0,0,0,-1.2774445836787656,1,0,0,0,2,0,0,0,0,0,0,2,-0.5072366949696331,-0.9839412792394595,0,59,5262,2.1760783279923364,2
1,0,1,0,1.5729808767233588,1,2,0,2,2,2,2,0,2,2,1,3,0.5097830691320341,1.4584032399160578,0,37,6045,-0.5340796894453892,7
0,0,0,0,1.2879383306831464,1,2,2,1,1,1,1,1,1,1,1,0,-1.341458789053027,-0.2993577444260387,0,24,5887,-0.6185936680553131,9
1,0,0,0,-1.1552834925186746,0,1,0,0,0,0,2,0,2,0,1,2,-0.8213163280010305,-0.9341096685820027,0,57,2664,0.25675330580693073,3
0,0,0,0,-0.38159658183809786,1,0,2,1,1,1,1,1,1,0,1,3,-1.504314895069307,-0.7983356253785289,0,42,5652,-0.5684761952193212,8
0,0,1,1,0.26992923768238775,1,0,0,2,0,0,0,0,0,0,0,1,-0.45572098796448335,-0.09429592385422841,0,63,3154,-0.5153049300437846,2
1,0,1,0,-0.1779947632379461,1,0,0,2,0,0,2,0,0,1,0,3,-0.34604238595351905,-0.37645445945384387,0,70,5105,-0.4467540778038119,3
0,1,0,0,-1.1145631287986442,1,0,1,0,2,0,0,2,0,0,1,2,0.6626683931473177,-0.8326155381548406,0,54,2660,0.9569132900051912,4
0,1,1,0,0.5142514200025698,1,0,1,0,0,2,0,0,2,0,1,2,0.7091987091519689,0.6978259473713669,0,41,2701,-0.4470291123327388,4
1,0,0,0,0.18848851024232702,1,0,1,0,0,0,0,0,0,0,1,3,0.1857326540996401,0.12051603921895242,0,32,5402,-0.44937075088371015,2
0,1,1,0,1.125056875803025,1,0,1,2,2,2,2,2,2,2,1,0,1.503537675231376,1.9361822816291432,0,59,4953,-0.45487844561757174,8
0,0,0,0,0.5956921474426305,1,2,1,2,0,2,0,2,0,1,0,1,1.001674981181207,1.0303896314226377,0,52,4510,-0.4349508707219046,6
0,0,1,1,0.7178532386027215,1,0,1,0,0,0,0,0,0,0,1,0,0.1657910900976468,0.5638166358423494,0,64,4539,-0.504825798505305,2
1,0,1,1,-0.21871512695797646,1,2,0,0,0,0,2,2,2,0,0,0,0.22727757910379318,-0.14234074369129845,0,52,3773,-0.36844413485544286,5
0,0,1,0,1.2064976032430856,1,2,2,1,1,1,1,1,1,2,0,0,-1.3663857440555187,-0.3807339337644002,0,21,4671,-0.6185922681161282,9
0,0,1,0,1.5729808767233588,1,0,0,2,0,2,2,2,2,2,0,0,0.5679459641378485,1.6079642493262207,0,78,4090,-0.5312929355053716,6
1,0,0,0,1.369379058123207,1,2,2,1,1,1,1,1,1,2,0,3,-1.3181936310507012,-0.25678359277978285,0,48,6025,-0.6186805478632381,9
1,0,1,1,1.4508197855632678,1,2,1,2,2,2,2,2,2,2,1,0,1.6597465932469917,2.457439899971643,0,59,5671,-0.4710401996966672,9
0,0,0,0,-0.7888002190384014,0,1,0,0,0,2,0,2,2,0,0,2,-0.518869273970796,-0.7192756463628911,0,78,3000,-0.2591123843597304,4
1,0,1,0,0.9621754209229036,1,0,1,0,0,0,0,0,2,1,1,2,0.5363718211346925,1.0049113178726763,0,56,5344,-0.498903730689738,3
0,0,0,0,-0.6666391278783103,1,0,2,1,1,1,1,1,1,1,1,0,-1.5109620830699715,-0.8467995689882822,0,48,2870,-0.5314662294478602,8
0,0,1,1,-0.748079855318371,1,0,1,0,0,0,0,0,0,0,0,2,0.18074726309914202,-0.544081909381252,0,25,5819,-0.1250479082837144,2
0,0,0,0,-0.9924020376385531,1,0,0,2,0,0,2,0,0,1,0,0,-0.3493659799538514,-0.8082401819014143,0,69,2237,0.029481578767320785,3
0,0,1,1,0.43281069256250915,1,2,1,0,0,2,0,2,2,0,1,0,1.1479131171958254,0.8515781945083633,0,73,3280,-0.4028778662849743,6
0,0,0,0,0.7992939660427822,1,2,0,2,0,2,2,2,0,1,0,1,0.3070438351117673,0.7049731106529147,0,39,5806,-0.5015490318620243,6
1,0,0,0,-1.1960038562387048,1,0,0,0,0,0,2,0,0,0,1,3,-0.4823097399671412,-0.9385876752059352,0,76,2166,0.7787202809263489,2
1,0,0,0,-0.13727439951791576,1,0,2,1,1,1,1,1,1,1,1,3,-1.4943441130683104,-0.7533349676798958,0,69,5696,-0.5859610856544033,8
0,0,1,1,-0.6666391278783103,0,1,0,0,0,0,0,0,2,0,1,1,-0.9725398550161476,-0.7619380345928698,0,25,2069,-0.42220674051889956,2
0,0,0,0,0.3106496014024181,1,2,0,0,0,2,2,2,2,1,1,3,0.531386430134194,0.40982173810011546,0,27,2047,-0.43581893971924807,6
0,0,0,0,0.14776814652229667,1,0,2,1,1,1,1,1,1,1,0,3,-1.502653098069141,-0.7319155369811837,0,47,2691,-0.601052165214678,8
1,0,1,0,-0.2594354906780068,1,0,2,1,1,1,1,1,1,1,1,0,-1.4860351280674797,-0.7825853951840073,0,29,2403,-0.5764914303610862,8
0,1,1,0,1.6137012404433893,1,2,1,2,2,2,0,2,2,2,1,2,1.58330393123935,2.544352934938611,0,37,6144,-0.4850960810515762,8
0,0,1,0,0.06632741908223598,1,0,0,0,0,0,2,0,0,0,0,0,-0.48397153696730727,-0.20490048155077067,0,54,4352,-0.4971853421807312,2
1,0,0,0,-0.9109613101984924,1,0,0,2,0,0,2,2,0,0,0,0,-0.08347845992727167,-0.7353567637463733,0,76,3415,-0.012790221257881824,4
0,0,0,0,-0.748079855318371,1,0,0,2,0,0,2,0,0,1,0,3,-0.3011738669490337,-0.6549732359748934,0,57,4978,-0.23588109355527315,3
1,0,1,0,0.5956921474426305,1,0,2,1,1,1,1,1,1,2,0,3,-1.4993295040688086,-0.5764647356075233,0,77,2021,-0.6146964998530423,8
1,0,1,0,-0.3408762181180675,1,0,1,2,0,0,2,0,2,0,1,2,0.8138919201624348,-0.030677346990082528,0,77,5436,-0.2523149796472629,5
1,1,0,0,-0.5037576729981889,1,0,0,2,0,0,2,0,0,1,0,3,-0.357674964954682,-0.53993478994628,0,20,5090,-0.3668062060090651,3
1,0,0,0,-0.4223169455581282,0,1,0,0,0,2,2,2,2,2,0,0,-0.2662761299455452,-0.43010230235731234,0,55,4574,-0.378734600868555,5
1,0,0,0,-1.2774445836787656,1,0,2,1,1,1,1,1,1,0,0,3,-1.451137391063991,-0.9964708741280986,0,52,2810,0.5479770546928885,8
0,0,1,1,1.0843365120829946,1,2,1,0,2,0,2,0,2,0,1,0,1.0598378761870213,1.4563737984904335,0,52,5266,-0.4769432715209132,6
0,0,1,0,1.0436161483629645,1,2,2,1,1,1,1,1,1,1,1,1,-1.3381351950526947,-0.34493193991887,0,47,4455,-0.6140224157886167,9
0,1,0,0,1.0843365120829946,1,2,1,0,2,0,0,0,0,2,1,1,0.47987072312904416,1.019404176749148,0,25,5400,-0.5102887729517529,4
0,0,1,1,-1.1960038562387048,1,0,1,0,0,0,0,0,0,0,1,2,0.15914390209698223,-0.9174550134043223,0,59,5998,1.331930748790422,2
1,0,0,0,-0.015113308357824713,1,0,2,1,1,1,1,1,1,2,1,0,-1.4860351280674797,-0.7346949893684522,0,20,3398,-0.5919717881785349,8
1,1,1,0,0.5549717837226001,1,2,1,0,0,2,0,2,2,0,1,2,1.1329569441943304,1.0081760714704202,0,41,2641,-0.42049193766533893,6
1,0,1,1,-1.318164947398796,1,2,2,1,1,1,1,1,1,2,0,3,-1.2965902700485417,-1.005779833710855,0,48,4950,2.2907333472387768,9
0,0,1,0,0.7992939660427822,1,0,2,1,1,1,1,1,1,1,0,1,-1.5009913010689746,-0.5591262469059911,0,37,4848,-0.6192326742583701,8
1,0,0,0,-0.015113308357824713,1,2,1,2,0,0,2,0,0,0,0,0,0.7607144161571191,0.214708592343052,0,66,2426,-0.3571027184494638,5
0,0,0,0,-0.6666391278783103,1,2,1,0,0,0,0,0,0,0,1,1,0.3319707901142591,-0.5075299045740781,0,27,3574,-0.1574885343175601,3
0,0,0,0,0.758573602322752,1,2,1,2,2,2,0,2,2,1,0,0,1.4187860282229037,1.5005362086436995,0,24,5446,-0.42471644031801564,8
1,0,0,0,-0.13727439951791576,1,0,0,0,0,2,2,2,2,1,1,0,0.35191235411625243,-0.015809482632788932,0,77,4422,-0.3736582083497453,5
1,0,1,0,1.5322605130033284,1,0,0,2,2,2,2,0,0,2,0,1,0.006258578081699082,0.9898008029101452,0,78,5669,-0.5567482786379512,5
0,0,1,1,1.5729808767233588,1,2,1,2,0,2,2,0,2,2,0,2,1.1861344481996465,2.1529575086901565,0,34,6171,-0.5016737222000412,7
1,0,1,0,0.35136996512244845,1,2,0,0,2,2,0,2,0,1,0,0,0.12424616509349373,0.24715759600711526,0,54,3877,-0.4746365217289313,5
1,0,0,0,-1.2774445836787656,1,0,1,0,0,0,0,2,0,0,1,2,0.5247392421335293,-0.9702425496164933,0,21,3154,3.9560975017933173,3
0,0,1,0,-1.0331224013585834,1,0,0,2,0,2,2,2,2,0,0,0,0.5480044001358552,-0.7498496226228448,0,57,5928,0.5028316408646026,6
1,0,1,1,1.4100994218432374,1,2,1,2,2,0,2,0,0,1,0,2,0.8238627021634315,1.6583252794860146,0,69,6194,-0.5106428546288375,6
1,0,1,1,-1.1145631287986442,1,2,0,0,0,0,2,0,0,0,1,3,-0.3011738669490337,-0.8913369846223705,0,46,3598,0.4027473636473977,3
1,0,0,1,-0.7073594915983407,1,2,2,1,1,1,1,1,1,0,1,2,-1.328164413051698,-0.8627703906421108,0,57,3965,-0.4839181185250717,9
0,0,1,1,-0.5037576729981889,1,0,2,1,1,1,1,1,1,0,0,2,-1.4876969250676457,-0.8215197877516971,0,70,3402,-0.5524381419318727,8
1,0,1,1,0.880734693482843,1,2,1,0,2,0,2,2,2,1,1,2,1.3440051632154282,1.481543283997365,0,68,5546,-0.44232961608931753,7
1,0,0,0,0.3920903288424788,1,0,2,1,1,1,1,1,1,1,1,3,-1.502653098069141,-0.6354508918262217,0,43,5293,-0.60950536053687,8
0,0,1,0,-0.9516816739185228,1,0,1,0,0,0,0,0,2,0,1,2,0.4981504901308714,-0.6664660510047895,0,62,4654,0.25274038013330535,3
0,0,0,0,1.247217966963116,1,2,1,0,2,0,0,2,2,2,0,0,1.086426628189679,1.7529369563827975,0,67,4769,-0.48705321670759155,6
0,0,1,0,1.4915401492832983,1,2,2,1,1,1,1,1,1,2,0,0,-1.3464441800535252,-0.2814457179303083,0,21,4884,-0.6219136238323941,9
0,0,0,0,1.4915401492832983,1,2,2,1,1,1,1,1,1,2,0,1,-1.3348116010523623,-0.265452837130549,0,66,5294,-0.621340348736162,9
1,0,1,0,0.3106496014024181,1,0,0,0,2,0,0,0,0,0,1,3,-0.4856333339674735,-0.09760479574383378,0,71,2454,-0.5213907345714692,2
1,0,0,0,1.125056875803025,0,1,0,2,2,2,0,0,0,2,0,0,-0.8362725010025254,0.0638681524689084,0,32,5544,-0.5872016153708403,4
0,1,0,0,1.5729808767233588,1,2,0,2,2,2,2,2,2,2,0,3,0.8338334841644282,1.7707828054407357,0,33,4994,-0.5185534889224338,8
1,0,1,0,-0.015113308357824713,1,2,1,0,2,0,0,2,2,0,1,1,1.1329569441943304,0.38213750995708384,0,61,3981,-0.31818949979612665,6
1,0,0,0,0.26992923768238775,1,2,0,0,0,0,2,0,0,2,1,1,-0.3626603559551803,-0.034868584716916,0,79,2380,-0.5072790786965339,3
0,0,0,0,0.22920887396235737,1,2,2,1,1,1,1,1,1,1,1,2,-1.3464441800535252,-0.6023621729301679,0,23,2997,-0.590341495364075,9
1,0,0,0,0.7992939660427822,1,2,1,0,0,2,0,0,2,2,1,1,0.8205391081630994,1.013845271974611,0,35,5386,-0.46812601210056204,5
0,0,1,1,0.6364125111626608,1,2,1,2,2,0,0,2,2,0,1,1,1.3456669602155942,1.199031802062858,0,79,4275,-0.4153590968124045,7
1,0,1,0,1.5322605130033284,0,1,0,2,0,2,2,2,2,2,0,0,-0.17487729493640844,0.8228351273606581,0,27,4031,-0.5655492625096851,6
1,0,0,0,-0.5037576729981889,1,0,1,0,0,0,0,0,0,0,0,1,0.19237984210030468,-0.3468510856148412,0,59,5790,-0.27644713131722787,2
0,0,0,0,0.7178532386027215,1,2,0,2,0,2,2,2,2,1,1,1,0.5895493251400082,0.8379677014691201,0,71,5258,-0.4761620436936949,7
1,0,1,0,-0.30015585439803716,1,0,0,2,2,2,0,0,0,1,1,0,-0.10508182092943122,-0.295034151823621,0,66,3807,-0.38998919891164197,4
1,0,0,0,-0.8295205827584317,1,0,0,0,2,0,0,0,0,0,1,0,-0.5221928679711283,-0.7441363038267929,0,70,4244,-0.22903119112337045,2
0,0,1,0,-0.38159658183809786,1,0,0,2,2,2,2,0,0,1,1,3,0.04946530008601819,-0.32909347314062565,0,22,2072,-0.3451377723121933,5
1,0,0,0,-0.21871512695797646,1,0,2,1,1,1,1,1,1,0,1,2,-1.5076384890696393,-0.7720411234291316,0,39,3792,-0.5821938493077345,8
1,1,0,0,0.5956921474426305,1,2,1,0,0,0,0,2,0,0,1,1,0.7075369121518029,0.6996568564836153,0,69,5527,-0.45609038989546696,4
1,0,1,1,-0.2594354906780068,1,0,2,1,1,1,1,1,1,2,1,1,-1.51594747407047,-0.7782397434356589,0,58,4347,-0.5803132643359676,8
1,0,0,1,-1.2367242199587352,1,0,2,1,1,1,1,1,1,0,0,3,-1.5126238800701375,-0.9844486395958658,0,45,4725,0.07406964180760306,8
0,0,1,1,-0.2594354906780068,1,0,1,2,2,0,0,0,0,0,0,2,0.5712695581381809,-0.09250913303384142,0,72,2817,-0.31363418253313674,4
0,1,1,0,1.6137012404433893,1,2,1,2,2,2,2,2,2,2,1,0,1.6580847962468257,2.6710165508727046,0,29,5408,-0.48156219347206264,9
0,0,1,1,1.247217966963116,1,0,2,1,1,1,1,1,1,2,0,1,-1.4876969250676457,-0.47227938937681546,0,56,5975,-0.6258037048425412,8
1,0,1,1,1.5729808767233588,1,0,2,1,1,1,1,1,1,2,0,3,-1.4943441130683104,-0.38977818359598815,0,20,5406,-0.6301032680642826,8
1,0,1,1,-0.8702409464784621,1,2,0,2,0,0,0,2,0,0,1,0,0.012905766082363669,-0.6866501695313822,0,42,5942,-0.039152189698256436,4
1,1,1,0,-0.748079855318371,1,0,2,1,1,1,1,1,1,1,0,3,-1.4993295040688086,-0.9049033593697525,0,66,2962,-0.5114353231442174,8
0,0,0,0,-0.7888002190384014,1,2,0,2,2,2,2,2,2,2,0,1,0.8039211381614382,-0.49323557801098283,0,27,5407,0.06683545606943479,8
1,0,0,1,-1.0738427650786138,1,0,2,1,1,1,1,1,1,0,1,3,-1.481049737066981,-0.9623894936651632,0,75,3478,-0.3307717713887554,8
1,1,1,1,-0.8702409464784621,1,2,1,0,0,0,0,0,0,0,1,1,0.3469269631157543,-0.6637307169093823,0,28,5193,0.05687138892063701,3
1,0,1,0,-0.5851984004382496,1,2,0,0,2,0,0,0,0,0,0,1,-0.26461433294537917,-0.5316626102222665,0,59,5558,-0.3188752355571699,3
0,0,1,0,-0.015113308357824713,1,0,1,2,0,0,0,0,0,0,1,0,0.356897745116751,0.01983809719122616,0,76,3131,-0.3993166118992894,3
1,0,0,0,-0.13727439951791576,0,1,0,2,0,0,2,0,0,1,0,3,-0.9692162610158153,-0.5325670352054254,0,74,3898,-0.5255761088512783,3
0,0,0,0,-1.1960038562387048,1,2,0,0,0,0,0,2,0,0,1,2,-0.1499503399339166,-0.9305581460871596,0,31,4830,1.065357829042449,3
0,0,0,0,0.35136996512244845,0,1,0,0,2,0,0,0,2,0,1,2,-0.8113455460000336,-0.2655410737142718,0,79,2454,-0.5514826834381524,3
0,0,0,0,-1.2774445836787656,1,0,2,1,1,1,1,1,1,0,0,2,-1.5259182560714666,-0.9974635356949803,0,37,5084,0.4189901580406435,8
1,0,0,0,-1.0331224013585834,1,0,0,0,0,0,0,2,0,0,0,3,-0.32942441595185784,-0.842365680656211,0,20,3481,0.12447007735135063,2
0,0,1,0,0.7992939660427822,1,0,0,2,0,2,0,2,0,1,1,3,-0.015344782920460707,0.49891862851422275,0,73,4405,-0.5225330636863728,4
0,0,1,1,0.5142514200025698,1,2,2,1,1,1,1,1,1,2,1,0,-1.3331498040521963,-0.5033607259931753,0,67,3043,-0.6001932630434723,9
1,0,1,0,1.5322605130033284,1,2,0,0,2,2,2,2,0,2,0,1,0.37683930911874425,1.316717345603156,0,67,5115,-0.5387425960379821,6
0,0,0,0,0.8400143297628127,1,0,2,1,1,1,1,1,1,2,0,3,-1.5309036470719648,-0.5620821724607052,0,54,4116,-0.6219287898402309,8
0,1,1,0,1.2064976032430856,1,2,1,0,2,2,0,2,0,1,1,1,1.1030445981913404,1.6133246217873816,0,50,5428,-0.48337214224294583,6
0,0,1,0,1.125056875803025,1,2,1,2,2,0,0,0,2,0,1,1,0.9750862291785486,1.4100937103278195,0,62,5267,-0.4847639342408242,6
0,1,1,0,-0.38159658183809786,1,0,1,2,0,0,0,2,2,0,1,2,1.0083221691818711,0.020433694131355287,0,66,4025,-0.20731288459303518,5
0,0,0,0,1.4100994218432374,1,0,0,2,0,2,2,0,2,1,1,0,0.252204534106285,1.196384704551174,0,50,4910,-0.5396438300852899,5
0,1,1,0,1.5729808767233588,1,2,0,2,2,2,2,0,2,2,1,0,0.5961965131406728,1.5668460013113914,0,20,5089,-0.5299393693059344,7
1,0,0,0,-0.30015585439803716,1,0,2,1,1,1,1,1,1,1,0,1,-1.491020519067978,-0.7804235988827984,0,22,2130,-0.5738782105492015,8
0,0,0,0,-1.1145631287986442,1,2,0,2,0,0,0,0,0,0,1,2,-0.3643221529553466,-0.8805059439703956,0,78,2182,0.36643994088602505,3
1,0,0,0,-0.2594354906780068,1,2,0,0,0,0,0,0,0,1,1,1,-0.43910301796282214,-0.43427148093821505,0,36,3130,-0.4427272412402396,2
1,0,1,0,-1.2774445836787656,1,0,2,1,1,1,1,1,1,1,0,3,-1.4993295040688086,-0.9971105893600889,0,53,2539,0.4648521657392193,8
1,1,0,0,1.5322605130033284,0,1,0,0,2,2,0,2,0,1,1,1,-0.6883725679877406,0.3229087031331477,0,68,4022,-0.5904988406414807,4
1,0,1,1,1.6137012404433893,1,2,1,2,2,2,2,2,2,2,1,2,1.6364814352446657,2.5647797040704408,0,29,4558,-0.48258309432836655,9
0,1,1,1,-0.015113308357824713,1,2,1,0,2,0,0,2,2,0,1,2,1.1844726511994805,0.41379238436764193,0,59,4848,-0.31280418828606654,6
0,0,0,0,-0.748079855318371,1,2,0,0,2,0,0,0,0,1,1,3,-0.3493659799538514,-0.6646572010384718,0,44,4423,-0.246964412082429,3
0,0,0,0,-0.7888002190384014,1,2,1,2,0,0,0,0,0,0,1,1,0.5064594751317021,-0.551648196435483,0,78,5577,-0.006461859805967923,4
0,0,0,0,0.5549717837226001,1,2,0,2,0,2,0,2,2,2,0,3,0.47987072312904416,0.5797433392043168,0,63,2007,-0.4684274935843292,6
1,1,1,0,0.43281069256250915,1,2,1,0,2,0,2,2,0,0,1,2,0.9817334171792131,0.7382824210082755,0,63,2040,-0.4159068457447971,6
1,0,0,0,0.26992923768238775,1,0,0,0,0,0,2,0,0,2,1,0,-0.4972659129686364,-0.136142123684771,0,51,2202,-0.5188878993952358,2
1,0,0,0,1.002895784642934,0,1,0,2,0,2,0,2,2,0,1,2,-0.3659839499555126,0.4042407741796477,0,58,5594,-0.5553798244864304,5
0,0,1,0,0.8400143297628127,1,0,1,0,0,0,2,2,2,1,1,2,0.9534828681763893,1.1437515823605178,0,20,4700,-0.46321651782779777,5
1,0,1,1,-0.5851984004382496,1,0,1,2,0,2,0,2,0,0,1,3,0.7690234011579498,-0.3437848643304735,0,33,5192,-0.1312030724748391,5
0,0,1,0,1.0436161483629645,1,2,0,2,0,0,2,0,0,1,1,0,-0.12336158793125872,0.5289852444177703,0,46,4411,-0.5429946030181526,4
0,1,0,0,1.5729808767233588,1,2,1,0,0,2,0,2,2,2,0,0,1.3057838322116073,2.264951792580333,0,70,4113,-0.49594097123771924,6
0,0,0,0,0.10704778280226633,1,0,1,0,0,2,2,2,2,1,1,2,1.1462513201956595,0.5524782348339684,0,36,3244,-0.34553588001791,6
1,0,0,0,-1.1960038562387048,1,0,1,0,0,2,0,0,2,0,0,1,0.6959043331506402,-0.8925061193566978,0,33,5806,1.7948503889979235,4
1,0,0,0,0.22920887396235737,1,2,1,2,2,0,0,2,2,1,1,2,1.332372584214265,0.7092084666716095,0,35,2709,-0.3533877889214323,7
1,0,1,0,0.10704778280226633,1,2,0,2,2,2,2,0,0,2,1,1,0.14584952609565352,0.0928318110759208,0,61,3945,-0.44140021555451686,6
0,0,0,0,0.5956921474426305,1,0,0,0,0,2,2,2,2,2,0,3,0.32200000811326246,0.5429045655000436,0,55,3459,-0.4837986862133567,5
0,0,0,0,-0.748079855318371,1,0,0,0,2,0,0,0,0,0,0,2,-0.4756625519664766,-0.6680763686577307,0,48,3185,-0.2760103502915271,2
0,1,1,0,-0.5037576729981889,1,0,0,0,2,0,0,0,2,0,1,2,-0.1582593249347472,-0.4501761251542516,0,37,2399,-0.3340476290815108,3
1,0,1,0,1.369379058123207,1,2,0,2,2,0,2,2,2,2,0,2,0.6809481601491449,1.437645583595267,0,38,5012,-0.5157477208830386,7
1,0,1,0,-0.7073594915983407,1,0,2,1,1,1,1,1,1,0,1,1,-1.505976692069473,-0.8554026359012562,0,67,2483,-0.5222558905856001,8
0,0,0,0,0.3920903288424788,1,0,2,1,1,1,1,1,1,2,1,0,-1.462769970065154,-0.6332229180872208,0,57,2574,-0.6063056855811553,8
0,0,1,0,-0.62591876415828,1,2,1,2,0,0,0,0,0,0,0,2,0.46989994112804756,-0.4106461356464327,0,38,2362,-0.1590622306601583,4
1,0,0,0,0.18848851024232702,1,2,1,0,2,0,2,2,2,1,1,1,1.3207400052131024,0.6610092328130246,0,21,4812,-0.3463320954293437,7
0,0,0,0,-0.8295205827584317,1,0,0,0,2,0,0,0,0,0,1,2,-0.5105602889699654,-0.7359303015405715,0,70,5007,-0.2259443252205817,2
0,0,0,0,1.125056875803025,1,2,2,1,1,1,1,1,1,2,0,3,-1.3215172250510334,-0.34177748205077957,0,24,6355,-0.6146436363708078,9
1,0,1,1,-0.5851984004382496,0,1,0,0,0,0,0,0,0,0,0,1,-1.303237458049206,-0.7993724052372719,0,28,4134,-0.5074525698440778,1
0,0,0,0,-1.1960038562387048,1,0,1,0,0,0,0,0,0,0,1,2,0.179085466098976,-0.9201021109160067,0,26,2228,1.349129001677388,2
0,0,0,1,-0.9516816739185228,1,0,0,0,0,0,2,2,2,0,1,1,0.15415851109648415,-0.7536658548688563,0,55,5108,0.13407243521324,4
1,0,1,0,0.9621754209229036,1,2,1,2,2,2,0,0,0,1,1,2,0.9435120861753926,1.3121731615414312,0,56,4778,-0.474262959009582,6
1,0,0,0,-1.0331224013585834,1,0,1,0,0,0,0,0,0,0,1,2,0.15914390209698223,-0.7757691190914203,0,71,4704,0.33514867521668407,2
0,0,1,1,1.4915401492832983,1,0,2,1,1,1,1,1,1,2,0,0,-1.481049737066981,-0.3825427837307177,0,34,5267,-0.628547235660224,8
1,0,1,1,0.880734693482843,1,0,2,1,1,1,1,1,1,2,0,1,-1.4744025490663168,-0.5246257426703725,0,60,6393,-0.6191068094001924,8
1,0,1,0,1.2064976032430856,1,2,2,1,1,1,1,1,1,1,1,1,-1.3630621500551865,-0.367476387060048,0,66,4811,-0.6184102760220863,9
0,0,1,1,1.2064976032430856,1,2,0,0,0,0,0,2,2,0,1,1,0.18905624809997262,0.8915052486429348,0,37,5057,-0.533419968104487,4
1,0,0,0,-0.62591876415828,1,2,0,2,0,0,0,0,2,0,0,0,0.03284733008435696,-0.515537374546923,0,63,3921,-0.24282409194297425,4
1,0,0,0,-0.9516816739185228,0,1,0,0,0,0,0,0,0,0,1,3,-1.3348116010523623,-0.9219109608823243,0,49,2323,-0.37958205101081127,1
1,0,1,0,1.2879383306831464,1,0,0,2,0,2,2,2,0,2,0,3,0.14917312009598557,0.9564914925547844,0,25,4226,-0.5394817047752696,5
0,0,1,0,1.6137012404433893,1,2,2,1,1,1,1,1,1,2,0,0,-1.3331498040521963,-0.19839303350121346,0,66,5065,-0.6229176966526052,9
1,0,0,0,-0.0965540357978854,1,2,1,2,2,2,0,0,0,1,0,0,0.8521132511662559,0.23864276567786422,0,78,3171,-0.3272845680384028,6
0,0,1,0,0.6771328748826912,1,2,1,2,0,0,0,2,2,0,1,3,1.1994288242009752,1.1327881868329588,0,53,5417,-0.4303742245369842,6
1,0,1,0,1.1657772395230555,1,2,0,2,0,2,2,0,2,2,0,1,0.35191235411625243,1.0807065432905703,0,35,6466,-0.5222905644825496,6
1,0,1,1,0.5956921474426305,1,2,1,0,2,0,0,2,0,0,0,2,0.7457582431556239,0.7666504826751588,0,76,3760,-0.45334344672602106,5
1,0,0,0,-0.5037576729981889,1,0,0,2,0,2,0,0,2,0,0,1,-0.012021188920128179,-0.3887414037372452,0,80,2120,-0.310024672667971,4
0,0,1,1,1.5322605130033284,1,2,2,1,1,1,1,1,1,2,0,0,-1.33148800705203,-0.26198955121942863,0,59,5907,-0.6217463705347006,9
1,0,0,1,0.880734693482843,1,0,1,2,2,0,2,2,2,1,1,2,1.3656085242175875,1.5648386190316974,0,35,5915,-0.440974602225496,7
1,1,1,0,1.1657772395230555,1,2,1,0,2,2,2,2,0,1,1,3,1.114677177192503,1.670678401207208,0,74,5413,-0.479849714616327,7
1,0,0,0,-0.7888002190384014,1,0,2,1,1,1,1,1,1,1,0,3,-1.505976692069473,-0.8865722091013388,0,37,3799,-0.502344818046821,8
0,0,1,1,-1.1960038562387048,1,0,0,0,2,0,0,2,0,0,1,1,-0.2014660469390663,-0.9313963936325262,0,52,3654,1.0209290090844536,3
1,0,0,0,-0.30015585439803716,1,0,2,1,1,1,1,1,1,0,1,3,-1.4827115340671475,-0.7691513753122096,0,58,3848,-0.5727757584410627,8
1,0,0,0,-0.0965540357978854,1,2,0,2,0,0,0,0,2,0,1,3,-0.00869759491979612,-0.1726279510541529,0,48,5039,-0.4230769873442995,4
0,0,1,0,-0.46303730927815856,0,1,0,2,0,0,0,0,0,0,0,2,-1.2051914350394048,-0.7281213638811029,0,77,3766,-0.5131030325150746,2
1,1,1,0,-0.38159658183809786,1,0,1,0,0,0,0,2,2,0,1,2,0.8537750481664219,-0.07168529927525837,0,24,5272,-0.22952729457203289,4
0,0,1,1,0.5142514200025698,1,2,1,2,2,0,0,2,2,0,1,2,1.3423433662152622,1.0814124359603523,0,22,5915,-0.39954697936220224,7
0,0,1,1,-0.3408762181180675,1,2,1,0,2,2,0,0,0,1,0,0,0.611152686142168,-0.10883290102256137,0,53,2404,-0.2802908043433942,5
0,0,1,0,0.9621754209229036,1,2,1,0,0,2,2,2,2,2,0,0,1.2775332832087833,1.5285292648297613,0,34,4534,-0.45404746877402546,7
1,0,0,0,-1.2774445836787656,1,0,2,1,1,1,1,1,1,0,0,2,-1.505976692069473,-0.9971988259438118,0,64,5820,0.4533866638145754,8
0,1,1,0,0.9214550572028734,1,0,1,0,0,2,2,2,0,2,0,1,0.7989357471609396,1.114236445105238,0,73,4291,-0.47982329640912746,5
0,0,1,0,1.6137012404433893,1,2,0,2,0,2,2,2,2,2,1,1,0.7025515211513048,1.690178686209949,0,72,6361,-0.526717423654736,7
0,1,0,0,0.5142514200025698,0,1,0,0,0,0,0,0,2,1,0,2,-1.0157465770204666,-0.30138718585166335,0,38,5715,-0.5763898840477439,2
0,0,0,0,0.5956921474426305,1,0,2,1,1,1,1,1,1,2,0,3,-1.4827115340671475,-0.5442142642568363,0,74,2618,-0.6135021767358919,8
1,0,0,0,-1.2367242199587352,1,0,0,0,2,0,0,0,0,0,1,3,-0.4806479429669752,-0.964860118009402,0,33,5870,1.260749091008257,2
0,0,1,0,-1.2367242199587352,1,0,1,2,0,0,2,0,0,0,1,2,0.5114448661322006,-0.9199476968944916,0,26,5251,2.4015665325103353,4
0,0,1,0,-0.8295205827584317,1,0,0,0,2,0,0,0,0,0,1,2,-0.44907379996381874,-0.7357317692271953,0,57,3097,-0.20962803402012672,2
1,0,1,1,1.4915401492832983,1,0,1,0,0,0,2,2,2,2,1,1,1.0116457631822036,1.9376602444065,0,34,6166,-0.5057025721818953,5
1,1,0,1,0.9621754209229036,1,0,1,2,0,0,0,2,2,1,0,1,0.9983513871808745,1.3167394047490868,0,59,5693,-0.47094399792613245,5
0,1,0,0,-1.1552834925186746,1,2,1,2,0,0,0,0,0,0,1,2,0.5147684601325326,-0.8717925813277682,0,20,3828,1.1785796605483085,4
1,0,1,0,1.2879383306831464,1,2,0,0,2,2,2,2,0,2,1,0,0.37683930911874425,1.1201924145065276,0,26,4222,-0.5273988296700678,6
1,0,1,1,1.2064976032430856,1,2,1,2,2,2,2,2,2,2,0,0,1.6879971422498155,2.152670739793057,0,25,6349,-0.4513415336915594,9
1,0,1,1,1.247217966963116,1,2,2,1,1,1,1,1,1,2,0,1,-1.3331498040521963,-0.3111373283530338,0,40,4392,-0.6174733011004171,9
0,0,0,0,0.8400143297628127,0,1,0,2,2,2,2,2,0,1,1,2,-0.3709693409560109,0.2644740255627167,0,28,5183,-0.5478276755494762,6
1,0,1,1,-1.1145631287986442,1,0,2,1,1,1,1,1,1,0,0,3,-1.505976692069473,-0.967816043564116,0,79,4573,-0.289960044299844,8
1,1,1,0,0.6771328748826912,1,2,1,2,2,2,0,0,0,0,1,2,0.7789941831589463,0.8292984571183538,0,24,5987,-0.4593819444063335,6
0,0,1,1,1.2064976032430856,1,2,1,2,0,0,0,2,2,2,1,0,1.2093996062019723,1.9229467940707217,0,36,5735,-0.47754839523360276,6
0,0,1,0,0.9214550572028734,1,0,0,2,2,0,2,0,0,2,0,3,-0.26461433294537917,0.36720346816199834,0,33,4702,-0.5453404502642359,4
0,1,1,0,1.5729808767233588,1,0,1,2,2,2,2,2,0,2,1,2,1.1512367111961581,2.1567296226443067,0,29,4964,-0.5033457745640518,7
0,0,1,1,1.6137012404433893,1,0,2,1,1,1,1,1,1,2,1,1,-1.4843733310673135,-0.42066098789897166,0,41,4603,-0.6300640026467326,8
1,0,1,0,0.14776814652229667,0,1,0,2,0,2,2,2,2,1,0,1,-0.1349941669324214,-0.019934542921830258,0,69,3671,-0.4735371911068129,6
1,0,1,0,-0.30015585439803716,1,0,2,1,1,1,1,1,1,1,1,0,-1.4561227820644893,-0.7873281115591083,0,77,5682,-0.5692479116950183,8
0,1,1,0,1.6137012404433893,1,2,1,2,2,2,2,2,2,2,1,0,1.6647319842474897,2.6639576241748797,0,26,4796,-0.48124807013166143,9
0,0,0,0,0.14776814652229667,1,0,2,1,1,1,1,1,1,1,1,0,-1.5126238800701375,-0.7058636856370241,0,79,4904,-0.6019818005058654,8
1,0,0,0,-1.2774445836787656,1,0,0,0,0,0,0,2,2,0,1,3,-0.0651986929254444,-0.9780735464218926,0,36,2438,2.9385342059811626,3
0,0,1,0,1.6137012404433893,1,2,1,2,0,2,0,2,2,2,1,2,1.3539759452164248,2.3225041043135355,0,62,5551,-0.4959333362954178,7
1,0,1,1,1.0843365120829946,1,0,2,1,1,1,1,1,1,2,0,3,-1.4926823160681442,-0.4815442306677105,0,59,6144,-0.6237016961563564,8
0,0,0,0,-1.2774445836787656,1,0,0,0,0,2,2,2,2,1,0,1,0.31036742911209936,-0.973088179441554,0,23,2900,3.5863350647235483,5
0,0,1,1,-0.0965540357978854,1,2,1,0,2,2,2,2,2,0,1,2,1.42044782522307,0.424755779895201,0,51,3094,-0.26403938000246335,8
1,0,0,0,1.2879383306831464,1,0,2,1,1,1,1,1,1,2,0,3,-1.502653098069141,-0.4586468371916413,0,27,6036,-0.6271486964144706,8
1,0,0,0,1.247217966963116,1,2,0,2,2,2,2,0,0,1,0,0,0.1342169470944904,0.8080775587330182,0,40,5082,-0.5383792526671307,6
1,1,1,0,1.6137012404433893,1,2,0,2,2,2,0,2,2,2,0,1,0.6543594081464871,1.597133208674246,0,25,5856,-0.5289948178726447,7
0,0,0,0,1.2064976032430856,1,2,0,0,2,2,2,2,2,2,0,0,0.6560212051466532,1.2853712992356277,0,61,5466,-0.5078500788915905,7
1,0,1,1,1.4100994218432374,1,2,1,0,2,2,2,2,2,2,1,0,1.5434208032353631,2.31668048978783,0,71,6060,-0.4741387198246401,8
0,0,1,0,1.5322605130033284,1,2,0,2,0,0,2,2,2,2,1,0,0.5264010391336954,1.4031671385055788,0,68,5880,-0.5314757286209543,6
0,1,0,0,-0.5037576729981889,1,0,1,0,0,0,0,2,0,0,0,0,0.5297246331340278,-0.29362236648405604,0,73,3111,-0.2210305386814485,3
0,0,0,0,-1.1145631287986442,1,2,1,0,0,0,0,0,0,0,0,2,0.36022133911708304,-0.8282037089687,0,27,3469,0.7830198441480903,3
0,0,1,0,-0.3408762181180675,0,1,0,2,2,2,0,2,2,1,0,2,-0.23802558094272108,-0.4023518967764886,0,70,5623,-0.39746823401325587,6
1,0,1,0,1.6137012404433893,1,2,1,0,2,2,2,2,2,2,1,1,1.5234792392333694,2.507006800877931,0,64,5444,-0.48792319111518706,8
0,0,1,0,1.369379058123207,1,0,0,2,2,0,2,0,0,2,1,1,-0.21808401694072754,0.6754800325435655,0,79,5313,-0.5620375458176088,4
0,0,1,0,0.5142514200025698,1,0,0,2,0,2,2,2,2,2,1,3,0.5396954151350245,0.5531841275037508,0,56,2934,-0.45974086446658324,6
0,0,1,1,1.4915401492832983,1,0,2,1,1,1,1,1,1,2,0,0,-1.4976677070686424,-0.389491414698889,0,76,4131,-0.6293662000834128,8
0,0,0,0,-0.1779947632379461,1,0,0,0,0,2,0,2,0,0,1,0,-0.1732154979362424,-0.2793942173587529,0,37,3354,-0.42619524676651915,3
0,0,0,0,0.14776814652229667,1,0,0,2,2,2,2,0,2,1,1,3,0.358559542116917,0.17665656561259024,0,22,3235,-0.427520244193039,6
1,0,1,0,0.3920903288424788,0,1,0,0,2,2,0,0,2,1,1,1,-0.6534748309842519,-0.10177397432473648,0,71,3844,-0.5413789479381131,4
1,0,0,0,0.6364125111626608,1,2,0,2,0,0,2,0,2,1,1,0,0.20567421810163386,0.595361214523254,0,56,2667,-0.4956176102849125,5
0,0,1,1,-0.8702409464784621,1,0,2,1,1,1,1,1,1,2,0,1,-1.4577845790646555,-0.9165285292752327,0,63,5359,-0.4619425731695041,8
1,0,0,0,-1.0331224013585834,1,0,2,1,1,1,1,1,1,0,1,3,-1.4893587220678117,-0.9407053532152827,0,38,3331,-0.37571244411124394,8
0,0,0,0,-1.1960038562387048,1,2,2,1,1,1,1,1,1,0,0,3,-1.3348116010523623,-0.9676836886885318,0,56,5756,0.043494970008552396,9
1,0,0,0,-0.9924020376385531,1,0,0,2,0,2,0,0,2,0,1,2,0.06442147308751339,-0.7503349238333202,0,35,4490,0.18808768872489617,4
1,0,1,1,-0.015113308357824713,1,0,1,2,2,2,0,0,2,1,0,3,0.9983513871808745,0.3758065350749723,0,52,5288,-0.33226079761273514,6
1,0,1,0,1.125056875803025,1,0,0,2,2,2,2,0,0,1,1,0,0.03617092408468901,0.7273190254807164,0,48,4053,-0.537862365285282,5
0,0,1,0,-0.9109613101984924,1,0,2,1,1,1,1,1,1,0,1,0,-1.4893587220678117,-0.9229477407410672,0,54,3831,-0.45369088617828296,8
0,0,1,0,1.5729808767233588,1,2,2,1,1,1,1,1,1,2,1,0,-1.3331498040521963,-0.25129086544303797,0,42,4015,-0.6223799785733767,9
0,0,1,0,0.43281069256250915,0,1,0,2,2,0,2,2,0,1,1,0,-0.44907379996381874,-0.056530666020865795,0,43,5656,-0.5280863588938707,5
0,0,1,0,-0.38159658183809786,1,0,0,0,0,2,2,0,0,0,0,2,-0.3493659799538514,-0.46685283947786266,0,49,5140,-0.4024652819354133,3
0,0,1,0,1.6137012404433893,1,0,2,1,1,1,1,1,1,2,0,0,-1.5076384890696393,-0.34557165515086036,0,79,5398,-0.6311634343381368,8
1,0,1,0,-0.4223169455581282,1,0,0,2,0,0,2,0,0,1,1,1,-0.28289409994720643,-0.43568326627778003,0,28,3733,-0.38122710128695586,3
0,0,0,0,-1.2774445836787656,0,1,0,0,0,0,0,0,0,0,1,3,-1.3165318340505352,-0.9946840833077116,0,45,3513,0.7801534686669294,1
1,0,0,0,1.4915401492832983,1,2,2,1,1,1,1,1,1,2,0,0,-1.3564149620545218,-0.24998937583312658,0,31,6059,-0.6224050024863075,9
1,0,0,0,0.7178532386027215,0,1,0,2,0,0,2,0,0,1,1,3,-0.9758634490164798,-0.23419502734674352,0,36,5052,-0.5820493261742307,3
0,0,1,0,-0.7073594915983407,1,0,1,0,2,0,0,0,0,0,0,0,0.35191235411625243,-0.5140594117695659,0,67,4891,-0.12167991709335033,3
1,0,0,0,-0.055833672077855064,1,0,2,1,1,1,1,1,1,2,0,0,-1.4744025490663168,-0.7370553179830374,0,29,5363,-0.5885408235874482,8
0,0,1,0,-1.318164947398796,0,1,0,2,2,2,2,2,0,2,0,1,-0.28954128794787104,-1.005779833710855,0,30,4740,5.764780430405908,6
0,0,0,0,-0.9924020376385531,1,0,2,1,1,1,1,1,1,2,0,3,-1.4876969250676457,-0.9433083324351056,0,71,3087,-0.4068444666982981,8
1,0,1,0,1.2879383306831464,1,0,0,2,0,2,0,2,2,1,1,1,0.27546969210861083,1.0627724576489088,0,28,4515,-0.5327787959577853,5
0,0,1,0,-0.1779947632379461,1,0,2,1,1,1,1,1,1,0,0,3,-1.4710789550659844,-0.7573717913852144,0,41,5145,-0.5805841606138806,8
0,0,1,0,1.002895784642934,1,2,1,0,0,2,0,2,2,1,1,1,1.1961052302006432,1.6346999341942323,0,31,6354,-0.4624697226832808,6
1,0,0,0,-0.5444780367182193,1,0,2,1,1,1,1,1,1,2,1,3,-1.4893587220678117,-0.8409980136085075,0,50,2831,-0.5472650166587298,8
0,0,1,0,0.758573602322752,0,1,0,0,2,0,0,2,2,0,1,2,-0.5022513039691348,0.12071457153232866,0,30,5528,-0.5521599040188663,4
0,0,1,0,1.4100994218432374,1,2,0,2,2,2,0,0,0,2,0,3,0.0295237360840249,0.9013877460198897,0,20,5441,-0.5509407216875127,5
1,0,1,1,-0.8702409464784621,1,0,2,1,1,1,1,1,1,0,1,2,-1.4727407520661506,-0.8951311577224513,0,28,2606,-0.4662421363912455,8
1,0,1,0,1.6137012404433893,0,1,0,2,0,2,2,2,2,2,0,0,-0.12668518193159078,1.0011833222103876,0,21,4147,-0.5659043103697863,6
1,0,1,0,1.369379058123207,1,0,2,1,1,1,1,1,1,1,1,2,-1.4760643460664828,-0.4059916558550545,0,22,4845,-0.6268090753471275,8
0,0,0,0,-0.9516816739185228,1,0,2,1,1,1,1,1,1,0,1,2,-1.504314895069307,-0.9268742687167323,0,64,4283,-0.43805611082649565,8
0,0,0,0,-0.9516816739185228,1,2,1,0,0,0,0,0,0,0,1,1,0.3469269631157543,-0.7261360407473397,0,68,5841,0.20057234637617521,3
1,0,1,0,0.6364125111626608,1,2,1,2,2,2,0,2,2,0,1,0,1.5517297882361936,1.3391514970146805,0,74,2319,-0.4008517270302019,8
1,0,0,0,-0.9109613101984924,1,0,1,0,0,0,0,0,0,0,0,3,0.179085466098976,-0.6812897970702215,0,78,3963,0.06955292892819788,2
0,0,1,0,1.6137012404433893,1,2,0,2,2,2,2,2,2,2,0,0,0.9052907551715716,1.850614854563948,0,42,6434,-0.5171366617724992,8
0,0,1,0,0.758573602322752,1,0,0,2,2,2,2,2,2,2,0,1,0.6892571451499756,0.9451089732545418,0,43,6261,-0.473114087865311,7
1,1,1,0,1.1657772395230555,1,2,1,0,2,0,0,0,0,0,1,2,0.5779167461388456,1.1581562046532667,0,33,4250,-0.5097154978555207,4
1,0,0,0,0.880734693482843,1,0,1,2,0,2,2,0,0,1,0,2,0.6526976111463211,0.9725064325004744,0,31,4154,-0.4856900597316075,5
0,0,0,0,0.025607055362205634,1,2,0,2,2,0,0,0,0,0,1,3,-0.12834697893175703,-0.10847995468767015,0,36,3009,-0.4562660256479891,4
0,0,0,0,-0.21871512695797646,1,0,2,1,1,1,1,1,1,2,1,0,-1.479387940066815,-0.7683351869127735,0,79,5250,-0.578713250509182,8
1,0,0,0,-0.38159658183809786,1,0,1,0,2,0,0,2,2,0,0,3,1.0149693571825356,-0.038309811482105466,0,68,5029,-0.20635742609931484,5
1,0,0,1,-1.2774445836787656,1,0,2,1,1,1,1,1,1,0,0,3,-1.4926823160681442,-0.9970223527763662,0,75,4840,0.47631766766386346,8
1,0,1,0,0.5142514200025698,1,0,0,2,2,2,2,2,2,2,1,3,0.6510358141461546,0.6963259254480794,0,35,3403,-0.4513909880649404,7
0,0,1,1,0.26992923768238775,1,0,2,1,1,1,1,1,1,2,1,0,-1.4926823160681442,-0.6286566748795653,0,72,3032,-0.6047358450560079,8
1,0,1,0,1.6137012404433893,1,2,0,2,2,2,2,2,0,2,0,0,0.5829021371393436,1.5597650154676357,0,60,4162,-0.5323716437819577,7
0,0,1,1,1.0436161483629645,1,2,0,0,2,0,0,2,0,0,1,0,0.06774506708784545,0.7458928263543678,0,70,6433,-0.5318205969051522,4
0,0,0,0,1.5322605130033284,0,1,0,2,2,2,2,0,0,2,1,0,-0.6700928009859131,0.343423708848701,0,26,4442,-0.5896106679571772,5
1,0,1,1,1.1657772395230555,1,0,1,0,2,0,2,2,2,1,1,0,1.1196625681930017,1.705377437756203,0,64,4000,-0.4795723234407308,6
1,0,0,0,-1.2367242199587352,1,0,1,0,0,0,0,0,0,0,0,3,0.19736523310080326,-0.9487790006259199,0,38,2388,2.0404032218840493,2
0,0,1,0,0.5549717837226001,1,2,2,1,1,1,1,1,1,1,0,3,-1.3231790220511994,-0.49140466889873446,0,58,3979,-0.6007686594166564,9
0,0,0,0,0.6364125111626608,1,0,1,2,0,2,2,2,2,2,1,1,1.2542681252064576,1.157891494902098,0,75,3262,-0.42179381728031695,7
1,0,0,0,1.2879383306831464,1,2,0,0,2,2,2,2,2,2,0,1,0.7241548821534641,1.4792050145287106,0,57,4934,-0.5089658304219863,7
1,0,1,1,1.6137012404433893,1,2,2,1,1,1,1,1,1,2,0,0,-1.3447823830533592,-0.2808060026983179,0,43,5160,-0.6234674124983072,9
0,0,1,1,-0.8295205827584317,1,0,0,0,0,2,0,2,0,0,1,1,-0.2130986259402292,-0.6790618233312206,0,29,5068,-0.14700875427784027,3
0,0,1,0,1.6137012404433893,1,0,0,2,2,2,0,0,2,2,0,1,0.13255515009432434,1.1508105090583425,0,52,4505,-0.5536535000941394,5
1,0,1,0,-0.13727439951791576,1,2,1,0,2,2,0,0,0,0,1,2,0.6992279271509723,0.07081678343707967,0,70,2568,-0.3337200433122353,5
1,0,1,0,0.025607055362205634,1,0,2,1,1,1,1,1,1,1,0,1,-1.4843733310673135,-0.7320037735649065,0,59,3636,-0.5938520487437171,8
0,0,0,0,-1.2774445836787656,1,0,2,1,1,1,1,1,1,0,0,3,-1.4760643460664828,-0.9968017613170591,0,72,5774,0.5049814224754735,8
0,0,1,1,1.2064976032430856,1,2,1,0,2,2,2,2,2,1,1,2,1.5301264272340338,2.012330453381928,0,49,4306,-0.45998615815855287,8
0,0,0,0,-1.1552834925186746,1,0,1,0,0,2,0,0,2,0,1,1,0.6011819041411709,-0.8647777729218048,0,80,3154,1.2382002705564572,4
0,0,0,0,-0.3408762181180675,1,2,1,2,0,0,2,0,0,0,1,2,0.6510358141461546,-0.1507452782908961,0,31,2198,-0.27478736341956517,5
0,0,1,0,-0.748079855318371,1,0,2,1,1,1,1,1,1,1,0,3,-1.502653098069141,-0.8758514641790174,0,47,5620,-0.5121996899391935,8
1,0,0,1,-1.1960038562387048,1,0,2,1,1,1,1,1,1,0,0,3,-1.4893587220678117,-0.9800588695556558,0,77,4430,-0.08979148986543418,8
1,0,0,0,-0.9924020376385531,1,0,0,0,0,0,0,2,2,0,1,2,0.04946530008601819,-0.7646954278342075,0,60,3026,0.1823549377625741,3
0,0,0,0,0.10704778280226633,1,2,2,1,1,1,1,1,1,2,0,0,-1.3780183230566818,-0.6541129292835961,0,78,2416,-0.5874261220114412,9
1,0,0,1,1.369379058123207,1,2,2,1,1,1,1,1,1,2,1,1,-1.3115464430500368,-0.26732786453465873,0,56,6019,-0.6183382940744427,9
1,0,0,0,-0.9924020376385531,0,1,0,2,0,0,2,0,2,2,1,3,-0.6717545979860794,-0.8542555603128597,0,66,5489,-0.09409105308717575,4
0,0,1,0,1.5729808767233588,1,2,1,2,0,2,0,2,2,1,1,1,1.3074456292117733,2.2643782547861346,0,45,4695,-0.4958613496965759,7
0,0,1,1,0.43281069256250915,1,2,1,0,0,2,0,0,2,0,1,0,0.9235705221733989,0.7761579745712915,0,37,3853,-0.420466988555735,5
1,1,0,0,-0.13727439951791576,1,0,1,0,2,2,0,2,2,0,1,0,1.219370388202969,0.2950921201145318,0,76,5285,-0.2739083416053424,6
1,0,1,1,1.3286586944031769,1,2,1,2,2,2,2,0,0,2,0,1,0.9900424021800438,1.6760608328142994,0,36,4603,-0.49738139730022185,7
1,0,0,0,0.10704778280226633,1,2,1,0,0,2,2,2,0,0,0,2,1.0216165451832002,0.5022716186956895,0,27,3715,-0.3574791111894142,6
1,0,0,0,1.2879383306831464,1,0,1,2,2,0,0,2,2,1,1,1,1.1811490571991479,1.9077039242326062,0,77,4986,-0.4847118840429317,6
0,0,1,0,1.0436161483629645,0,1,0,0,0,2,2,2,2,2,1,1,-0.3078210549496983,0.3914023512479789,0,69,4080,-0.5537799480489619,5
0,1,0,0,-0.5851984004382496,1,0,0,0,2,0,0,0,0,0,1,1,-0.49560411596847015,-0.6238257219207415,0,71,3283,-0.3608148347025782,2
1,0,1,1,1.4100994218432374,1,2,1,0,2,0,0,0,2,0,1,0,0.8238627021634315,1.805923024908345,0,45,6111,-0.5106428546288375,5
1,0,1,1,1.247217966963116,1,0,2,1,1,1,1,1,1,2,1,3,-1.51594747407047,-0.48648547935618786,0,38,6373,-0.6273264668169081,8
0,0,1,0,1.125056875803025,1,2,1,0,2,0,0,2,2,0,1,2,1.1645310871974868,1.6350308213831928,0,38,6213,-0.47405026850796006,6
0,0,1,1,1.5322605130033284,1,2,1,2,2,2,2,2,2,2,1,1,1.6049072922415093,2.4659106120090324,0,54,4203,-0.47907354024705306,9
0,0,0,0,0.6364125111626608,1,0,2,1,1,1,1,1,1,1,0,3,-1.4893587220678117,-0.5925237938450747,0,21,3396,-0.6149524262352888,8
1,0,1,0,-0.8295205827584317,1,0,0,0,0,2,2,2,2,0,1,2,0.31202922611226586,-0.6786868178503985,0,52,5426,-0.0076588078090900945,5
1,1,1,0,1.5729808767233588,1,2,1,2,2,2,2,0,0,1,1,2,0.9052907551715716,1.8994979219463848,0,66,4322,-0.5151297626532693,7
1,1,0,0,0.47353105628253944,1,0,1,0,0,2,0,0,0,0,0,2,0.3020584441112687,0.3717697113696537,0,48,4374,-0.4734717723270627,3
1,0,1,1,0.5142514200025698,1,2,2,1,1,1,1,1,1,2,0,3,-1.3397969920528607,-0.5256625225291155,0,57,3586,-0.6006917631271524,9
0,0,0,0,-0.38159658183809786,1,2,2,1,1,1,1,1,1,1,0,1,-1.328164413051698,-0.7342979247416996,0,46,4402,-0.5431565451357324,9
0,0,1,0,0.43281069256250915,1,2,0,0,0,0,2,2,0,1,1,0,0.0029349840813665527,0.2772683302025241,0,72,4000,-0.49264753476315293,4
1,0,0,0,0.10704778280226633,1,0,2,1,1,1,1,1,1,0,0,0,-1.462769970065154,-0.6793485922283197,0,75,5876,-0.5955475192080639,8
1,0,1,0,-0.9516816739185228,1,0,0,2,2,0,2,2,0,0,1,3,0.13920233809498894,-0.7437833574919017,0,29,2452,0.12891295934715022,5
0,1,1,0,1.3286586944031769,1,2,1,2,2,2,0,2,2,0,1,1,1.4835961112293827,2.182847651426258,0,39,4452,-0.4715840179697728,8
1,0,0,0,-0.21871512695797646,1,2,0,0,0,0,0,0,0,0,0,3,-0.5238546649712943,-0.436058271758602,0,51,5428,-0.4609871146757837,2
0,0,0,0,0.3106496014024181,1,0,0,0,0,2,0,0,0,1,1,3,-0.4823097399671412,-0.11302413874939483,0,25,2449,-0.5211110881830632,2
1,0,1,0,-0.9924020376385531,1,0,2,1,1,1,1,1,1,1,0,1,-1.491020519067978,-0.9378597233902222,0,29,3152,-0.40811841135659194,8
0,1,1,0,1.0436161483629645,1,2,1,0,2,0,0,2,2,1,1,0,1.0980592071908417,1.4025494824195195,0,23,6019,-0.47157812916549724,6
0,0,1,1,0.7992939660427822,1,0,1,2,0,2,0,2,2,1,0,2,1.1811490571991479,1.3079819238145978,0,29,4811,-0.4446541826887908,6
1,0,1,0,-1.1960038562387048,1,0,0,0,0,2,2,0,0,0,1,3,-0.29785027294870164,-0.9375950136390536,0,48,2662,0.9378041201307844,3
1,0,0,1,0.35136996512244845,1,0,1,2,2,2,2,2,2,2,1,2,1.541759006235197,0.9826977579204588,0,32,5038,-0.3582070795655821,8
1,0,0,0,-0.5037576729981889,1,2,1,0,0,0,2,2,2,0,1,3,1.1229861621933337,-0.10931820223303679,0,42,3300,-0.1235737723219745,6
1,0,0,1,-1.2774445836787656,1,2,0,0,0,0,0,0,0,0,1,2,-0.4889569279678058,-0.9836986286342218,0,61,5523,2.207608458285107,2
1,0,0,0,-0.38159658183809786,1,0,2,1,1,1,1,1,1,0,0,2,-1.4594463760648215,-0.7967032485796568,0,53,4263,-0.562026850386709,8
0,1,0,0,-1.0738427650786138,1,0,2,1,1,1,1,1,1,0,0,0,-1.504314895069307,-0.9586614980028745,0,77,3288,-0.3422372733133994,8
1,0,1,1,-0.9924020376385531,1,0,2,1,1,1,1,1,1,0,1,3,-1.5093002860698053,-0.9384553203303511,0,58,5416,-0.41512510697720767,8
1,0,0,0,-0.5851984004382496,1,2,0,2,0,2,0,2,0,0,0,3,0.1574821050968162,-0.4766250411251638,0,24,4466,-0.24223740690297052,5
1,1,0,0,0.7992939660427822,0,1,0,2,0,0,0,2,2,0,1,1,-0.5305018529719588,0.12146458249397266,0,67,4865,-0.5560642485603317,4
1,0,0,0,-0.055833672077855064,1,0,1,0,2,0,0,2,2,0,1,2,0.9883806051798778,0.3085923174241217,0,42,3949,-0.32304279464491054,5
1,0,1,1,-0.13727439951791576,1,0,2,1,1,1,1,1,1,0,1,3,-1.4660935640654862,-0.7168711994564446,0,72,4667,-0.5827125267757541,8
0,0,1,0,0.14776814652229667,1,2,1,2,2,2,2,0,2,2,1,1,1.3722557122182522,0.685891949422857,0,25,4505,-0.333007322922325,8
1,0,1,0,0.3920903288424788,1,2,1,0,0,2,2,2,2,1,1,2,1.4470365772257276,1.0175512084909688,0,63,5106,-0.3728627336038106,7
0,0,0,0,1.125056875803025,1,0,1,0,2,2,0,2,2,2,1,2,1.1595456961969886,1.6153099449211448,0,41,4616,-0.47433220707987744,6
1,0,1,0,-0.4223169455581282,1,2,1,2,0,0,2,2,0,0,0,1,1.0349109211845293,-0.019758069754384797,0,56,3207,-0.18357181810776688,6
1,0,1,0,0.14776814652229667,1,0,2,1,1,1,1,1,1,1,0,3,-1.4876969250676457,-0.7116211227249374,0,60,4175,-0.599657712277897,8
1,0,0,0,-0.9516816739185228,1,0,0,2,0,0,2,0,2,0,0,3,0.006258578081699082,-0.7640998308940786,0,66,3013,0.08305095164857416,4
1,0,1,1,-1.2774445836787656,1,0,1,0,2,0,0,0,0,0,0,1,0.32698539911376057,-0.9728675879822469,0,22,5494,3.6149988195351583,3
1,0,1,1,-0.8295205827584317,1,0,0,2,0,0,0,0,0,0,1,2,-0.5172074769706297,-0.7537982097444406,0,37,3582,-0.22770824859360378,2
0,0,0,0,-0.38159658183809786,1,2,0,0,0,0,2,2,2,1,1,3,0.29873485011093664,-0.23079791887341541,0,28,3483,-0.3093080787976808,5
1,0,0,0,1.2064976032430856,1,2,1,2,2,0,0,0,2,1,1,0,0.9152615371725683,1.52283800517964,0,58,6468,-0.49365469555631697,6
0,0,0,0,-0.9924020376385531,1,0,2,1,1,1,1,1,1,0,0,3,-1.5142856770703037,-0.9365802929262413,0,42,2879,-0.41703602396464834,8
1,0,1,0,-0.055833672077855064,1,2,1,0,0,2,0,2,0,0,0,1,0.7939503561604415,0.17800217351436295,0,48,4821,-0.34400316535090036,5
1,0,1,1,0.5142514200025698,1,2,1,0,2,2,0,0,2,0,1,0,1.0365727181846955,0.9604180205304492,0,63,5322,-0.42247798321149027,6
0,1,1,0,1.4915401492832983,1,2,1,0,2,0,2,2,2,2,0,1,1.3506523512160928,2.082037354522948,0,45,5467,-0.4889956979488427,7
1,0,0,0,-1.2367242199587352,1,0,2,1,1,1,1,1,1,0,0,3,-1.479387940066815,-0.9895443023058579,0,59,5736,0.11228798155641635,8
0,0,0,0,0.47353105628253944,0,1,0,0,0,2,0,2,2,1,1,2,-0.5221928679711283,-0.006500523050032526,0,68,3910,-0.5366594273784341,4
1,0,0,0,0.26992923768238775,0,1,0,0,0,2,2,0,0,1,0,3,-0.9708780580159815,-0.42820521580727183,0,76,3752,-0.5597337500017802,3
1,0,1,0,1.6137012404433893,0,1,0,2,2,2,2,2,2,2,1,1,0.011243969082197169,1.0917361162559214,0,30,4969,-0.5593862510564613,7
0,1,0,0,-0.7888002190384014,1,0,1,0,0,2,0,2,2,0,1,2,1.0664850641876853,-0.46067627861726596,0,28,3098,0.1315336455013545,5
0,0,1,0,0.758573602322752,1,0,0,2,2,0,2,0,2,1,1,1,0.1657910900976468,0.5659343138516969,0,50,5628,-0.5078413292716847,5
0,1,1,0,1.5729808767233588,1,0,1,0,2,2,0,2,2,2,1,2,1.1445895231954935,2.1768034454412457,0,23,4951,-0.5036642607286252,6
0,0,0,0,0.9621754209229036,1,2,1,0,2,2,0,2,2,1,1,2,1.397182667220744,1.6035524201400801,0,49,6161,-0.4468060991374082,7
1,0,0,0,-1.2774445836787656,1,0,0,2,0,0,0,0,0,0,0,3,-0.44907379996381874,-0.983169209131885,0,57,4483,2.2764014698329715,2
0,0,1,0,-0.38159658183809786,1,0,0,2,2,0,2,0,0,1,1,3,-0.23304018994222275,-0.43980832656682145,0,22,3794,-0.3857447582953074,4
0,1,1,0,1.369379058123207,1,2,0,0,2,2,0,2,0,1,1,0,0.20235062410130134,1.0849198401633344,0,37,5572,-0.5403899936763034,5
0,0,0,0,-1.2774445836787656,1,0,2,1,1,1,1,1,1,0,0,3,-1.502653098069141,-0.9971547076519502,0,31,5750,0.45911941477689744,8
1,0,0,0,-0.8702409464784621,1,0,1,2,0,2,0,0,0,0,1,0,0.4898415051300408,-0.6547526445155863,0,57,2278,0.09795610415061136,4
0,0,1,1,0.7992939660427822,1,2,1,2,2,2,0,0,2,0,0,0,1.109691786192005,1.1972229520965405,0,48,5123,-0.4493052825261464,7
1,0,0,0,-1.1960038562387048,1,0,2,1,1,1,1,1,1,0,1,2,-1.479387940066815,-0.9786691433620217,0,42,4050,-0.08119236342195116,8
0,0,1,1,0.758573602322752,1,0,1,2,2,0,0,0,0,0,1,0,0.47820892612887816,0.7671357838856343,0,64,6321,-0.4871152296386744,4
1,1,1,0,1.2879383306831464,1,2,1,0,2,2,0,0,2,0,1,2,0.9800716201790471,1.6772299675486264,0,63,6020,-0.4953836204497157,6
0,0,0,0,0.18848851024232702,0,1,0,0,0,2,0,0,2,0,1,1,-0.8163309370005319,-0.3533364745184677,0,20,5924,-0.5403404569437145,3
1,0,0,0,-0.7888002190384014,1,0,2,1,1,1,1,1,1,2,0,3,-1.4893587220678117,-0.8982856155905418,0,63,2884,-0.4982499959308767,8
1,0,1,0,0.6771328748826912,1,2,0,2,0,0,0,0,0,1,1,2,-0.31280644595019663,0.156273914772621,0,26,5601,-0.5347102920512445,3
0,1,0,0,0.5142514200025698,1,2,1,0,0,2,0,2,2,1,1,0,1.2426355462052947,1.0833756999481852,0,69,5391,-0.4070244806174048,6
0,0,0,0,-0.5851984004382496,1,0,1,0,0,0,0,0,0,0,1,2,0.21065960910213194,-0.45529384701017456,0,28,4911,-0.23258224738748084,2
1,0,1,0,1.4508197855632678,0,1,0,2,0,2,0,2,2,2,1,0,-0.3543513709543497,0.6682887509701564,0,30,4601,-0.5717372166000624,5
1,0,0,0,0.880734693482843,1,0,2,1,1,1,1,1,1,2,0,1,-1.4993295040688086,-0.5607586237048631,0,70,5708,-0.6206702869353711,8
0,1,1,1,-0.38159658183809786,1,0,1,0,2,2,0,0,2,0,1,0,0.787303168159777,-0.06581756645769142,0,70,3937,-0.23908187950923623,5
1,0,1,0,1.5729808767233588,1,2,0,2,2,2,2,0,2,2,0,1,0.5197538511330312,1.5209409186295995,0,20,5228,-0.533601960198529,7
0,0,1,1,1.4100994218432374,1,0,2,1,1,1,1,1,1,2,1,0,-1.5126238800701375,-0.4000798047456262,0,61,5154,-0.629175911290966,8
0,0,1,1,-0.748079855318371,1,2,1,0,0,0,0,2,0,0,1,2,0.6659919871476498,-0.4746397179914006,0,80,2452,-0.013450356217179521,4
0,0,0,1,1.247217966963116,1,0,2,1,1,1,1,1,1,2,0,1,-1.504314895069307,-0.4696984693029233,0,44,4370,-0.626699447180404,8
0,0,0,0,0.35136996512244845,1,2,0,0,0,2,2,0,2,1,1,2,0.12756975909382579,0.2635254822876967,0,34,4572,-0.4743635335878684,5
0,0,1,0,-0.62591876415828,1,2,1,0,0,0,0,2,2,0,0,2,0.925232319173565,-0.30884317717624077,0,32,4756,-0.0717970215670346,5
1,0,1,0,0.9621754209229036,1,2,1,2,0,0,0,2,2,1,1,2,1.1894580421999785,1.4273219032996982,0,61,4847,-0.45937792142320205,6
0,0,0,0,-1.1145631287986442,1,0,2,1,1,1,1,1,1,0,0,1,-1.4694171580658184,-0.9633821552320448,0,23,5967,-0.26893995743799665,8
0,0,1,0,-1.1960038562387048,1,0,2,1,1,1,1,1,1,0,1,3,-1.5009913010689746,-0.9814044774574288,0,29,2941,-0.09982380404949762,8
1,0,0,0,0.18848851024232702,1,2,0,2,2,2,2,0,0,1,0,2,0.08934842809000525,0.0721623913388526,0,37,5042,-0.45812073919462265,6
1,0,0,0,-0.9924020376385531,1,0,0,0,0,0,0,0,0,0,0,3,-0.7049905379894018,-0.8578070828077027,0,60,3266,-0.10683049967011347,1
0,0,0,0,1.247217966963116,1,2,1,0,2,2,2,2,2,0,1,1,1.4985522842308774,2.083802086197404,0,66,5775,-0.46483880672859373,8
0,0,1,1,-1.0331224013585834,1,0,2,1,1,1,1,1,1,0,0,3,-1.4660935640654862,-0.9356538087971519,0,74,4058,-0.36568012992718046,8
0,0,0,0,-1.1960038562387048,1,0,1,0,2,0,0,2,2,0,0,2,1.0182929511828682,-0.8764470611191463,0,70,2813,2.0728888106705408,5
1,0,1,1,1.6137012404433893,1,0,2,1,1,1,1,1,1,2,0,0,-1.4544609850643233,-0.3467628490311183,0,71,4974,-0.6286504476149272,8
0,0,0,0,-0.5444780367182193,1,0,0,0,0,0,0,0,2,0,1,2,-0.2845558969473725,-0.5233904304982531,0,38,3384,-0.33945279427455727,2
0,0,1,0,1.0843365120829946,1,0,2,1,1,1,1,1,1,2,0,0,-1.5408744290729617,-0.5390744832549826,0,20,4375,-0.6264725257881455,8
0,0,1,1,0.10704778280226633,1,2,2,1,1,1,1,1,1,0,1,2,-1.2965902700485417,-0.6164138488880255,0,49,4194,-0.5796232109793917,9
1,0,0,0,-0.748079855318371,1,0,2,1,1,1,1,1,1,0,0,1,-1.5009913010689746,-0.8732484849591945,0,40,2847,-0.5118175065417054,8
0,0,1,1,1.4915401492832983,1,0,2,1,1,1,1,1,1,2,0,1,-1.4943441130683104,-0.3718220388083963,0,36,5423,-0.629202407198775,8
1,1,1,0,-1.0331224013585834,1,2,0,2,2,0,2,0,0,0,0,2,-0.018668376920792765,-0.7962179473691814,0,74,5116,0.2584731310956274,5
1,0,1,0,1.4915401492832983,1,0,0,2,2,2,2,2,0,2,1,0,0.3652067301175816,1.3713799092194365,0,75,5839,-0.5375602882439419,6
0,0,1,0,1.6137012404433893,1,2,0,0,2,0,2,2,2,2,1,2,0.47156173812821356,1.5222644673854415,0,76,5050,-0.5376332097336778,6
0,0,1,1,-1.1552834925186746,1,0,0,2,0,0,0,0,0,0,0,2,-0.4806479429669752,-0.9099990220797449,0,73,3147,0.49179609526213264,2
1,0,1,1,1.247217966963116,1,0,1,0,2,2,0,0,0,0,1,1,0.5164302571326987,1.1544061498450473,0,66,5157,-0.5177771788962859,4
1,0,0,0,1.6137012404433893,1,0,2,1,1,1,1,1,1,2,0,0,-1.4926823160681442,-0.3730794101264464,0,22,4790,-0.6304566568222341,8
0,0,0,0,0.5549717837226001,1,0,2,1,1,1,1,1,1,2,1,2,-1.451137391063991,-0.5923473206776291,0,37,4791,-0.6101606131208859,8
1,0,1,0,-0.0965540357978854,1,0,0,0,0,2,0,0,0,0,1,3,-0.4906187249679718,-0.3550791470469931,0,29,4715,-0.4767059479595698,2
1,0,0,0,1.247217966963116,1,2,1,0,2,2,0,2,2,2,1,0,1.329048990213933,1.8780123138098805,0,30,5882,-0.4739753785747945,7
0,0,0,0,1.125056875803025,1,0,2,1,1,1,1,1,1,2,0,0,-1.4926823160681442,-0.5080813832223456,0,58,6213,-0.6243235273399744,8
1,0,1,1,-0.30015585439803716,1,0,1,0,0,0,2,2,0,0,0,2,0.7025515211513048,-0.03559653653262902,0,79,3153,-0.2828308540005461,4
1,1,1,0,-1.0738427650786138,1,2,1,0,0,2,0,0,0,0,1,2,0.53304822713436,-0.804115121612373,0,68,5611,0.6618131095161396,4
1,0,0,0,-0.4223169455581282,1,2,2,1,1,1,1,1,1,2,0,3,-1.3132082400502028,-0.7558497103159959,0,61,3403,-0.5357621272278098,9
0,0,1,0,-0.055833672077855064,1,2,0,0,2,0,2,2,2,2,0,0,0.5247392421335293,0.08464786793563009,0,24,3491,-0.3730252170976555,6
0,0,1,1,0.26992923768238775,1,0,1,0,0,2,2,0,0,0,1,0,0.5563133851366857,0.3651078492985816,0,25,2042,-0.4280237966424322,4
1,0,0,0,-0.2594354906780068,1,0,2,1,1,1,1,1,1,0,0,3,-1.4577845790646555,-0.7771147269931931,0,51,5895,-0.5728819204959206,8
1,0,0,0,-0.8295205827584317,1,2,0,2,2,0,2,0,0,0,1,2,0.08270124008934066,-0.6385832905483815,0,56,4334,-0.06851416417835439,5
0,0,0,0,-1.2367242199587352,1,0,2,1,1,1,1,1,1,0,0,3,-1.4760643460664828,-0.9857942474976384,0,61,5994,0.11610981553129777,8
1,0,0,0,0.26992923768238775,0,1,0,2,0,0,2,2,0,1,0,0,-0.6551366279844181,-0.21579769964053772,0,61,4003,-0.5325031829307507,4
0,0,1,1,-1.0331224013585834,0,1,0,2,0,0,2,0,0,0,0,3,-1.0007904040189717,-0.8969841259806304,0,45,5996,-0.16503384624591044,3
1,1,0,0,-1.1552834925186746,1,0,1,0,0,0,0,0,0,0,0,2,0.15249671409631763,-0.8903443230554889,0,26,4140,0.9286317185910692,2
0,0,0,0,0.9214550572028734,1,0,1,0,2,2,0,0,0,0,1,2,0.5579751821368518,0.983734537779202,0,80,5167,-0.49466702657942546,4
1,0,1,0,1.6137012404433893,1,0,0,0,2,2,0,2,2,2,1,0,0.35357415111641893,1.4120128560237906,0,35,4171,-0.5432088990257992,5
0,0,1,0,-0.9109613101984924,1,0,0,0,0,2,0,2,2,0,1,1,0.10098100709116792,-0.7176212104180885,0,79,2709,0.04505844754373102,4
1,1,0,0,-0.8702409464784621,1,2,1,0,2,2,2,2,2,0,1,2,1.5500679912360276,-0.48383838184450356,0,28,3175,0.4027473636473977,8
0,0,1,1,-0.7073594915983407,1,0,0,0,0,0,0,0,0,0,0,2,-0.613591702980265,-0.7236654164031009,0,68,3103,-0.3298504364126679,1
0,0,1,1,-0.38159658183809786,1,0,2,1,1,1,1,1,1,2,0,0,-1.4744025490663168,-0.7945635114243788,0,33,4698,-0.5641766319975797,8
1,0,0,1,-1.2774445836787656,1,0,2,1,1,1,1,1,1,0,0,3,-1.4860351280674797,-0.9969341161926433,0,27,4221,0.4877831695885074,8
1,0,1,1,0.5956921474426305,1,0,1,2,2,2,0,0,2,1,1,2,1.0415581091851935,0.9316528942368133,0,68,5793,-0.4320844952407436,6
0,0,0,0,-0.7073594915983407,1,0,2,1,1,1,1,1,1,1,0,3,-1.4993295040688086,-0.8863957359338932,0,34,4818,-0.5208227028450195,8
0,1,1,0,1.4508197855632678,1,0,0,0,2,2,2,0,0,1,1,0,-0.13665596393258767,0.7483193324067451,0,24,6418,-0.5608532981063785,4
0,1,1,0,-0.46303730927815856,1,2,0,0,2,2,0,0,2,1,0,0,0.2306011731041257,-0.345306945399692,0,38,2784,-0.28796226744933784,5
1,0,0,0,-0.46303730927815856,0,1,0,0,2,0,2,0,0,0,1,3,-0.9559218850144864,-0.6615909797541041,0,64,3378,-0.47401609413560636,3
0,0,1,0,0.9621754209229036,1,2,0,2,0,0,0,2,0,1,0,0,0.014567563082529699,0.5437207538994796,0,26,4775,-0.5304841482716521,4
0,0,1,1,-1.0738427650786138,1,2,0,0,0,0,0,0,0,0,1,1,-0.5255164619714603,-0.885226601199566,0,30,3061,0.1401327719448375,2
0,1,0,0,1.3286586944031769,0,1,0,0,2,2,0,2,2,2,1,0,-0.3742929349563432,0.5462575556815104,0,76,5693,-0.568693344876985,5
1,0,1,0,0.3920903288424788,1,2,0,2,0,0,2,2,2,1,0,1,0.5214156481331973,0.48360958123831527,0,62,4397,-0.44712185653435377,6
0,0,1,1,1.4508197855632678,1,2,1,2,0,2,2,2,2,2,1,0,1.4719635322282196,2.3068641698486676,0,80,6391,-0.48042861793931046,8
1,0,1,1,0.6364125111626608,1,2,2,1,1,1,1,1,1,2,0,0,-1.2783105030467143,-0.4564850408904325,0,72,2111,-0.600094071700291,9
0,1,0,0,0.7178532386027215,1,2,1,0,2,0,2,2,2,1,1,2,1.397182667220744,1.3536443558911517,0,59,5746,-0.4215322992292146,7
0,1,0,0,-1.0331224013585834,1,0,0,0,2,2,0,2,0,0,1,2,0.006258578081699082,-0.7879898859370293,0,37,4615,0.26922203914998116,4
0,0,1,1,1.247217966963116,1,0,2,1,1,1,1,1,1,2,0,2,-1.5093002860698053,-0.4481908020204884,0,23,4566,-0.6269681698817628,8
1,0,0,0,-0.62591876415828,1,0,2,1,1,1,1,1,1,0,0,1,-1.451137391063991,-0.8356817594392082,0,78,2842,-0.5272322369070601,8
1,0,1,1,-1.1552834925186746,1,0,2,1,1,1,1,1,1,0,0,3,-1.5259182560714666,-0.9686322319635521,0,63,5279,-0.22938397579797482,8
0,0,0,1,1.2064976032430856,1,2,2,1,1,1,1,1,1,2,0,0,-1.288281285047711,-0.28281338497801184,0,46,4535,-0.614315453906142,9
0,0,1,0,-1.2367242199587352,1,0,1,0,0,0,0,0,0,0,1,2,0.1857326540996401,-0.9527275877475155,0,39,4917,2.0270268029719642,2
1,0,1,0,0.6364125111626608,1,2,1,2,2,2,0,2,0,2,1,0,1.068146861187852,0.9678298935631654,0,38,2613,-0.43489724805133867,7
1,0,1,0,-0.21871512695797646,1,0,2,1,1,1,1,1,1,2,0,0,-1.502653098069141,-0.7761220654263115,0,44,4430,-0.5815796259903429,8
0,0,1,0,1.5322605130033284,1,0,0,0,2,2,2,2,2,2,1,0,0.5197538511330312,1.516837917486489,0,28,6367,-0.5317987005061554,6
1,0,1,0,0.5549717837226001,1,2,1,0,2,2,0,2,0,1,1,2,0.9933659961803764,0.8968215028122342,0,79,4120,-0.43073770534268035,6
1,0,1,1,1.4915401492832983,1,2,1,0,2,2,0,2,0,1,0,1,1.0299255301840309,1.866872445114876,0,74,5561,-0.5048017113163875,6
1,0,0,0,1.3286586944031769,1,0,2,1,1,1,1,1,1,2,1,1,-1.502653098069141,-0.46813226994184337,0,76,4309,-0.6276711918984491,8
1,1,1,1,1.6137012404433893,1,0,1,2,0,2,2,2,2,2,1,1,1.3074456292117733,2.2800181892510025,0,54,5092,-0.49813219967822625,7
1,0,0,0,-0.62591876415828,1,0,2,1,1,1,1,1,1,1,1,3,-1.4843733310673135,-0.8824692079582281,0,51,2185,-0.533601960198529,8
1,0,1,0,0.758573602322752,1,2,1,2,0,2,2,2,2,1,1,2,1.5550533822365258,1.517940874783024,0,35,4053,-0.4156763330312771,8
1,0,1,0,0.758573602322752,1,0,0,2,2,0,2,0,0,2,0,1,-0.14164135493308597,0.3713505875969702,0,75,4994,-0.5282366932722533,4
0,0,1,0,1.6137012404433893,1,2,0,2,2,2,2,2,2,2,1,0,0.8703930181680831,1.8480559936359868,0,54,6091,-0.5187858093096055,8
1,0,0,0,0.06632741908223598,1,0,2,1,1,1,1,1,1,0,0,3,-1.4976677070686424,-0.7077166538952031,0,73,4136,-0.5970990018097717,8
1,0,1,0,1.4100994218432374,0,1,0,2,2,0,2,0,2,2,1,0,-0.4590445819648154,0.5479340507722437,0,77,6395,-0.5757264390834343,5
0,0,1,0,0.6771328748826912,1,0,2,1,1,1,1,1,1,1,1,0,-1.4860351280674797,-0.5985238815382258,0,72,5579,-0.6156567356392313,8
1,0,1,1,0.8400143297628127,1,0,2,1,1,1,1,1,1,2,1,3,-1.5076384890696393,-0.515912380027745,0,73,4497,-0.6204425210722215,8
1,0,0,0,-0.21871512695797646,1,2,0,0,0,2,2,0,0,0,0,2,-0.17653909193657447,-0.29474738292652186,0,23,4818,-0.41819622356416586,4
1,0,0,0,1.4915401492832983,1,2,0,2,2,2,2,0,2,2,1,1,0.5563133851366857,1.4442192090826163,0,45,5286,-0.52814219737727,7
0,0,1,1,-1.2367242199587352,0,1,0,0,0,0,2,0,0,0,0,0,-1.1869116680375775,-0.9860368981028763,0,22,4998,0.44860937134597373,2
0,0,1,0,0.5549717837226001,1,0,0,2,2,0,2,0,2,1,0,3,0.19404163910047073,0.41970423547707025,0,52,5433,-0.48940692263793323,5
0,0,0,0,0.880734693482843,1,2,1,0,2,0,0,2,2,2,1,0,1.0781176431888486,1.2572458881739819,0,55,4971,-0.4590067097978906,6
1,0,0,0,-0.5037576729981889,1,2,0,2,0,0,2,0,0,0,0,0,-0.18484807693740507,-0.480242741057799,0,58,5924,-0.33841543933851803,4
1,0,0,0,-0.8702409464784621,1,0,1,0,2,0,0,0,0,0,1,3,0.37019212111808014,-0.6235389530236424,0,70,4278,0.06355959837667938,3
0,1,1,0,-0.0965540357978854,1,2,1,0,2,0,0,2,0,0,1,2,0.8404806721650927,0.15329593007197617,0,39,3792,-0.3285790601911852,5
1,0,1,0,1.4508197855632678,1,0,0,2,2,2,0,0,2,2,0,0,0.20567421810163386,1.0860669157517306,0,43,5036,-0.5437381285666926,5
1,1,1,0,0.22920887396235737,1,2,1,0,2,2,0,2,2,0,1,2,1.2575917192067896,0.7630107235965928,0,40,5469,-0.36000250157026537,7
0,0,0,0,-1.2774445836787656,1,0,0,0,0,0,0,0,0,0,0,2,-0.6966815529885713,-0.9864560218755596,0,31,4633,1.8493115231399824,1
1,0,1,0,1.247217966963116,0,1,0,2,2,2,0,2,2,2,0,2,-0.19149526493806968,0.6299499553425955,0,20,5639,-0.5559358024892418,6
0,0,0,0,-1.1960038562387048,1,0,0,0,0,2,0,2,2,1,1,2,0.1724382780983114,-0.9085210593023878,0,67,2754,1.343396250715066,4
0,0,0,0,0.6364125111626608,1,2,2,1,1,1,1,1,1,1,0,0,-1.343120586053193,-0.5056107588781069,0,70,4200,-0.604656873486629,9
1,0,0,0,1.369379058123207,0,1,0,0,0,0,2,0,0,1,0,1,-1.1736172920362484,-0.13084792866140238,0,55,5112,-0.6112365279569394,2
0,0,1,1,1.4508197855632678,1,2,1,0,2,2,0,0,0,2,1,1,0.6526976111463211,1.529588103834435,0,34,5045,-0.5213887081483648,5
0,0,1,0,-1.0331224013585834,1,0,2,1,1,1,1,1,1,1,0,3,-1.4660935640654862,-0.9466392634706415,0,70,3575,-0.36568012992718046,8
1,0,1,0,1.6137012404433893,1,2,0,2,2,2,2,2,2,2,1,0,0.7424346491552913,1.742833867546536,0,76,5993,-0.5248326836123288,8
0,0,1,0,-0.13727439951791576,1,0,2,1,1,1,1,1,1,0,0,3,-1.4926823160681442,-0.7529599621990739,0,59,2712,-0.5857699939556592,8
1,0,1,0,0.18848851024232702,1,0,1,0,0,2,2,0,2,0,1,2,0.8504514541660894,0.5027569199061651,0,76,3347,-0.3890260039118996,5
0,0,1,0,1.0843365120829946,1,2,0,2,2,0,2,0,0,1,0,3,0.02453834508352634,0.6712887948167321,0,35,5631,-0.53646833567969,5
1,1,1,1,1.125056875803025,1,2,1,2,0,0,0,0,0,0,1,2,0.5380336181348585,1.1379720861266738,0,71,6214,-0.5094805490455895,4
0,0,0,0,-0.21871512695797646,1,0,0,0,2,0,2,0,0,0,1,3,-0.28621769394753876,-0.3707631998037227,0,69,3056,-0.43170913654678206,3
1,0,1,0,-0.62591876415828,0,1,0,2,0,2,0,0,0,0,0,3,-1.0090993890198023,-0.7442686587023771,0,45,4207,-0.44251491713052393,3
1,0,1,0,1.0436161483629645,1,0,2,1,1,1,1,1,1,2,0,3,-1.462769970065154,-0.4825589513805228,0,20,4927,-0.6213098110797041,8
1,0,1,0,-1.2774445836787656,1,0,2,1,1,1,1,1,1,1,0,3,-1.5275800530716328,-0.9974855948409108,0,51,5160,0.4161237825594824,8
0,0,0,0,0.8400143297628127,1,2,1,2,2,2,0,0,0,0,0,2,0.8654076271675846,1.165369545372606,0,20,5249,-0.468843106735262,6
1,0,0,0,0.10704778280226633,1,2,2,1,1,1,1,1,1,0,1,2,-1.3015756610490399,-0.6081637283099428,0,56,2980,-0.5801009402262519,9
1,0,1,0,1.4508197855632678,1,2,0,0,2,0,2,0,2,2,0,1,0.2006888271011353,1.1383470916074956,0,61,5540,-0.5439873786085326,5
1,0,1,0,0.5956921474426305,1,2,2,1,1,1,1,1,1,0,0,2,-1.3082228490497045,-0.5031842528257296,0,33,3159,-0.6009617840058126,9
0,1,1,0,1.3286586944031769,1,2,1,0,2,2,0,2,2,0,1,0,1.463654547227389,2.118876128227221,0,64,5225,-0.47262633632655865,7
0,0,0,0,-0.9516816739185228,1,2,1,0,0,0,0,0,0,0,1,2,0.4017662641212361,-0.7130329080645024,0,38,4834,0.21949042455183773,3
0,0,0,0,-0.9924020376385531,1,0,2,1,1,1,1,1,1,2,0,3,-1.479387940066815,-0.9287272369749112,0,37,2653,-0.4036596050525637,8
1,0,0,0,-0.748079855318371,1,2,2,1,1,1,1,1,1,1,1,1,-1.328164413051698,-0.8638512887927152,0,22,4527,-0.47207043320293957,9
0,0,0,0,0.5142514200025698,1,2,1,2,2,2,2,2,2,0,1,2,1.6913207362501481,1.2555032156454566,0,75,3974,-0.37337572496899313,9
0,0,0,0,-0.9924020376385531,1,2,1,0,0,0,0,0,0,0,1,1,0.32698539911376057,-0.7636145296836031,0,57,2142,0.2887293167301045,3
1,0,1,1,1.369379058123207,1,0,1,2,2,2,0,2,2,1,1,0,1.2758714862086173,2.0963096219401125,0,80,4663,-0.48511600678585537,7
1,0,1,0,1.6137012404433893,1,2,0,2,2,2,2,0,0,2,0,1,0.2438955491054544,1.207480454954317,0,42,4658,-0.5483919341424192,6
0,0,1,1,-0.38159658183809786,1,2,2,1,1,1,1,1,1,2,0,3,-1.3181936310507012,-0.7360185381242943,0,67,2267,-0.5417233573951519,9
0,0,0,0,-1.1552834925186746,1,2,1,2,0,0,0,0,0,0,1,2,0.5114448661322006,-0.8646674771921513,0,62,2841,1.1762865601633798,4
1,0,1,1,-1.0738427650786138,1,2,2,1,1,1,1,1,1,2,0,3,-1.3082228490497045,-0.9381464922873212,0,52,2882,-0.24559947137711424,9
0,1,1,0,1.4100994218432374,1,2,1,2,2,2,2,0,2,1,1,1,1.3506523512160928,2.098206708490153,0,64,5703,-0.4839181185250717,8
1,1,0,1,-1.0331224013585834,1,0,0,0,0,0,0,0,0,0,1,3,-0.6318714699820923,-0.8539246731238991,0,57,3779,-0.005950007041474902,1
1,0,1,0,0.9621754209229036,1,2,2,1,1,1,1,1,1,1,1,3,-1.3397969920528607,-0.37416030827705077,0,78,5623,-0.6124524295750281,9
0,0,1,0,1.6137012404433893,1,2,2,1,1,1,1,1,1,2,0,1,-1.3215172250510334,-0.18994438060975435,0,35,6126,-0.622367980806903,9
1,0,1,0,1.6137012404433893,1,2,0,2,2,2,0,2,2,2,1,2,0.6809481601491449,1.6779799785102707,0,52,6275,-0.5277383245110399,7
1,0,1,1,-0.38159658183809786,1,0,2,1,1,1,1,1,1,2,0,1,-1.5009913010689746,-0.8175491414841707,0,35,4617,-0.5679984659724611,8
0,0,0,1,0.10704778280226633,1,2,0,0,0,0,0,0,0,0,0,3,-0.4856333339674735,-0.27546768938308797,0,74,5879,-0.5019125868234713,2
1,1,1,0,-0.21871512695797646,1,0,1,0,0,0,0,0,0,0,1,2,0.19237984210030468,-0.14816435821700383,0,65,2534,-0.3727436980771844,2
1,0,1,0,-0.8295205827584317,1,2,2,1,1,1,1,1,1,1,0,3,-1.2749869090463821,-0.86682927349336,0,65,3277,-0.4287955131181294,9
0,0,0,0,0.3106496014024181,1,0,2,1,1,1,1,1,1,2,0,3,-1.4827115340671475,-0.6506937616643372,0,64,3915,-0.6052846510932546,8
1,0,1,1,-1.0331224013585834,0,1,0,2,2,2,0,2,2,0,0,3,-0.196480655938568,-0.8003209485122921,0,76,3332,0.18179758697457063,6
1,0,1,1,1.5322605130033284,1,2,1,2,2,0,0,2,0,0,1,1,1.0897502221900113,1.936491109672173,0,49,4551,-0.5041038613501492,6
1,0,1,1,1.125056875803025,1,0,2,1,1,1,1,1,1,2,0,1,-1.4993295040688086,-0.49323557801098283,0,50,6315,-0.6246994454358644,8
1,0,1,0,0.26992923768238775,0,1,0,0,0,0,0,0,0,1,1,1,-1.3132082400502028,-0.5876487225943895,0,21,4259,-0.5892574174577385,1
1,0,1,0,1.6137012404433893,1,2,1,2,2,2,2,2,2,2,0,1,1.651437608246161,2.689149168827741,0,53,6274,-0.48187631681246385,9
1,0,1,0,0.880734693482843,1,2,0,0,2,0,2,2,0,1,1,2,0.19736523310080326,0.6574797694641122,0,77,5276,-0.5142495827075391,5
0,0,1,0,1.247217966963116,1,0,0,2,2,2,2,2,0,2,0,1,0.358559542116917,1.071243169686299,0,64,4626,-0.5262867311059827,6
1,0,1,1,1.5729808767233588,1,2,1,0,2,0,2,0,0,2,1,2,0.6659919871476498,1.708553954770224,0,43,5952,-0.5265952645779132,5
0,0,0,0,0.3920903288424788,1,0,2,1,1,1,1,1,1,1,1,3,-1.4660935640654862,-0.5830824793867341,0,49,5956,-0.6065723251607983,8
1,0,0,0,0.5956921474426305,1,0,2,1,1,1,1,1,1,2,0,0,-1.4727407520661506,-0.5897443414578062,0,72,4342,-0.6127855828656017,8
1,0,0,0,-0.8702409464784621,0,1,0,0,2,0,2,0,0,0,1,2,-0.9675544640156493,-0.8182329750080225,0,61,4986,-0.32101244534575485,3
0,1,1,0,0.9214550572028734,1,2,1,0,2,2,2,0,0,0,0,2,0.8537750481664219,1.2198997541133028,0,42,5140,-0.4764450681634734,6
1,0,0,0,1.4915401492832983,1,2,1,0,2,2,2,2,0,2,1,1,1.0930738161903437,1.9693592371089197,0,20,5709,-0.50168964650827,7
0,1,0,0,-1.1960038562387048,1,0,1,0,0,2,0,0,0,0,0,2,0.3020584441112687,-0.9191315084950556,0,74,2868,1.4551848944803447,3
1,1,0,0,-0.0965540357978854,1,2,0,0,0,2,2,2,0,2,1,1,0.14418772909548702,-0.08198692042489639,0,75,3415,-0.40606366190773097,5
0,0,0,0,-1.1145631287986442,1,2,1,0,0,2,2,0,0,0,1,2,0.5978583101408388,-0.8214756694598357,0,36,5269,0.9196504087500981,5
0,0,1,0,1.5729808767233588,1,2,2,1,1,1,1,1,1,2,1,1,-1.341458789053027,-0.2445628259341737,0,56,4412,-0.6227780862790935,9
0,0,0,0,-0.13727439951791576,1,2,0,0,2,0,0,0,0,1,1,2,-0.3161300399505289,-0.29097526897237175,0,55,5481,-0.45047707124486003,3
1,0,1,0,0.7992939660427822,1,2,0,0,2,0,2,0,0,0,0,0,-0.11339080593026184,0.3925714859823062,0,49,4729,-0.5289148053236746,4
1,0,0,0,1.4508197855632678,1,2,0,2,2,2,0,0,2,1,0,1,0.39844267012090406,1.3030406751261203,0,33,5395,-0.5341004602822093,6
0,0,1,1,0.5549717837226001,1,0,2,1,1,1,1,1,1,2,0,3,-1.5076384890696393,-0.5787809459302471,0,47,2320,-0.6143077095617147,8
1,0,0,0,-0.9924020376385531,1,0,0,0,0,0,0,0,2,0,1,1,-0.3327480099521901,-0.8125196562119705,0,53,5317,0.03585130205878965,2
1,0,1,0,1.6137012404433893,1,0,2,1,1,1,1,1,1,2,0,1,-1.4976677070686424,-0.37846184173353775,0,36,6436,-0.630692249327535,8
0,0,0,0,-0.62591876415828,1,0,2,1,1,1,1,1,1,1,0,0,-1.491020519067978,-0.8632115735607249,0,70,2093,-0.5348759048568229,8
1,0,0,0,-1.1960038562387048,1,0,1,0,2,2,2,2,2,0,1,2,1.435403998224565,-0.8652189558404189,0,70,5653,2.4326189335562463,7
0,1,0,0,-1.2367242199587352,1,0,1,0,2,0,0,2,0,0,1,0,0.6327560471443273,-0.9335581899337352,0,53,2885,2.5410634725935037,4
0,0,0,0,0.758573602322752,0,1,0,0,2,2,0,2,2,1,1,1,-0.2779087089467081,0.28622434345038944,0,62,4380,-0.5372768005589919,5
0,0,1,1,-1.0738427650786138,1,0,2,1,1,1,1,1,1,2,0,3,-1.4843733310673135,-0.9615071278279351,0,42,5874,-0.3324097002351331,8
0,0,1,0,-1.1960038562387048,1,2,1,0,0,0,0,2,2,0,0,2,1.001674981181207,-0.8852486603454967,0,58,2330,2.0585569332647355,5
0,1,0,0,-0.62591876415828,1,2,1,0,0,0,0,2,2,0,1,2,0.9784098231788811,-0.296291523141671,0,54,4425,-0.061605464300684316,5
1,0,1,0,-0.0965540357978854,1,2,0,0,0,0,0,0,0,0,0,2,-0.49394231896830415,-0.3696161242153261,0,45,3712,-0.47707580286036483,2
1,0,0,0,-0.055833672077855064,1,2,0,0,2,0,2,2,0,0,1,2,0.2089978121019659,-0.049229088717803196,0,37,4443,-0.4070634259364424,5
0,0,0,0,0.5142514200025698,1,0,0,2,0,2,2,2,2,2,0,0,0.5612987761371843,0.5907287938778064,0,41,5937,-0.45812073919462265,6
1,0,1,0,1.2879383306831464,1,2,1,2,2,2,0,0,0,1,0,0,0.8205391081630994,1.5057201079374147,0,67,5519,-0.503850452640222,6
1,1,1,1,1.1657772395230555,1,2,1,0,2,0,0,2,2,1,0,2,1.1379423351948288,1.6277733623719917,0,20,5177,-0.47855522246354465,6
1,0,0,0,-1.2774445836787656,1,0,2,1,1,1,1,1,1,0,0,3,-1.5192710680708021,-0.9973752991112573,0,59,5279,0.43045565996528745,8
1,0,1,1,1.6137012404433893,1,2,1,2,2,2,2,2,2,2,0,0,1.651437608246161,2.568044457668185,0,32,4700,-0.48187631681246385,9
0,0,1,0,-1.0331224013585834,1,0,0,0,0,0,0,0,0,0,1,3,-0.681725379987076,-0.8674910478712812,0,58,5014,-0.027447823150182404,1
0,0,1,0,1.369379058123207,1,2,1,0,2,2,2,0,0,1,1,0,0.8570986421667539,1.6990905811659527,0,38,4958,-0.506677995479962,6
1,0,1,1,0.3106496014024181,1,0,2,1,1,1,1,1,1,0,1,0,-1.4744025490663168,-0.6769662044678039,0,72,5918,-0.6045855351222397,8
1,0,0,0,-0.6666391278783103,1,2,0,0,2,2,0,0,2,0,1,0,0.22063039110312907,-0.4710220180587655,0,39,3360,-0.18008231752200565,5
1,0,1,0,1.4100994218432374,1,2,2,1,1,1,1,1,1,2,0,1,-1.3265026160515319,-0.30716668208550735,0,51,4833,-0.6197337332353767,9
0,0,1,0,0.35136996512244845,1,0,1,2,2,2,0,2,2,1,1,0,1.3190782082129364,0.8304455327067505,0,65,2719,-0.3764972850167999,7
0,0,1,1,0.9621754209229036,1,0,2,1,1,1,1,1,1,2,1,1,-1.4943441130683104,-0.5116990831549808,0,59,4681,-0.6218058653556587,8
0,0,0,0,1.6137012404433893,1,2,1,2,2,2,2,2,2,2,1,0,1.7179094882528059,2.529661543748763,0,20,5567,-0.4787350834084518,9
0,0,1,0,0.880734693482843,1,0,2,1,1,1,1,1,1,2,0,1,-1.4860351280674797,-0.5194197842307267,0,40,4212,-0.6198364322499424,8
1,1,0,0,0.7992939660427822,1,2,1,0,2,2,2,2,2,0,1,2,1.5284646302338678,1.5671989476462826,0,46,4993,-0.42204767417699274,8
0,0,0,0,0.7178532386027215,1,0,1,0,0,2,2,0,2,2,1,0,0.82884809316393,0.8932920394633218,0,45,5306,-0.4599754527412563,5
1,0,1,0,-0.21871512695797646,1,0,0,2,0,0,0,0,0,1,0,1,-0.533825446972291,-0.3785280191713299,0,30,3560,-0.462215561310567,2
0,1,1,0,1.6137012404433893,1,2,1,2,2,2,2,0,0,2,1,0,1.0581760791868549,2.006396543126569,0,78,5153,-0.5099118249432715,7
1,0,0,0,1.2064976032430856,1,0,0,2,2,0,0,2,2,1,1,1,0.3170146171127639,1.066919577083881,0,77,5974,-0.5264132724838713,5
0,0,0,0,-0.8295205827584317,1,0,0,0,2,0,2,0,0,0,1,2,-0.3477041829536853,-0.7170256134779596,0,63,3854,-0.18272820258153896,3
0,1,0,0,0.47353105628253944,1,0,0,0,0,2,2,2,2,1,0,0,0.33529438411459117,0.43602800346579007,0,71,3253,-0.47092388301047516,5
1,0,1,1,0.880734693482843,1,0,1,0,2,0,2,0,0,2,1,0,0.5047976781315361,0.9186821164295604,0,48,4387,-0.4949666931070014,4
0,0,0,0,1.4508197855632678,1,0,2,1,1,1,1,1,1,2,0,0,-1.4860351280674797,-0.3939032438850295,0,63,5740,-0.628316976097762,8
1,0,0,0,-0.5037576729981889,1,0,2,1,1,1,1,1,1,0,0,3,-1.5076384890696393,-0.8225124493185787,0,32,4958,-0.5557139996246282,8
1,0,1,0,0.7178532386027215,1,2,0,0,0,2,0,0,0,1,0,0,-0.32776261895169184,0.14751643383813218,0,41,4322,-0.5382106423447095,3
1,0,0,0,1.0436161483629645,1,2,2,1,1,1,1,1,1,2,1,1,-1.3397969920528607,-0.3380053680966295,0,38,6490,-0.6141195810591645,9
1,0,1,1,0.10704778280226633,1,2,1,0,2,0,0,2,0,0,1,0,0.827186296163764,0.3890640817793244,0,34,2622,-0.37611055181696074,5
0,0,0,0,-1.2367242199587352,1,0,0,0,0,0,0,0,0,0,1,2,-0.6435040489832552,-0.9700660764490477,0,45,4964,1.0734792262390718,1
1,0,1,0,1.247217966963116,1,2,0,2,0,2,2,0,2,2,0,3,0.36354493311741554,1.057500321771471,0,62,5113,-0.5260180084046239,6
0,0,1,0,1.0436161483629645,1,2,1,2,2,2,0,2,2,1,1,1,1.5251410362335358,1.873666662061532,0,55,4761,-0.4466066546347048,8
0,0,1,0,-0.21871512695797646,1,0,2,1,1,1,1,1,1,1,1,3,-1.4694171580658184,-0.7484378372832798,0,31,2269,-0.5774848038743986,8
0,0,1,0,1.5729808767233588,1,2,1,2,2,2,2,2,2,2,1,1,1.6747027662484868,2.5581399011453,0,24,4144,-0.47826498910389303,9
0,0,0,0,1.247217966963116,1,0,0,0,0,2,0,0,2,1,0,1,-0.20645143793956489,0.539904521653468,0,63,6312,-0.5567419705933183,3
1,0,1,0,1.5729808767233588,1,2,1,0,2,2,0,0,2,0,1,0,0.9468356801757247,1.9366675828396185,0,63,6035,-0.5131392241246852,6
0,0,1,1,1.4508197855632678,1,0,2,1,1,1,1,1,1,2,1,0,-1.5093002860698053,-0.4354847339644037,0,27,6303,-0.6294801429596825,8
1,0,1,1,-1.2774445836787656,1,0,0,2,0,0,0,0,0,0,1,3,-0.532163649972125,-0.9842721664284201,0,58,5068,2.1330826957749216,2
1,1,0,0,1.3286586944031769,1,2,1,2,0,2,2,2,2,2,1,2,1.4719635322282196,2.130236588381533,0,29,5692,-0.47219203701123125,8
1,1,1,0,1.6137012404433893,1,2,2,1,1,1,1,1,1,2,1,0,-1.3215172250510334,-0.2105255637630998,0,69,4055,-0.622367980806903,9
0,0,0,0,-0.1779947632379461,1,2,0,0,0,0,2,0,0,0,1,1,-0.32776261895169184,-0.3417333637589181,0,26,2885,-0.44457958605948283,3
1,0,1,1,1.6137012404433893,1,2,2,1,1,1,1,1,1,2,0,1,-1.329826210051864,-0.18557666971547532,0,71,4185,-0.6227606349824045,9
0,0,0,0,-1.2367242199587352,1,0,1,2,2,0,0,2,0,0,1,2,0.8770402061687477,-0.9314405119243877,0,52,2686,2.8219682697472823,5
1,1,1,0,1.125056875803025,1,2,1,0,2,2,0,2,2,1,1,2,1.3157546142126038,1.791077219696982,0,73,4040,-0.4654981318264633,7
0,1,0,0,-0.2594354906780068,1,2,0,0,0,0,2,0,2,0,1,2,0.042818112085353605,-0.2767691789929993,0,43,3225,-0.38115324942270695,4
1,0,1,0,1.4508197855632678,1,2,0,2,2,2,2,2,2,2,1,1,0.9119379431722362,1.8146363875509726,0,43,4451,-0.5084277059726802,8
0,1,1,0,0.3920903288424788,1,2,1,2,0,2,0,2,2,1,1,0,1.3440051632154282,1.0232865864329515,0,36,5573,-0.38112856057274,7
0,0,1,0,1.002895784642934,1,0,2,1,1,1,1,1,1,2,1,0,-1.5009913010689746,-0.5053681082728692,0,77,6064,-0.6228879090944636,8
1,0,1,0,0.880734693482843,0,1,0,0,2,0,0,0,0,0,0,2,-1.1420431490330922,-0.2904679086159656,0,78,4778,-0.598260442264476,2
0,0,1,0,0.47353105628253944,1,0,0,2,2,2,0,0,0,1,1,3,-0.10840541492976351,0.1952083073403109,0,21,2059,-0.504938205386919,4
1,0,1,1,0.3920903288424788,1,2,0,2,2,0,0,2,0,0,1,0,0.15415851109648415,0.34348988628649313,0,36,4701,-0.47658553008489235,5
1,0,1,1,1.6137012404433893,1,2,2,1,1,1,1,1,1,2,0,0,-1.329826210051864,-0.22506254093143277,0,67,6232,-0.6227606349824045,9
0,0,1,0,1.5729808767233588,1,2,0,2,2,2,2,2,2,2,0,3,0.8737166121684152,1.77091516031632,0,39,4644,-0.5166425719349931,8
0,0,1,0,-0.38159658183809786,1,2,0,0,0,0,2,2,2,0,1,1,0.2954112561106046,-0.28102659415762493,0,61,2590,-0.3097858080445409,5
0,0,0,0,-0.0965540357978854,1,0,2,1,1,1,1,1,1,2,0,1,-1.5076384890696393,-0.7505555152926273,0,78,3986,-0.58988154760283,8
1,0,0,0,0.10704778280226633,1,2,2,1,1,1,1,1,1,1,0,0,-1.2816340970470463,-0.584494264726299,0,80,4419,-0.5781900232388113,9
1,0,0,0,-1.2774445836787656,1,0,0,0,0,0,0,0,0,0,1,0,-0.6950197559884049,-0.986433962729629,0,39,5913,1.8521778986211437,1
1,0,0,0,-0.4223169455581282,1,0,1,0,0,0,0,0,0,0,1,3,0.16412929309748078,-0.3482408118084754,0,32,4838,-0.31417884003197244,2
1,0,1,0,-1.0331224013585834,0,1,0,2,2,2,0,0,0,2,0,3,-0.8711702380060141,-0.8822486164989212,0,70,3345,-0.10913952436327096,4
0,0,0,0,0.14776814652229667,0,1,0,2,2,2,2,0,2,2,1,3,-0.3875873109576722,-0.1669808096958931,0,40,2751,-0.4970879518168925,6
0,0,1,1,0.06632741908223598,1,0,2,1,1,1,1,1,1,0,0,3,-1.4660935640654862,-0.6897163908157498,0,74,5099,-0.5939869370016542,8
1,0,1,0,1.6137012404433893,1,2,0,2,2,2,0,0,0,2,0,1,-0.010359391919962149,1.0766035421474593,0,74,6330,-0.5604071519127652,5
1,0,1,1,0.14776814652229667,1,2,2,1,1,1,1,1,1,2,0,1,-1.3181936310507012,-0.5950605956271054,0,45,3040,-0.5838539123277119,9
0,0,1,1,1.5729808767233588,1,2,1,2,2,2,2,0,0,1,1,1,1.0099839661820376,1.9814035307870834,0,41,5647,-0.5101136055612375,7
0,1,0,0,-0.38159658183809786,1,2,1,0,0,2,0,0,0,0,1,3,0.48485611412954227,-0.19607682317848968,0,50,3558,-0.2825552409735114,4
1,0,1,0,-0.62591876415828,1,0,1,0,0,2,0,2,2,1,1,0,1.0598378761870213,-0.30507106322209065,0,37,5228,-0.04599964223658554,5
1,0,0,0,-1.2774445836787656,1,0,0,0,0,2,2,2,2,0,1,2,0.356897745116751,-0.9724705233554942,0,43,2954,3.6665935781960566,5
1,0,1,1,-0.8295205827584317,1,0,2,1,1,1,1,1,1,2,0,3,-1.4976677070686424,-0.8918002266869153,0,24,5104,-0.48788694611437156,8
0,0,1,0,1.6137012404433893,1,0,2,1,1,1,1,1,1,2,0,1,-1.4710789550659844,-0.34301279422289893,0,25,6302,-0.6294357559659302,8
1,0,0,0,-1.2774445836787656,1,0,2,1,1,1,1,1,1,0,0,3,-1.5142856770703037,-0.9973091216734653,0,44,4629,0.4390547864087703,8
1,1,1,0,1.6137012404433893,1,2,1,0,2,0,0,2,2,2,0,0,1.116338974192669,2.0513530825333404,0,73,6120,-0.5071632457147609,6
1,0,1,1,1.125056875803025,1,2,1,0,0,0,0,0,0,0,0,0,0.31867641411292996,0.9589400577530924,0,26,5100,-0.5218858462099585,3
0,0,1,0,1.1657772395230555,0,1,0,0,2,2,2,2,0,2,0,1,-0.44575020596348647,0.42559402744056773,0,55,4159,-0.5666731525779457,5
0,0,1,0,-1.0738427650786138,1,0,0,0,0,0,0,0,0,0,0,3,-0.6351950639824246,-0.8630792186851406,0,40,4227,0.08608112001437292,1
1,0,1,1,1.6137012404433893,1,0,2,1,1,1,1,1,1,2,0,0,-1.477726143066649,-0.38761638729477926,0,76,5265,-0.6297498793063313,8
0,0,0,0,-0.015113308357824713,1,2,0,0,2,0,0,0,0,0,1,2,-0.3510277769540174,-0.23829802848985426,0,43,4454,-0.4733212152310825,3
1,0,1,0,1.3286586944031769,1,2,1,0,2,0,0,0,2,0,1,2,0.8604222361670865,1.6108760565890736,0,70,6358,-0.5041564666193297,5
0,0,1,1,0.5142514200025698,0,1,0,2,0,0,0,2,2,0,1,0,-0.4607063789649817,0.023874920896544752,0,64,3937,-0.5347651270604494,4
1,0,0,0,0.3920903288424788,1,2,2,1,1,1,1,1,1,1,0,2,-1.3198554280508674,-0.5867222384653,0,55,3756,-0.5948401836565114,9
1,0,0,0,-0.9924020376385531,1,2,1,0,0,0,0,0,0,0,1,2,0.33529438411459117,-0.7532246719502422,0,40,5514,0.291914178375839,3
1,0,0,1,-0.015113308357824713,1,0,2,1,1,1,1,1,1,2,0,3,-1.4710789550659844,-0.6983635760205852,0,50,3114,-0.5904083106433562,8
0,1,1,0,-0.4223169455581282,1,2,0,2,2,0,2,0,0,0,1,3,-0.04027173792295256,-0.3961532767699612,0,36,2136,-0.3448365951783032,5
1,0,0,0,-1.2774445836787656,1,0,0,2,0,0,0,0,0,0,0,2,-0.5587524019747828,-0.9846251127633114,0,35,5092,2.0872206880763455,2
0,0,1,0,-1.2774445836787656,1,0,0,0,0,0,0,0,0,0,1,2,-0.6567984249845842,-0.9859266023732228,0,63,5669,1.9181045346878465,1
1,1,0,0,0.880734693482843,1,2,1,0,2,0,0,0,2,0,1,2,0.8404806721650927,1.1700460843099152,0,23,5232,-0.4739118622999279,5
0,0,0,0,-1.1552834925186746,1,2,2,1,1,1,1,1,1,2,1,1,-1.3115464430500368,-0.954183491378942,0,63,3808,-0.0814790009700672,9
0,0,1,0,0.9621754209229036,1,2,2,1,1,1,1,1,1,1,0,2,-1.3447823830533592,-0.44913934529550853,0,33,5052,-0.6127541533098871,9
1,0,0,0,0.5142514200025698,1,0,0,2,0,2,0,2,2,0,1,2,0.3718539181182462,0.4385648052478209,0,28,2185,-0.4723279915795076,5
0,0,1,1,1.5729808767233588,1,0,2,1,1,1,1,1,1,2,0,1,-1.4976677070686424,-0.38113099839115283,0,52,5921,-0.6302625111465694,8
1,0,1,0,1.0843365120829946,1,0,0,2,2,2,0,2,0,1,0,1,0.05445069108651675,0.7405103947472763,0,64,6432,-0.5347485103909935,5
1,0,0,0,1.4915401492832983,0,1,0,0,2,2,0,0,0,1,1,0,-0.9642308700153169,0.09375829520501026,0,32,4043,-0.6030774420990503,3
1,0,0,0,-0.5444780367182193,1,0,2,1,1,1,1,1,1,1,0,3,-1.5275800530716328,-0.8826015628338123,0,43,2916,-0.5538576802654,8
0,0,1,1,0.9214550572028734,1,0,2,1,1,1,1,1,1,2,0,1,-1.5076384890696393,-0.5279787328518393,0,23,5366,-0.6219136238323941,8
0,0,0,0,0.22920887396235737,1,0,2,1,1,1,1,1,1,1,0,3,-1.5109620830699715,-0.6724661386979405,0,32,4705,-0.6048938631915077,8
0,1,1,0,0.5956921474426305,1,2,0,2,2,2,0,0,0,0,1,1,0.08934842809000525,0.4289470176220345,0,67,4074,-0.5005192098534624,5
1,0,1,1,0.5549717837226001,1,0,2,1,1,1,1,1,1,2,1,3,-1.4843733310673135,-0.5924576164072827,0,24,3392,-0.6126000816154911,8
0,0,1,0,1.3286586944031769,1,0,0,2,0,2,2,0,0,2,0,1,-0.19481885893840195,0.6959068016753959,0,50,5657,-0.5593124796659126,4
1,0,1,1,1.5729808767233588,1,0,2,1,1,1,1,1,1,2,0,3,-1.505976692069473,-0.3976312395473182,0,63,5497,-0.6306606188522862,8
0,1,0,0,0.7992939660427822,0,1,0,0,2,2,2,2,0,0,1,2,-0.4740007549663106,0.12642789032838073,0,70,5185,-0.5523866347354458,5
1,0,1,0,-1.0738427650786138,1,2,2,1,1,1,1,1,1,1,0,3,-1.3181936310507012,-0.9303375546278525,0,31,5161,-0.25051325791624734,9
0,1,1,0,-0.2594354906780068,1,0,0,0,0,2,0,0,2,1,0,3,-0.1349941669324214,-0.30103423951677205,0,68,2502,-0.40387192916227926,3
1,1,0,0,0.6364125111626608,1,2,1,0,2,0,0,2,2,1,1,2,1.1379423351948288,1.0873463462157116,0,78,3061,-0.42998346151220557,6
0,0,1,1,1.2879383306831464,1,2,1,2,0,0,2,2,2,1,1,0,1.3174164112127704,1.9596752720453414,0,33,5133,-0.4774797982135408,7
1,0,0,0,-1.2774445836787656,1,0,0,0,0,0,0,0,0,0,1,0,-0.6883725679877406,-0.9863457261459061,0,54,5925,1.8636434005457874,1
1,0,1,1,1.6137012404433893,1,2,2,1,1,1,1,1,1,2,0,1,-1.3514295710540236,-0.24048188393699374,0,23,4264,-0.6237815358387084,9
1,0,0,0,-1.2774445836787656,1,0,0,0,0,0,0,0,0,0,1,3,-0.6385186579827569,-0.985683951767985,0,31,3173,1.9496346649806173,1
0,0,1,1,0.758573602322752,1,2,1,2,2,0,0,0,2,0,1,2,0.9651154471775519,0.9969038478998314,0,20,5457,-0.4548133828702062,6
0,0,1,1,0.35136996512244845,1,0,2,1,1,1,1,1,1,2,0,0,-1.4976677070686424,-0.6509584714155056,0,52,2902,-0.607854734567652,8
0,0,1,0,1.6137012404433893,1,0,0,2,2,2,0,2,0,2,1,1,0.19570343610063723,1.2050539489019398,0,75,5176,-0.5506693283603278,5
0,0,1,0,0.43281069256250915,1,2,0,2,2,0,2,2,2,2,0,1,0.720831288153132,0.5712285088750655,0,53,3110,-0.4363623434967187,7
1,0,1,0,1.6137012404433893,1,2,1,2,2,2,2,2,2,2,1,1,1.639805029244998,2.561801719369796,0,61,4965,-0.482426032658166,9
1,0,1,0,0.5956921474426305,1,2,1,0,0,0,0,2,2,1,1,1,1.0116457631822036,1.0073378239250537,0,72,4977,-0.43423427685161436,5
1,0,0,0,1.6137012404433893,1,2,0,2,2,2,2,2,2,2,0,1,0.7906267621601091,1.801180308533244,0,32,6468,-0.52255528939442,8
1,0,0,0,-1.1960038562387048,1,0,2,1,1,1,1,1,1,0,1,1,-1.462769970065154,-0.9761764598718523,0,30,2406,-0.06686048601614615,8
1,0,0,0,-0.2594354906780068,0,1,0,2,2,0,0,0,2,0,1,0,-0.6684310039857471,-0.4955297291877759,0,33,4512,-0.4720279683809965,4
1,0,1,1,-0.13727439951791576,1,0,0,2,0,0,0,0,2,0,1,3,-0.15161213693408263,-0.1965841835348958,0,76,5517,-0.4315589930691974,3
1,0,0,0,-0.21871512695797646,1,0,0,2,2,0,0,0,0,1,0,0,-0.3094828519498643,-0.3538658940208045,0,80,3616,-0.4345755120279431,3
1,0,1,1,-0.3408762181180675,1,0,0,2,2,0,2,0,2,0,1,1,0.18407085709947407,-0.25292324224190993,0,56,3359,-0.3392234842360644,5
1,0,1,0,1.4100994218432374,1,0,0,2,0,2,2,0,0,2,1,0,-0.14496494893341827,0.7385250716135131,0,73,5356,-0.5597927636146275,4
0,0,0,0,-0.38159658183809786,1,0,0,0,2,2,0,0,0,1,0,0,-0.29785027294870164,-0.4199550952291892,0,20,2499,-0.3950604786090807,3
1,0,0,0,-0.748079855318371,0,1,0,0,2,0,0,0,0,0,1,3,-1.1187779910307663,-0.8206153627685383,0,55,3448,-0.42391532511943475,2
1,1,0,0,-1.1552834925186746,0,1,0,0,2,0,0,2,2,0,1,1,-0.4590445819648154,-0.9143005555362319,0,33,2104,0.5067012477641701,4
1,0,0,1,-0.6666391278783103,1,2,0,2,2,0,0,0,2,0,1,2,0.14418772909548702,-0.5276699048088094,0,71,5172,-0.19559446718475934,5
0,0,1,0,0.5549717837226001,0,1,0,0,0,0,0,2,2,0,1,2,-0.6916961619880726,-0.11995071057163544,0,47,4818,-0.5544187580191593,3
1,0,0,0,1.4508197855632678,1,2,0,2,2,0,2,2,2,2,1,0,0.722493085153298,1.5895889807659456,0,45,4280,-0.5178992075626035,7
1,0,0,0,0.22920887396235737,1,2,0,2,2,2,2,0,0,0,0,2,0.1724382780983114,0.16668583165191275,0,39,5858,-0.4559893317855543,6
1,0,0,0,-0.62591876415828,1,0,1,0,2,2,0,0,2,0,1,1,0.8703930181680831,-0.2945047323212841,0,23,5687,-0.08230706499795819,5
1,0,1,1,-1.1552834925186746,1,0,2,1,1,1,1,1,1,2,0,3,-1.491020519067978,-0.971963162999088,0,74,2347,-0.20530642175622252,8
0,0,0,0,-0.8295205827584317,1,0,2,1,1,1,1,1,1,1,0,2,-1.4827115340671475,-0.8907634468281722,0,38,4628,-0.4839181185250717,8
1,0,1,0,1.6137012404433893,1,2,0,2,2,2,2,2,2,2,1,1,0.85876043916692,1.836254350563061,0,73,4528,-0.5193355251553077,8
1,0,0,0,-1.1960038562387048,1,0,1,0,0,0,0,2,2,0,1,2,0.9052907551715716,-0.8880722310246266,0,42,4345,1.9754320443110664,4
0,0,0,0,0.35136996512244845,1,2,2,1,1,1,1,1,1,1,1,3,-1.3265026160515319,-0.5812515702744857,0,42,3089,-0.5937958453029101,9
1,0,0,0,0.3106496014024181,0,1,0,0,2,0,2,0,0,1,0,1,-0.9559218850144864,-0.3956679755594857,0,38,5323,-0.5609606985309112,3
0,0,0,0,-1.0331224013585834,1,0,0,2,2,0,2,2,2,0,1,2,0.45660556512671835,-0.753842328036302,0,47,3601,0.4634189779986389,6
1,0,0,0,1.4915401492832983,1,0,2,1,1,1,1,1,1,2,0,1,-1.4893587220678117,-0.3884105165482847,0,59,4328,-0.6289567178718183,8
1,0,1,0,-1.0331224013585834,1,0,2,1,1,1,1,1,1,1,0,3,-1.4660935640654862,-0.9396023959187476,0,27,2874,-0.36568012992718046,8
0,0,1,1,-1.1145631287986442,0,1,0,0,2,0,0,0,0,0,1,2,-1.1387195550327598,-0.932014049718586,0,27,5973,-0.07880371718765036,2
0,0,1,1,1.6137012404433893,1,2,1,2,2,2,2,2,0,2,0,1,1.3739175092184182,2.372534247284369,0,34,5146,-0.4949909662742142,8
1,0,1,0,0.47353105628253944,1,0,2,1,1,1,1,1,1,1,1,0,-1.4710789550659844,-0.6241345499637714,0,59,3093,-0.6094016673670088,8
0,0,0,0,1.3286586944031769,1,2,1,0,2,2,0,2,0,1,1,2,1.0216165451832002,1.7091936700022148,0,35,6153,-0.4957310599019776,6
0,0,0,0,-1.1960038562387048,1,2,0,0,0,0,2,2,0,0,0,2,-0.005374000919464063,-0.9289257692882876,0,24,5277,1.1900451624729522,4
1,0,0,0,-0.3408762181180675,1,0,0,0,0,0,2,0,0,0,1,1,-0.45405919096431707,-0.4456540002384576,0,23,2515,-0.4272785390173303,2
0,1,1,0,1.6137012404433893,1,2,0,2,2,2,2,2,2,2,0,1,0.8089065291619363,1.7967905384930338,0,39,4627,-0.5216914502083168,8
1,0,0,0,-0.3408762181180675,1,0,0,2,0,0,2,0,0,0,0,2,-0.32610082195152557,-0.41084466795980906,0,55,3407,-0.4096216660533786,3
1,0,1,0,-0.4223169455581282,1,0,2,1,1,1,1,1,1,0,1,0,-1.4727407520661506,-0.7977400284384,0,28,3727,-0.5596901312444581,8
1,0,1,0,1.5322605130033284,1,2,0,0,2,2,2,2,2,2,1,1,0.7042133181514708,1.611206943778034,0,60,6354,-0.5228362306918211,7
1,0,1,1,-0.30015585439803716,1,2,0,0,0,0,0,2,0,0,0,2,-0.1466267459335843,-0.3860722470796301,0,75,3192,-0.3955014594523362,3
1,0,1,1,0.18848851024232702,1,0,2,1,1,1,1,1,1,2,0,0,-1.4943441130683104,-0.6854369165051936,0,28,2745,-0.6018920988549613,8
0,1,1,1,-0.4223169455581282,1,2,1,0,0,0,0,2,0,0,0,0,0.684271754149477,-0.14035542055753525,0,49,2656,-0.2361635769360253,4
0,0,1,0,1.0843365120829946,1,2,0,0,0,2,2,2,0,2,1,0,0.2438955491054544,0.8449163324372914,0,52,6225,-0.5238562835625817,5
1,0,1,1,-1.2774445836787656,1,0,1,0,0,0,0,0,2,0,1,2,0.5413572121351905,-0.9700219581571862,0,27,4396,3.9847612566049277,3
1,0,0,0,-1.1960038562387048,1,0,2,1,1,1,1,1,1,0,1,2,-1.4710789550659844,-0.971830808123504,0,35,5296,-0.07402642471904866,8
0,0,1,0,0.8400143297628127,1,2,1,0,2,2,2,2,2,1,1,0,1.5633623672373562,1.55738262770712,0,28,5713,-0.42425504369497974,8
1,0,0,0,-1.2774445836787656,1,0,2,1,1,1,1,1,1,0,0,3,-1.481049737066981,-0.9968679387548512,0,72,3586,0.49638229603199036,8
1,0,0,0,-0.5037576729981889,1,0,2,1,1,1,1,1,1,1,1,3,-1.4976677070686424,-0.8222918578592717,0,80,2860,-0.5540760707782504,8
0,0,0,0,0.758573602322752,1,0,2,1,1,1,1,1,1,1,1,0,-1.4926823160681442,-0.5659425229985782,0,65,5089,-0.6178660496639415,8
0,0,1,0,0.758573602322752,1,0,0,2,2,0,2,0,0,1,1,0,-0.14164135493308597,0.3818066227681233,0,63,4207,-0.5282366932722533,4
0,0,1,1,-0.7888002190384014,1,0,2,1,1,1,1,1,1,2,0,3,-1.502653098069141,-0.8887340054025477,0,55,2816,-0.5015258536236321,8
0,0,0,0,-1.2774445836787656,1,0,2,1,1,1,1,1,1,0,0,3,-1.4577845790646555,-0.9965591107118213,0,72,3901,0.5365115527682444,8
1,0,0,1,-1.2774445836787656,1,0,2,1,1,1,1,1,1,0,1,3,-1.4527991880641573,-0.9964929332740292,0,32,3389,0.5451106792117274,8
1,0,0,0,1.247217966963116,1,2,0,2,2,2,2,0,0,1,0,2,0.22395398510346112,1.0132055567426206,0,36,5342,-0.5335422440426715,6
1,0,0,0,-1.1960038562387048,1,0,0,0,0,0,0,0,2,0,0,3,-0.33607160395252245,-0.9223521438009382,0,34,2168,0.9048408020974329,2
1,0,0,0,0.5549717837226001,1,0,2,1,1,1,1,1,1,2,0,1,-1.5142856770703037,-0.6051195661715058,0,54,2776,-0.6147956032606356,8
1,0,0,0,-1.2774445836787656,1,2,0,0,0,0,0,0,0,0,1,1,-0.4972659129686364,-0.9838089243638752,0,79,4796,2.1932765808793024,2
0,0,1,1,1.5729808767233588,1,0,2,1,1,1,1,1,1,2,0,0,-1.4710789550659844,-0.34358633201709715,0,62,4941,-0.6289885664882756,8
1,0,1,1,0.9214550572028734,1,2,1,0,0,2,0,2,0,0,1,1,0.8521132511662559,1.243878045739976,0,44,4603,-0.476547438716372,5
0,0,0,0,1.5322605130033284,1,2,1,0,2,2,2,0,0,1,1,0,0.8471278601657574,1.8115922254125354,0,33,5327,-0.5158923351599944,6
1,0,1,1,1.4100994218432374,1,2,1,2,0,0,2,2,2,2,0,0,1.3240635992134344,2.0320954481358373,0,56,4743,-0.4852670011044416,7
1,0,1,0,-0.748079855318371,1,0,0,0,0,2,0,0,0,0,0,1,-0.48397153696730727,-0.7106946385958479,0,48,4253,-0.2779212672789678,2
0,0,1,1,-0.5037576729981889,1,2,1,0,0,2,2,0,2,0,1,0,1.0216165451832002,-0.16038512506261304,0,73,3186,-0.14022604892681464,6
0,0,1,1,0.6771328748826912,1,2,1,0,0,0,0,2,2,0,1,0,1.0182929511828682,1.0298160936284393,0,41,6136,-0.4428716216348461,5
0,0,0,0,1.6137012404433893,1,2,1,2,2,2,0,2,0,2,1,0,1.2143849972024705,2.197759634075413,0,53,5513,-0.5025299264438431,7
0,0,1,0,0.5549717837226001,1,2,0,2,0,0,0,0,0,0,0,2,-0.3875873109576722,0.07944190949598443,0,72,3358,-0.5320976212935226,3
1,0,0,0,-0.3408762181180675,1,2,1,0,2,2,0,0,0,0,1,0,0.6676537841478158,-0.10188427005438998,0,23,2941,-0.27249426303463636,5
0,0,1,1,-1.1145631287986442,0,1,0,0,2,0,2,0,0,0,0,2,-1.0140847800203006,-0.9336243673715271,0,21,5100,-0.007144330158625352,3
0,0,1,1,0.025607055362205634,1,2,1,0,2,2,2,0,0,0,0,1,0.7922885591602751,0.26866526328955015,0,78,3648,-0.3628559070266248,6
0,0,0,0,0.3920903288424788,1,2,0,2,2,0,0,0,0,1,1,0,-0.15327393393424887,0.06258872200492761,0,55,5988,-0.5012496912018591,4
1,0,0,0,-0.38159658183809786,1,0,1,2,0,2,0,2,2,1,1,1,1.1695164781979852,0.0057423029415073525,0,62,3515,-0.18414301612031703,6
1,0,0,0,-0.9924020376385531,1,0,1,0,0,0,0,0,0,0,0,0,0.19736523310080326,-0.7616292065498399,0,27,4946,0.2390454750566473,2
1,0,0,0,1.369379058123207,1,0,0,2,2,0,0,0,0,1,1,3,-0.3310862129520241,0.5232278073298569,0,20,4621,-0.5678558602271296,3
1,1,0,0,-0.3408762181180675,1,2,0,0,2,0,0,0,0,0,0,1,-0.3310862129520241,-0.4360803309045327,0,25,4330,-0.41030959616885726,3
0,0,0,0,0.8400143297628127,1,0,1,0,2,2,0,2,2,1,1,3,1.1811490571991479,1.2887242894170945,0,71,5377,-0.44867231631227716,6
0,0,0,0,1.125056875803025,0,1,0,2,0,2,0,2,2,2,0,2,-0.3709693409560109,0.42235133298875455,0,39,4173,-0.5608873486585425,5
0,0,0,0,-0.5037576729981889,1,0,2,1,1,1,1,1,1,1,1,1,-1.5093002860698053,-0.8144167427620109,0,77,5811,-0.5559869877656911,8
0,0,1,1,-0.38159658183809786,1,2,1,0,0,0,0,0,2,0,0,2,0.6925807391503077,-0.18147366857236458,0,25,3513,-0.25269716304475104,4
1,0,1,0,1.6137012404433893,1,0,0,2,0,2,2,2,2,2,1,2,0.53304822713436,1.5215585747156593,0,75,4689,-0.5347275688349667,6
1,0,0,0,-0.46303730927815856,1,0,2,1,1,1,1,1,1,2,0,3,-1.5009913010689746,-0.83354202228393,0,22,4562,-0.5594861993920436,8
1,1,0,0,-0.055833672077855064,1,2,1,0,2,0,0,2,0,0,1,2,0.8620840331672525,0.24945174718390842,0,60,3493,-0.3366580781804253,5
0,0,0,0,1.002895784642934,1,0,0,0,2,2,2,2,0,2,0,3,0.1657910900976468,0.7123629245397001,0,38,4487,-0.5237508536598263,5
0,0,1,1,0.5142514200025698,1,0,2,1,1,1,1,1,1,2,1,0,-1.4876969250676457,-0.6147152946513613,0,71,5169,-0.6117833899890363,8
1,0,0,0,-0.9109613101984924,1,2,1,0,2,2,0,0,2,0,1,2,1.0133075601823696,-0.5550894232006726,0,23,4810,0.3311748364814381,6
1,0,0,1,-0.748079855318371,1,0,2,1,1,1,1,1,1,0,0,3,-1.4893587220678117,-0.887366338354844,0,71,5770,-0.5091422227592884,8
1,0,1,0,-0.21871512695797646,1,2,0,2,0,0,2,2,2,1,0,3,0.534710024134526,-0.03325826706397468,0,51,4732,-0.3305670302829582,6
0,0,1,1,1.4915401492832983,1,2,1,0,2,0,2,0,2,2,1,0,0.9484974771758907,1.8169305387277654,0,45,5205,-0.508814636990013,6
0,0,1,0,0.10704778280226633,0,1,0,2,0,0,2,2,0,2,1,1,-0.6119299059800988,-0.2725117638283738,0,46,4577,-0.5140150610772622,4
1,0,1,0,0.5142514200025698,1,2,0,0,2,2,0,2,2,1,0,1,0.464914550127549,0.5827654421968229,0,63,2595,-0.46534899040798516,6
0,0,0,0,-0.62591876415828,1,0,1,0,2,0,0,2,0,0,1,2,0.6244470621434968,-0.4193815574349909,0,59,5564,-0.129443017354828,4
1,0,0,0,-0.4223169455581282,1,0,2,1,1,1,1,1,1,1,0,3,-1.5009913010689746,-0.819380050596419,0,37,2203,-0.5639273819557395,8
1,0,1,0,1.4100994218432374,1,0,0,2,0,2,2,0,2,2,0,3,0.10264280409133394,1.0358602996134518,0,59,4792,-0.5472312945942456,5
0,0,1,1,1.4100994218432374,1,2,1,0,0,2,2,2,2,2,1,0,1.3589613362169235,1.958042895246469,0,59,6383,-0.4834965927190186,7
0,1,0,0,-0.9516816739185228,1,0,1,0,0,2,0,0,0,0,0,1,0.356897745116751,-0.7245698413862597,0,30,3021,0.20401199695356834,3
0,0,0,0,-1.1145631287986442,1,0,2,1,1,1,1,1,1,0,0,3,-1.4827115340671475,-0.9537423084603279,0,66,5020,-0.2765836253877594,8
1,0,0,0,0.880734693482843,0,1,0,2,0,0,2,2,0,2,0,1,-0.6501512369839195,0.07977279668494497,0,54,5435,-0.5674078189036157,4
1,0,1,0,1.5322605130033284,1,2,0,2,2,2,2,2,0,2,1,0,0.4815325201292102,1.5230144783470858,0,27,5085,-0.5336557888460626,7
1,0,1,1,0.8400143297628127,1,2,0,2,0,2,2,2,2,0,0,2,0.6959043331506402,1.0307646369034598,0,36,5957,-0.4796716363307591,7
0,0,0,0,-0.055833672077855064,1,0,2,1,1,1,1,1,1,1,0,1,-1.4843733310673135,-0.7458127989175263,0,30,3086,-0.5896157143928836,8
1,0,1,1,-0.7888002190384014,1,0,0,0,2,2,2,0,0,0,0,0,-0.09843463292876686,-0.6748485264584564,0,47,4749,-0.15551338482634003,4
0,0,1,1,-0.1779947632379461,1,2,0,0,0,0,0,0,0,0,0,3,-0.49394231896830415,-0.3836016227353915,0,74,5250,-0.4643476928261103,2
1,0,1,0,0.22920887396235737,1,0,2,1,1,1,1,1,1,2,0,0,-1.4744025490663168,-0.6777603337213091,0,65,3756,-0.6016600036743005,8
1,0,1,0,0.7992939660427822,1,0,0,2,2,0,0,2,2,1,1,3,0.35357415111641893,0.6995906790458232,0,59,5211,-0.49852040871211833,5
1,0,1,1,1.2064976032430856,1,0,1,2,2,2,2,2,2,2,0,3,1.4420511862252297,2.005580354727133,0,43,5298,-0.464808948650665,8
0,0,0,0,-0.6666391278783103,1,0,1,0,2,0,0,0,2,0,1,2,0.7141841001524675,-0.4145506044761671,0,65,3511,-0.07992778600379193,4
1,0,0,0,-0.8295205827584317,1,0,1,0,0,2,0,2,2,1,0,2,1.0282637331838649,-0.48341925807182023,0,41,5527,0.18240393563404703,5
0,0,1,1,1.6137012404433893,1,2,1,2,2,2,2,2,2,2,1,0,1.7312038642541347,2.734436595423474,0,33,4055,-0.47810683672764936,9
1,1,0,0,1.5729808767233588,1,2,1,0,2,0,2,2,2,1,0,0,1.3622849302172555,2.2514074769788817,0,54,4921,-0.4932338388388449,7
0,0,1,0,-0.3408762181180675,1,0,2,1,1,1,1,1,1,1,0,3,-1.4827115340671475,-0.8042254173420265,0,39,3573,-0.569221452844423,8
0,0,0,0,-0.7073594915983407,1,0,2,1,1,1,1,1,1,2,0,3,-1.5009913010689746,-0.8594835778984362,0,38,2722,-0.5211809997801647,8
1,0,0,1,-1.2367242199587352,1,2,0,2,2,0,0,0,0,0,0,0,-0.12668518193159078,-0.946396612865404,0,78,3172,1.667774409333119,4
0,0,1,1,-1.1145631287986442,0,1,0,0,0,0,0,0,0,0,0,3,-1.3198554280508674,-0.9504113774247918,0,24,2071,-0.18294869300316668,1
1,0,1,0,0.35136996512244845,1,0,0,2,2,2,0,0,0,1,1,0,-0.14828854293375057,0.10216282980460799,0,50,4565,-0.4970215492960934,4
0,0,0,1,0.43281069256250915,1,0,0,2,2,0,0,0,2,0,1,2,-0.02697736192162338,0.2017598736817297,0,55,4205,-0.49499275106592105,4
1,1,1,0,-1.2774445836787656,1,2,1,0,0,0,0,0,0,0,0,2,0.3170146171127639,-0.9729999428578311,0,47,2968,3.5978005666481927,3
0,1,0,0,-1.2774445836787656,1,0,1,0,0,0,0,0,0,0,1,3,0.19404163910047073,-0.9746323196567032,0,25,2576,3.3856887810422784,2
1,0,1,0,1.5729808767233588,1,2,0,2,2,2,2,2,2,2,0,0,0.8570986421667539,1.819555577093519,0,23,5007,-0.5174387873464268,8
1,0,0,0,-1.0331224013585834,1,0,2,1,1,1,1,1,1,2,0,3,-1.505976692069473,-0.9328302381180219,0,42,2600,-0.38287838281414643,8
0,1,0,0,-0.1779947632379461,1,2,0,0,2,2,2,0,0,0,0,0,-0.010359391919962149,-0.1818266149072559,0,37,3820,-0.4068225021352241,5
1,1,0,0,-0.6666391278783103,1,0,1,0,0,0,0,0,0,0,0,2,0.16246749609731476,-0.545493694720817,0,63,5610,-0.19188504009149207,2
1,0,0,0,-1.0331224013585834,1,0,2,1,1,1,1,1,1,1,0,3,-1.504314895069307,-0.9490437103770882,0,71,4271,-0.38216178894385616,8
0,0,0,0,1.4915401492832983,1,2,1,0,2,2,2,2,2,2,1,0,1.5201556452330371,2.2834373568702615,0,33,4803,-0.4806422608323163,8
0,0,0,1,-1.2774445836787656,0,1,0,0,0,0,0,0,0,0,0,3,-1.33148800705203,-0.994882615621088,0,55,3065,0.7543560893364804,1
1,0,0,0,-1.1960038562387048,1,0,0,2,0,2,0,2,2,0,1,2,0.4200460311230638,-0.9148299750385687,0,24,5528,1.5569412240615605,5
0,0,1,0,1.4915401492832983,1,2,1,0,2,2,0,0,0,0,1,0,0.6859335511496436,1.5836991888024479,0,62,5976,-0.5217542748763969,5
0,0,1,0,1.5729808767233588,0,1,0,2,2,2,2,0,0,2,1,0,-0.5703849809759457,0.48444782878368203,0,22,4795,-0.5858336911885739,5
0,0,1,1,1.4915401492832983,1,0,2,1,1,1,1,1,1,2,0,3,-1.5076384890696393,-0.41185938867262134,0,57,6408,-0.629857578737326,8
0,0,0,0,0.6364125111626608,1,2,1,0,0,2,2,2,2,0,1,2,1.2991366442109427,1.1763329409001655,0,78,4304,-0.41863495450516,7
1,0,0,0,0.5142514200025698,1,2,1,2,0,2,2,2,2,0,1,1,1.4520219682262263,1.1845610023323172,0,33,5093,-0.39132172798147935,8
1,0,0,0,0.758573602322752,1,2,1,0,2,0,0,0,0,0,0,0,0.5396954151350245,0.7967832760164985,0,34,4121,-0.48303615683856066,4
1,0,0,0,1.6137012404433893,1,2,0,2,2,2,2,2,2,2,0,0,0.7274784761537967,1.7404955980778813,0,67,4621,-0.5255394611282314,8
1,0,1,1,0.18848851024232702,1,2,1,0,2,2,0,2,0,0,1,2,0.9368648981747281,0.5009701290857781,0,42,3462,-0.3811811868055643,6
1,0,1,0,1.5729808767233588,1,2,0,2,2,2,2,2,2,2,0,2,0.8504514541660894,1.7848124222526627,0,28,6483,-0.5177572735110001,8
0,0,0,0,1.369379058123207,1,2,2,1,1,1,1,1,1,2,1,1,-1.3165318340505352,-0.263004271932241,0,61,6141,-0.6185949844160393,9
1,0,1,0,0.758573602322752,1,0,0,2,0,0,2,2,2,1,1,0,0.3868100911197414,0.7440839763880502,0,52,6385,-0.493178716233438,5
0,0,1,0,-0.0965540357978854,1,0,2,1,1,1,1,1,1,1,0,0,-1.502653098069141,-0.7373200277342058,0,50,5203,-0.5893267652516375,8
0,0,0,0,0.06632741908223598,1,2,1,0,0,0,0,2,0,0,0,2,0.684271754149477,0.2721506083466012,0,78,3818,-0.3820389442803779,4
1,0,1,1,1.2879383306831464,1,2,2,1,1,1,1,1,1,2,1,3,-1.328164413051698,-0.3374538894483619,0,55,6281,-0.6178880987061043,9
1,1,1,0,1.3286586944031769,1,2,1,0,2,2,0,2,2,1,1,0,1.2758714862086173,1.9909330818291466,0,51,6441,-0.4824415008529585,7
1,0,0,0,0.5956921474426305,1,2,1,2,2,0,2,2,0,0,0,3,1.1961052302006432,1.0541914498818656,0,27,2508,-0.4209772902512447,7
0,0,1,1,1.4100994218432374,1,2,1,0,2,0,2,2,0,2,0,1,0.9750862291785486,1.7749078657297772,0,58,4803,-0.5029710849586713,6
1,0,0,0,0.26992923768238775,1,0,2,1,1,1,1,1,1,1,0,0,-1.5093002860698053,-0.6620101035267875,0,68,2607,-0.6061690327965884,8
1,0,0,0,-0.748079855318371,1,0,2,1,1,1,1,1,1,0,0,3,-1.491020519067978,-0.8805941805541184,0,34,3854,-0.5095244061567766,8
1,1,0,0,0.9621754209229036,1,2,1,0,0,2,0,2,2,0,1,2,1.2060760122016398,1.4621974130161388,0,65,5514,-0.4583721756403386,6
0,0,0,0,-0.748079855318371,1,0,0,0,0,0,2,0,2,1,0,1,-0.18817167093773737,-0.6648116150599868,0,58,5718,-0.20989262252608007,3
1,0,1,0,-0.6666391278783103,1,0,0,2,2,0,0,0,0,1,1,3,-0.29618847594853537,-0.6273331261237233,0,55,2464,-0.28495793806801406,3
1,0,1,1,1.5322605130033284,1,2,1,2,2,0,0,2,2,0,1,2,1.3722557122182522,2.326937992645607,0,30,4583,-0.4903775562290965,7
1,1,1,0,1.6137012404433893,1,2,0,2,2,2,0,2,2,2,1,1,0.642726829145324,1.633221971416875,0,63,4671,-0.5295445337183469,7
0,0,1,1,-0.38159658183809786,1,0,1,0,0,2,0,0,0,0,1,1,0.3502505571160864,-0.2544894416029898,0,49,5903,-0.3019032754713482,3
1,0,0,1,-0.46303730927815856,1,2,2,1,1,1,1,1,1,0,0,3,-1.33148800705203,-0.7996812332803017,0,54,5403,-0.5329070812940051,9
0,0,0,0,0.14776814652229667,1,2,0,0,0,2,0,0,0,1,0,2,-0.29785027294870164,-0.1492231972216776,0,25,4770,-0.48872123419620633,3
0,0,0,0,0.7178532386027215,0,1,0,0,2,2,2,0,0,2,0,1,-0.8329489070021932,-0.15308354775955052,0,49,5174,-0.5723823343554132,4
0,0,1,1,0.6364125111626608,0,1,0,0,0,0,2,0,0,0,1,1,-1.1719554950360824,-0.37795448137713167,0,36,3194,-0.5926063969739929,2
0,0,0,1,0.7178532386027215,1,0,2,1,1,1,1,1,1,2,0,1,-1.4827115340671475,-0.5774573971744049,0,27,4263,-0.6163334250665484,8
1,0,1,0,1.6137012404433893,1,2,0,2,2,2,2,0,2,2,0,1,0.4915033021302069,1.557889988063526,0,55,4766,-0.5366908397124742,7
1,0,0,1,-0.9109613101984924,1,2,2,1,1,1,1,1,1,0,0,1,-1.328164413051698,-0.9069989782331692,0,36,5212,-0.4031384458741708,9
0,0,0,0,-0.5851984004382496,1,0,2,1,1,1,1,1,1,0,0,3,-1.4993295040688086,-0.8329684844897317,0,20,4333,-0.543055970557446,8
1,0,0,0,-0.9516816739185228,1,0,1,0,0,2,0,2,2,0,1,2,0.9734244321783826,-0.6476937178177615,0,42,3475,0.4166970576557145,5
1,0,0,0,-1.2367242199587352,1,2,1,2,0,0,0,0,2,0,0,3,0.8637458301674186,-0.9286831186830499,0,60,4766,2.8066809338477565,5
0,0,1,0,0.3106496014024181,1,2,1,0,0,0,2,0,0,0,1,1,0.46823814412788106,0.3737329753574861,0,45,5257,-0.44113222109896116,4
1,0,1,0,1.4915401492832983,1,2,1,0,0,2,0,2,2,1,0,0,1.15456030519649,2.012551044841235,0,56,4237,-0.4986594781424711,6
1,0,0,1,-0.5851984004382496,1,2,1,0,0,2,0,0,0,0,1,1,0.5247392421335293,-0.385189881242402,0,37,5334,-0.17555646149911994,4
1,1,1,0,-0.8702409464784621,1,0,1,0,0,0,0,0,0,0,1,2,0.18074726309914202,-0.6375244515437077,0,29,2848,0.00909846423462041,2
1,0,1,0,0.9214550572028734,1,0,0,2,0,0,0,0,2,1,0,1,-0.17653909193657447,0.3870346403536998,0,77,5712,-0.5399148109606098,3
1,0,1,0,0.025607055362205634,1,2,1,0,2,2,0,0,2,0,1,2,0.9501592741760567,0.35835775064378655,0,40,3348,-0.3468379263966074,6
0,0,0,0,0.5549717837226001,1,0,0,0,0,0,0,0,0,0,0,0,-0.6584602219847502,-0.04889820152884266,0,44,2626,-0.5519792895245542,1
1,0,0,0,0.06632741908223598,1,2,2,1,1,1,1,1,1,2,0,0,-1.2849576910473786,-0.5732661594475714,0,46,2026,-0.576133512576137,9
0,0,0,0,-1.1960038562387048,1,0,2,1,1,1,1,1,1,0,0,2,-1.481049737066981,-0.9766838202282585,0,24,4369,-0.08262555116253167,8
1,0,1,1,-0.0965540357978854,1,0,2,1,1,1,1,1,1,2,0,3,-1.4461520000634926,-0.6917017139495131,0,70,3047,-0.583039231938123,8
0,0,0,0,0.025607055362205634,1,2,0,2,0,0,2,0,0,1,0,2,-0.17820088893674074,-0.14423783024133885,0,38,2853,-0.46132433532062617,4
1,0,1,1,0.5142514200025698,1,2,1,0,2,2,0,0,2,1,1,1,1.0049985751815391,0.921682160276136,0,27,2719,-0.4248458586089711,6
1,0,0,0,0.3106496014024181,1,0,0,2,2,0,2,0,0,0,1,3,-0.09511103892843457,0.16207547015239582,0,52,2520,-0.4885322839337699,4
0,0,0,0,1.5729808767233588,1,2,1,2,2,2,2,2,2,2,1,2,1.7910285562601154,2.7343924771316126,0,73,4296,-0.47269148122385773,9
0,0,1,0,1.6137012404433893,0,1,0,2,2,2,2,2,2,2,0,0,-0.010359391919962149,0.9918964217735619,0,45,5265,-0.5604071519127652,7
0,0,1,1,-0.4223169455581282,1,0,1,0,0,0,0,0,2,0,1,2,0.5114448661322006,-0.21577564049460696,0,42,4732,-0.26208558128739423,3
1,0,1,0,0.5549717837226001,1,0,2,1,1,1,1,1,1,1,1,0,-1.481049737066981,-0.6327155577308147,0,68,2325,-0.6123561347660306,8
0,0,1,1,0.9214550572028734,1,0,2,1,1,1,1,1,1,2,0,3,-1.4544609850643233,-0.47181614731227073,0,24,5046,-0.6186377661396387,8
1,0,0,0,-1.2774445836787656,1,0,2,1,1,1,1,1,1,0,0,3,-1.4727407520661506,-0.9967576430251978,0,38,4845,0.5107141734377953,8
0,0,0,0,-0.8295205827584317,1,2,0,0,0,0,2,2,2,1,1,3,0.36853032411791364,-0.6288110889010803,0,70,5942,0.0073345408615981605,5
1,0,0,0,-0.055833672077855064,1,2,1,0,2,0,0,0,0,0,1,2,0.5214156481331973,0.06589759389453298,0,49,4684,-0.3733835140328006,4
0,0,1,0,1.4100994218432374,1,2,0,2,0,0,0,2,2,2,1,2,0.356897745116751,1.301364180035387,0,69,5420,-0.534332604929021,5
1,0,0,0,-1.2774445836787656,1,0,0,0,0,0,0,0,0,0,0,3,-0.6750781919864114,-0.9861692529784606,0,74,3498,1.8865744043950756,1
1,0,1,1,0.35136996512244845,1,2,0,2,2,2,0,2,0,0,1,1,0.32532360211359457,0.3281587798646549,0,61,2748,-0.4581207391946227,6
1,0,1,0,0.3920903288424788,0,1,0,2,0,2,2,2,0,2,0,1,-0.5521052139741185,-0.10916378821152191,0,25,2673,-0.5332464407590052,5
1,0,1,0,-0.38159658183809786,1,0,2,1,1,1,1,1,1,1,0,3,-1.4993295040688086,-0.8130270165683767,0,70,5460,-0.567759601349031,8
0,0,0,0,-1.2774445836787656,1,0,2,1,1,1,1,1,1,0,0,3,-1.4827115340671475,-0.9968899979007819,0,31,3167,0.4935159205508293,8
0,0,0,0,0.9621754209229036,1,2,1,2,2,0,0,2,2,0,1,1,1.3905354792200795,1.594530229454423,0,80,5056,-0.44720839745055363,7
1,0,0,1,-0.7073594915983407,1,2,1,0,2,0,0,2,0,0,1,2,0.8720548151682491,-0.3748662009468333,0,48,4602,-0.009532976392926152,5
1,0,1,1,-0.8295205827584317,1,2,2,1,1,1,1,1,1,2,1,0,-1.3082228490497045,-0.8676895801846575,0,71,2219,-0.43761512998324015,9
0,0,1,0,0.880734693482843,1,0,0,2,0,2,2,0,2,2,0,0,0.1724382780983114,0.7024142497249531,0,57,5077,-0.5158130602427178,5
0,0,0,0,-1.0331224013585834,1,0,0,0,0,0,0,2,2,0,1,2,0.06940686408801149,-0.8036739386937589,0,43,4858,0.29645260622101055,3
1,0,1,1,-0.6666391278783103,1,0,2,1,1,1,1,1,1,0,0,2,-1.4827115340671475,-0.8551820444419492,0,58,5271,-0.525733478485538,8
0,0,0,0,-0.46303730927815856,1,0,0,2,0,2,0,0,2,1,0,3,0.0029349840813665527,-0.41600650810759343,0,51,3302,-0.3236616711692522,4
1,1,1,0,-0.0965540357978854,1,2,0,0,0,2,0,2,2,2,0,2,0.33529438411459117,-0.04322900102465216,0,27,5610,-0.3847970051120203,5
1,0,0,0,-1.1960038562387048,1,0,0,0,0,0,2,0,0,0,1,3,-0.4740007549663106,-0.9405950574856292,0,43,5258,0.7858862196292514,2
1,0,0,0,-0.8702409464784621,1,0,1,0,0,2,0,0,0,0,0,2,0.2704843011081128,-0.644693673971186,0,71,3042,0.03489584356506937,3
0,0,0,0,1.2064976032430856,1,2,1,2,2,2,2,2,2,1,1,1,1.6713791722481544,2.1413764570765377,0,43,6494,-0.45225149416176924,9
1,0,0,0,-0.5851984004382496,1,0,2,1,1,1,1,1,1,0,0,2,-1.5209328650709681,-0.8518952316982745,0,39,5379,-0.5469783791106138,8
1,0,0,1,-1.0738427650786138,1,0,2,1,1,1,1,1,1,0,0,3,-1.502653098069141,-0.9490437103770882,0,69,2309,-0.3414183088902105,8
0,0,0,0,0.5549717837226001,1,2,1,0,0,2,0,2,2,1,1,2,1.2077378092018058,1.0564856010586585,0,54,4883,-0.4150031335524775,6
1,0,0,0,-0.46303730927815856,1,2,1,0,0,0,0,0,2,0,1,2,0.642726829145324,-0.2392465717648744,0,69,4649,-0.22333852932861717,4
1,0,0,0,1.4508197855632678,1,2,2,1,1,1,1,1,1,2,1,0,-1.3497677740538576,-0.34451281614618673,0,70,5987,-0.6215041416207997,9
0,0,0,0,-1.2774445836787656,1,2,0,0,0,0,0,0,0,0,1,2,-0.48729513096763954,-0.9836765694882912,0,57,5617,2.2104748337662685,2
0,0,1,0,-0.30015585439803716,1,0,1,0,0,2,0,0,0,0,1,2,0.32698539911376057,-0.21264324177244723,0,35,4591,-0.33266168928842205,3
0,0,0,1,-0.3408762181180675,1,0,2,1,1,1,1,1,1,2,0,3,-1.4960059100684764,-0.7860266219491969,0,43,2639,-0.5710559331523661,8
1,0,1,0,0.758573602322752,1,2,1,0,2,2,0,2,2,1,1,0,1.397182667220744,1.4201967991640814,0,33,4640,-0.4261496280585962,7
0,0,1,0,1.002895784642934,1,2,0,2,0,2,2,2,2,2,1,2,0.6560212051466532,1.131927880141661,0,41,5928,-0.4945928961790506,7
0,0,0,0,-0.7073594915983407,1,2,2,1,1,1,1,1,1,2,0,0,-1.3198554280508674,-0.8429392184504093,0,43,5218,-0.48212663384934606,9
0,0,1,0,1.6137012404433893,1,0,0,2,2,2,2,2,2,2,1,0,0.6294324531439953,1.6840683027871441,0,36,4592,-0.5301727803991492,7
1,0,1,0,-0.1779947632379461,1,2,1,0,2,2,0,2,0,0,0,1,1.0581760791868549,0.17850953387076915,0,43,5530,-0.27971357562580873,6
1,0,1,1,1.5322605130033284,1,0,1,2,2,2,2,2,0,2,1,1,1.2077378092018058,2.0802064454107,0,62,4226,-0.4983711103878272,7
0,0,0,0,-0.7888002190384014,1,0,2,1,1,1,1,1,1,1,0,3,-1.481049737066981,-0.885226601199566,0,34,2953,-0.49620258487290453,8
0,1,1,0,1.0843365120829946,1,2,1,2,2,2,2,0,0,1,1,2,0.9734244321783826,1.4136231736767317,0,30,5061,-0.481911655688259,7
0,0,1,0,1.2064976032430856,1,0,0,2,0,2,2,2,2,2,0,3,0.5396954151350245,1.193914080206935,0,31,4684,-0.5142198021830594,6
0,0,0,0,-0.46303730927815856,1,0,0,2,0,2,2,0,0,1,1,2,-0.1499503399339166,-0.45061730807286565,0,25,4870,-0.34763499337532594,4
0,0,0,0,-1.2367242199587352,1,0,0,0,0,2,0,0,2,0,0,2,-0.13000877593192306,-0.9566320565772498,0,54,3796,1.663952575358238,3
0,0,0,0,-1.2774445836787656,1,0,0,0,0,0,0,0,0,0,0,1,-0.6916961619880726,-0.9863898444377677,0,20,5684,1.8579106495834656,1
1,0,0,0,-1.1552834925186746,1,0,1,0,0,2,0,0,2,0,0,2,0.7075369121518029,-0.8698513764858664,0,55,3653,1.311579482874179,4
0,0,0,0,-0.5444780367182193,1,0,2,1,1,1,1,1,1,1,0,1,-1.479387940066815,-0.8365200069845748,0,78,5586,-0.5455451913700332,8
1,0,1,1,1.4100994218432374,1,0,2,1,1,1,1,1,1,2,1,1,-1.5076384890696393,-0.43921272962669244,0,70,4890,-0.6289229958073341,8
1,1,1,0,1.6137012404433893,1,2,1,2,2,2,0,0,2,2,1,1,1.259253516206956,2.3252835567008043,0,66,4680,-0.5004095938961349,7
1,0,1,0,0.8400143297628127,1,0,2,1,1,1,1,1,1,2,0,1,-1.491020519067978,-0.5160447349033292,0,61,4157,-0.6193809005236434,8
0,0,0,0,-1.1145631287986442,1,0,2,1,1,1,1,1,1,1,0,2,-1.502653098069141,-0.9618380150168957,0,47,2575,-0.28804912731240334,8
1,1,1,0,1.5729808767233588,1,0,1,0,2,2,2,0,2,2,1,1,1.0216165451832002,1.953300178871368,0,80,6412,-0.509556254773234,6
0,0,1,0,0.7178532386027215,1,2,0,0,2,2,2,2,2,1,1,1,0.6443886261454905,0.8314823125654932,0,43,4625,-0.47245261660042764,7
1,0,1,1,0.9621754209229036,1,2,1,0,0,2,2,2,2,2,1,2,1.2775332832087833,1.5856183344984192,0,55,4478,-0.45404746877402546,7
1,0,0,0,-1.2367242199587352,1,0,0,0,0,0,2,0,0,0,1,1,-0.48397153696730727,-0.9575805998522701,0,59,4697,1.2569272570333758,2
1,0,1,1,0.5549717837226001,1,0,2,1,1,1,1,1,1,2,0,1,-1.4893587220678117,-0.6253036846980985,0,75,3574,-0.6129660018896818,8
1,0,1,0,1.5729808767233588,1,2,1,2,2,2,2,2,2,2,1,2,1.7112623002521414,2.772841568488827,0,47,6124,-0.47651331519873913,9
0,0,0,0,-0.13727439951791576,0,1,0,0,0,0,2,0,0,0,1,2,-1.115454397030434,-0.5971562144905223,0,39,4761,-0.5423921783407561,2
1,0,1,1,1.4915401492832983,1,2,2,1,1,1,1,1,1,2,0,0,-1.3397969920528607,-0.24773934294819486,0,39,5295,-0.6215860380631186,9
1,0,1,0,1.5729808767233588,1,2,0,0,2,2,2,2,2,2,0,1,0.6460504231456565,1.622280635035247,0,33,4753,-0.5275507230716336,7
1,1,1,0,0.9621754209229036,1,0,0,2,2,2,2,2,2,2,1,0,0.6942425361504742,1.122685097996697,0,70,6500,-0.48934914575253463,7
1,0,0,0,0.9621754209229036,1,0,2,1,1,1,1,1,1,1,1,3,-1.4478137970636586,-0.4593086115695624,0,23,6473,-0.6189897771636409,8
0,0,1,0,-0.1779947632379461,1,2,2,1,1,1,1,1,1,1,0,3,-1.303237458049206,-0.7092166758184908,0,39,3493,-0.5606183727795868,9
0,0,1,1,-0.5444780367182193,1,0,2,1,1,1,1,1,1,0,0,3,-1.481049737066981,-0.8371597222165652,0,64,3636,-0.5458318289181493,8
1,0,1,0,1.369379058123207,1,2,0,0,0,0,2,0,2,0,0,2,-0.030300955921955676,0.8756888410106214,0,72,5956,-0.5523688762841403,4
0,0,1,0,-0.62591876415828,1,2,0,0,0,2,2,0,0,1,1,3,-0.09344924192826831,-0.533405282750792,0,27,4759,-0.267029040450556,4
1,0,1,1,0.7992939660427822,1,2,2,1,1,1,1,1,1,2,0,3,-1.2965902700485417,-0.41201380269413634,0,21,4676,-0.6059283654212834,9
0,0,0,0,-0.5444780367182193,1,0,0,0,2,0,0,2,0,1,0,2,-0.21808401694072754,-0.5446333880295197,0,73,4033,-0.32798729234991325,3
0,0,0,0,0.14776814652229667,1,0,0,2,2,2,2,2,2,1,0,0,0.7008897241511383,0.3193351214923739,0,64,4898,-0.39560276586227333,7
1,0,1,1,1.6137012404433893,1,2,1,2,2,2,2,0,2,1,1,1,1.3340343812144315,2.3196364153425444,0,35,4927,-0.49687570631662137,8
1,1,0,0,0.06632741908223598,1,0,1,0,2,2,0,2,2,1,1,2,1.1661928841976528,0.46916084065370517,0,71,5626,-0.33453900773542417,6
1,0,1,0,-0.9924020376385531,1,0,2,1,1,1,1,1,1,0,1,0,-1.502653098069141,-0.9346832063762008,0,31,4909,-0.4125772176606201,8
0,0,0,0,1.4915401492832983,1,2,1,0,0,2,2,2,2,2,0,2,1.304122035211441,2.095074309767993,0,63,5902,-0.4912887983337714,7
0,0,1,0,0.7178532386027215,1,2,1,2,0,2,0,2,2,1,1,3,1.3174164112127704,1.3028862611046053,0,26,6100,-0.4269278295466941,7
1,0,0,0,-0.9109613101984924,1,0,2,1,1,1,1,1,1,1,0,3,-1.504314895069307,-0.906138671541872,0,80,5039,-0.45838131878381916,8
0,0,1,1,-0.8295205827584317,1,2,2,1,1,1,1,1,1,2,0,1,-1.3132082400502028,-0.8845868859675755,0,49,2646,-0.43893807251300676,9
0,0,1,0,1.5322605130033284,0,1,0,2,0,2,2,0,2,2,1,0,-0.49560411596847015,0.4810948386022151,0,26,5460,-0.5811326559706448,5
0,1,0,0,1.2879383306831464,1,2,1,2,0,2,2,2,2,0,1,0,1.4686399382278874,2.1316042554292363,0,26,5780,-0.46945394686629005,8
0,0,1,0,1.369379058123207,1,2,0,2,2,2,2,2,2,2,0,1,0.8354952811645946,1.623163000872475,0,20,4082,-0.5077903202935469,8
0,0,1,0,1.5729808767233588,1,0,0,2,0,2,2,2,2,2,1,1,0.572931355138347,1.641251500535651,0,72,5770,-0.5310540708819415,6
1,1,0,0,-0.5037576729981889,1,0,1,0,0,0,0,2,2,0,0,2,0.8371570781647607,-0.27851185152152486,0,33,4812,-0.17052773258480236,4
1,0,1,0,1.6137012404433893,1,0,0,2,2,0,2,2,2,2,1,0,0.48485611412954227,1.5324557928054263,0,55,4278,-0.5370049630528755,6
0,0,1,0,1.5729808767233588,1,0,0,2,2,2,2,0,0,2,0,1,-0.023653767921291324,0.9764109013302086,0,71,4374,-0.5596382041524081,5
1,0,1,1,0.22920887396235737,1,2,1,0,0,2,0,2,2,0,1,1,1.2093996062019723,0.7398486203693552,0,34,3738,-0.36426531638840226,6
1,0,0,0,0.025607055362205634,0,1,0,0,2,0,0,2,0,1,1,2,-0.8528904710041867,-0.428271393245064,0,40,2855,-0.5297801262236477,3
0,0,1,0,-0.38159658183809786,0,1,0,2,0,0,2,0,0,2,0,3,-1.0024522010191377,-0.6468995885642563,0,73,4445,-0.49633907894343604,3
1,0,1,0,1.0436161483629645,1,0,2,1,1,1,1,1,1,1,1,2,-1.502653098069141,-0.5165962135515968,0,72,4801,-0.623641777572852,8
0,1,1,0,1.5322605130033284,1,2,1,0,2,0,2,2,2,2,1,0,1.3190782082129364,2.236627849205311,0,27,5004,-0.4929613313107064,7
1,0,1,0,-1.1552834925186746,1,0,1,0,0,0,0,0,0,0,0,2,0.19071804510013865,-0.8759838190546015,0,68,2896,0.9550023730177504,2
1,0,1,1,0.5142514200025698,1,0,2,1,1,1,1,1,1,2,0,3,-1.4760643460664828,-0.5958326657346801,0,62,4210,-0.610911014842596,8
1,0,1,1,0.14776814652229667,1,0,2,1,1,1,1,1,1,2,0,1,-1.505976692069473,-0.6729073216165545,0,39,5745,-0.6013620436450737,8
1,0,0,0,0.880734693482843,1,0,0,2,2,0,2,2,0,0,1,3,0.17077648109814536,0.7074657941430841,0,65,6092,-0.5159172920783962,5
1,0,1,0,-0.38159658183809786,1,2,0,0,2,0,2,0,0,2,0,3,-0.16823010693574386,-0.38185895020686594,0,49,3464,-0.37642903798153415,4
0,0,1,0,0.35136996512244845,1,2,0,2,2,2,0,2,0,1,1,1,0.4516201741262198,0.41094675454258117,0,44,2894,-0.4477471898342305,6
1,1,0,0,-1.1145631287986442,1,0,1,0,0,0,0,0,0,0,1,3,0.2222921881032951,-0.8418362611538742,0,36,5171,0.7037167891693027,2
1,0,1,0,-0.21871512695797646,0,1,0,0,2,2,0,0,2,1,1,1,-0.62854787598176,-0.45588944395030345,0,49,2068,-0.4738858043410082,4
0,0,0,0,-1.2774445836787656,1,0,1,0,0,0,2,2,2,0,1,2,1.0332491241843629,-0.9634924509616984,0,23,3270,4.8332083990285835,5
0,0,1,0,1.4100994218432374,0,1,0,2,0,0,2,0,0,2,0,1,-0.9658926670154829,0.11733952220493113,0,25,5655,-0.6014395132526726,3
0,1,1,0,1.6137012404433893,1,2,0,2,2,2,2,2,2,2,1,1,0.8238627021634315,1.8393426309933594,0,25,4993,-0.520984672692414,8
0,0,1,1,0.9621754209229036,1,2,2,1,1,1,1,1,1,2,1,1,-1.3231790220511994,-0.3577262445586774,0,76,5243,-0.6114466837921646,9
1,0,1,0,0.47353105628253944,1,2,2,1,1,1,1,1,1,1,0,2,-1.3265026160515319,-0.5585968274036544,0,58,5331,-0.5983183488398529,9
0,1,1,0,1.369379058123207,1,2,1,0,2,0,0,2,2,0,1,2,1.1977670272008092,1.9460647790060979,0,32,5469,-0.4891374888042006,6
0,0,1,0,1.4915401492832983,1,2,1,0,0,2,2,2,2,2,0,0,1.3489905542159264,2.1886712659519634,0,34,5268,-0.4890775943911615,7
0,0,0,0,0.3106496014024181,1,0,2,1,1,1,1,1,1,2,0,1,-1.4993295040688086,-0.6394877155315403,0,75,3878,-0.6066828830352843,8
1,0,1,1,-0.0965540357978854,1,2,0,2,0,0,0,0,0,0,1,0,-0.3427187919531868,-0.3048725309087143,0,38,2613,-0.46024740487419374,3
0,0,0,0,-0.8702409464784621,1,0,0,0,0,0,2,2,2,0,0,3,0.19071804510013865,-0.6399068393042237,0,75,5541,0.011964839715781349,4
0,0,0,0,-0.7073594915983407,1,0,2,1,1,1,1,1,1,1,0,1,-1.4843733310673135,-0.8723440599760357,0,71,4359,-0.5175980304287134,8
1,0,0,0,-0.8702409464784621,1,0,0,0,0,2,0,2,2,0,1,2,0.15249671409631763,-0.6915472999279981,0,47,2288,0.0009770670379974271,4
0,0,1,0,1.2879383306831464,1,0,2,1,1,1,1,1,1,1,0,0,-1.4943441130683104,-0.4160726855453855,0,31,5384,-0.6267077155712151,8
1,1,1,0,1.6137012404433893,1,0,0,2,2,2,2,2,0,2,0,0,0.32033821111309646,1.3592914972494117,0,58,5590,-0.5447795157278053,6
1,1,1,0,1.6137012404433893,1,2,1,2,2,2,2,0,0,2,1,0,0.9401884921750601,1.9656091823007003,0,39,4988,-0.5154875142353929,7
0,0,0,1,-1.2774445836787656,1,0,0,2,0,0,0,0,0,0,0,3,-0.4507355969639848,-0.9831912682778158,0,51,3699,2.2735350943518107,2
0,0,0,0,-0.7073594915983407,1,0,0,2,2,2,2,0,0,1,0,1,0.0278619390838584,-0.5601850859106648,0,28,2976,-0.1915478194466497,5
0,0,0,0,1.125056875803025,1,2,0,0,0,2,2,2,2,1,0,1,0.5247392421335293,1.1326558319573745,0,52,4159,-0.5102323852373694,6
1,0,0,0,0.9621754209229036,1,0,0,2,0,2,0,0,0,1,0,3,-0.4008816869590011,0.32646022562799065,0,63,4753,-0.5556277928432399,3
0,0,0,0,-0.9924020376385531,1,0,2,1,1,1,1,1,1,2,0,3,-1.4594463760648215,-0.9344626149168939,0,23,4249,-0.396015937102801,8
0,0,1,0,0.6771328748826912,1,2,0,0,0,0,0,0,0,0,1,1,-0.4191614539608286,0.13412653225819582,0,40,5224,-0.5420482132830168,2
1,0,0,0,1.5322605130033284,1,2,1,2,2,2,2,2,2,2,1,0,1.6680555782478224,2.3962919474517355,0,26,4511,-0.47600530733764135,9
1,1,1,0,0.7992939660427822,1,0,1,2,0,2,2,2,2,1,1,0,1.3190782082129364,1.4124540389424047,0,78,5490,-0.4356764783515696,7
0,0,1,0,1.6137012404433893,1,2,1,2,2,2,2,2,2,2,1,1,1.624848856243503,2.578478433693407,0,79,6469,-0.4831328101740686,9
0,0,0,0,0.3106496014024181,1,0,2,1,1,1,1,1,1,2,1,0,-1.4677553610656522,-0.6407892051414518,0,27,3091,-0.6040262423454278,8
0,1,0,0,0.3106496014024181,1,0,1,0,0,0,0,2,2,0,1,2,0.8903345821700764,0.6149497361097178,0,59,5742,-0.40561712977140535,4
1,0,0,1,-1.2774445836787656,1,0,0,0,0,2,0,0,0,0,1,2,-0.49560411596847015,-0.9837868652179447,0,49,5323,2.1961429563604637,2
1,0,1,0,-0.0965540357978854,1,0,2,1,1,1,1,1,1,1,0,1,-1.4943441130683104,-0.7513717036920632,0,74,4006,-0.5884021279996501,8
0,1,1,0,0.47353105628253944,1,2,1,0,0,2,2,2,2,0,0,2,1.3091074262119398,0.9776241543563972,0,32,2944,-0.39627072603445973,7
0,1,0,0,-1.0331224013585834,1,0,0,2,0,0,0,0,0,0,1,2,-0.5504434169739522,-0.8556232273605633,0,34,5525,0.029163092602747392,2
1,1,0,0,1.6137012404433893,1,2,2,1,1,1,1,1,1,2,1,1,-1.3181936310507012,-0.21610652768356747,0,74,5751,-0.6222109191367025,9
0,1,0,0,-0.9924020376385531,1,2,1,0,0,0,2,2,2,0,1,1,1.1761636661986499,-0.6049430930040602,0,42,5157,0.6142221769241649,6
1,0,0,1,-1.1960038562387048,1,0,0,2,0,2,0,0,0,0,0,3,-0.29452667894836937,-0.9362714648832114,0,36,4648,0.9406704956119454,3
1,1,1,0,-0.9924020376385531,1,0,0,0,0,2,2,0,2,0,1,1,-0.012021188920128179,-0.7491437299530623,0,78,4537,0.1587869615841393,4
0,0,0,0,-1.1145631287986442,1,0,1,0,2,0,0,2,0,0,1,3,0.682609957149311,-0.8202844755795778,0,67,2689,0.9683787919298351,4
0,0,1,1,1.6137012404433893,1,2,1,2,0,2,2,2,2,2,0,3,1.4187860282229037,2.336930785752215,0,28,5246,-0.492870633726506,8
0,0,1,0,0.880734693482843,1,2,0,2,2,2,2,2,2,2,0,1,0.8820255971692458,1.1846933572079015,0,27,5907,-0.4713060664079633,8
1,0,1,0,1.6137012404433893,1,2,0,0,2,2,2,2,2,2,0,0,0.7042133181514708,1.708333363310917,0,62,6450,-0.5266388928196357,7
1,1,0,0,-1.2774445836787656,1,0,0,0,0,0,0,0,0,0,0,2,-0.6501512369839195,-0.9858383657895,0,44,4576,1.9295700366124906,1
1,0,1,1,1.4915401492832983,1,2,1,0,0,2,0,0,0,2,1,1,0.47987072312904416,1.3857183540743931,0,63,4072,-0.5319094337239387,4
0,0,0,0,0.6364125111626608,1,0,0,2,2,0,0,0,0,2,0,1,-0.3078210549496983,0.15336210750976834,0,48,4975,-0.5317690398228206,3
0,0,1,0,-0.9924020376385531,1,2,1,0,0,0,2,0,2,0,1,2,0.8471278601657574,-0.6776500379916556,0,76,4969,0.48810165575308095,5
1,0,1,0,1.5729808767233588,1,2,0,2,2,2,2,2,2,2,1,3,0.8803638001690798,1.9014391267882869,0,30,5529,-0.5163240857704197,8
1,0,1,0,1.4100994218432374,1,0,1,2,2,0,0,2,2,1,1,1,1.2010906212011416,1.9647709347553333,0,31,4078,-0.49150558303402725,6
1,0,1,1,0.06632741908223598,1,2,1,0,2,0,0,2,2,0,1,0,1.0947356131905097,0.4986539187630543,0,39,5789,-0.3415821017748483,6
0,0,0,0,-1.1960038562387048,1,0,1,0,0,0,0,0,0,0,1,2,0.16911468409797886,-0.9176094274258373,0,40,4764,1.3405298752339048,2
0,0,1,0,-0.9516816739185228,1,0,0,0,2,0,2,2,0,1,1,3,0.0278619390838584,-0.7440260080971394,0,65,2205,0.0905035278995927,4
1,0,1,1,1.5729808767233588,1,0,1,2,2,2,0,2,2,1,1,0,1.325725396213601,2.2097377503157842,0,74,6101,-0.4949855127439989,7
1,0,0,0,1.002895784642934,1,2,1,0,0,0,2,2,0,2,1,1,0.8537750481664219,1.301518594056902,0,24,5076,-0.48283087265290714,5
1,0,0,0,1.6137012404433893,0,1,0,2,2,2,2,2,2,2,1,0,-0.035286346922454,0.964013661317154,0,46,4921,-0.5615851144392697,7
0,1,1,1,0.6364125111626608,1,0,1,2,0,2,2,2,2,0,1,2,1.3207400052131024,1.2301572569710795,0,71,3847,-0.41711402057638064,7
1,0,0,0,-0.5851984004382496,1,0,2,1,1,1,1,1,1,1,0,3,-1.4843733310673135,-0.8284904778657992,0,57,5586,-0.5403404569437145,8
1,0,1,1,0.43281069256250915,1,2,1,0,0,2,2,2,2,1,1,1,1.3140928172124378,0.9583003425211022,0,60,3927,-0.38984888682515156,7
0,0,1,0,1.6137012404433893,1,2,0,2,2,2,2,2,2,2,1,0,0.9468356801757247,1.9452706497525925,0,28,5197,-0.5151733908949916,8
1,0,1,0,0.10704778280226633,1,2,0,0,0,0,2,2,2,1,1,0,0.28876406810994004,0.16825203101299252,0,66,4719,-0.42770531047785876,5
1,0,0,0,-1.1552834925186746,1,0,2,1,1,1,1,1,1,0,0,3,-1.46443176706532,-0.9735514215060986,0,76,4676,-0.18696161867679212,8
0,0,1,1,0.6771328748826912,1,2,2,1,1,1,1,1,1,2,0,3,-1.3132082400502028,-0.4712205503721417,0,35,5616,-0.6037326136376016,9
0,0,1,1,1.5729808767233588,1,2,1,2,2,2,0,2,0,2,0,0,1.1877962451998125,2.096022853043013,0,41,4080,-0.5015941006588979,7
1,0,1,1,-0.8702409464784621,1,0,1,0,0,0,0,2,2,0,0,2,0.85876043916692,-0.5556850201408016,0,65,2004,0.20401199695356834,4
1,0,1,0,1.247217966963116,1,2,0,2,2,2,2,2,2,2,1,1,0.8188773111629334,1.46380773066908,0,80,5004,-0.5014746683471829,8
0,1,0,0,1.3286586944031769,1,2,1,0,2,2,0,2,0,0,1,0,1.0199547481830342,1.7398338236999604,0,62,4168,-0.49581791976504314,6
0,0,0,1,0.6771328748826912,1,0,2,1,1,1,1,1,1,2,0,1,-1.4727407520661506,-0.553721756152969,0,20,4784,-0.6147394954852597,8
0,0,1,1,-1.1552834925186746,1,0,2,1,1,1,1,1,1,0,1,2,-1.4893587220678117,-0.9692057697577503,0,26,2951,-0.2041598715637581,8
0,0,1,0,1.6137012404433893,1,2,1,0,2,2,2,2,2,1,0,1,1.475287126228552,2.4308586291251464,0,46,4807,-0.49020058533309574,8
0,1,1,0,-0.2594354906780068,1,0,1,0,0,2,0,2,0,0,1,1,0.6959043331506402,-0.09385474093561436,0,23,3935,-0.2977098743044645,4
0,1,1,0,0.10704778280226633,1,2,1,0,0,2,0,2,2,0,0,0,1.2393119522049623,0.5174262519500822,0,35,3199,-0.3366182674098536,6
0,0,0,0,1.002895784642934,1,2,1,0,2,0,2,0,2,1,0,2,0.9950277931805424,1.4070274890434518,0,70,4507,-0.4744294272770905,6
1,0,1,1,-0.1779947632379461,1,2,0,0,2,0,0,0,2,0,0,2,-0.012021188920128179,-0.21070203693054537,0,48,2434,-0.40702018320289035,4
0,0,1,0,-0.30015585439803716,1,2,2,1,1,1,1,1,1,1,1,3,-1.261692533045053,-0.6821501037615189,0,78,3428,-0.5434505323645694,9
0,0,1,0,0.5956921474426305,1,0,0,2,0,2,0,2,0,1,1,1,0.042818112085353605,0.3272322957355653,0,73,3404,-0.5038633145814837,4
0,0,1,1,1.002895784642934,1,2,0,2,2,0,2,0,0,0,0,0,0.014567563082529699,0.621236592699968,0,76,4491,-0.5327453422386419,5
1,1,1,0,-0.6666391278783103,1,2,1,0,0,0,0,2,0,0,1,1,0.6743009721484804,-0.3920282164809198,0,80,3739,-0.08802108148001118,4
1,0,0,0,-1.1145631287986442,1,0,0,2,0,2,0,0,0,0,1,3,-0.29785027294870164,-0.8847412999890906,0,69,2612,0.4046582806348383,3
1,0,1,1,1.6137012404433893,1,0,2,1,1,1,1,1,1,2,0,0,-1.4893587220678117,-0.42216100982225946,0,56,5092,-0.6302995951520334,8
0,0,1,1,0.6364125111626608,0,1,0,2,0,2,0,0,2,1,0,1,-0.6567984249845842,-0.036809789558817654,0,21,5269,-0.5563379725184864,4
0,0,1,0,1.4508197855632678,1,2,1,2,2,2,2,2,2,2,0,0,1.6663937812476561,2.4546604475843745,0,77,5782,-0.470707866307547,9
0,0,0,0,-0.0965540357978854,1,2,1,2,0,0,2,2,2,0,0,0,1.3838882912194153,0.4112555825856111,0,35,5503,-0.268107783911208,7
0,0,1,0,-1.1960038562387048,1,0,0,0,0,0,0,0,0,0,1,3,-0.6202388909809294,-0.9483598768532364,0,39,4047,0.6597656984581675,1
0,1,0,0,-0.748079855318371,0,1,0,2,0,2,2,0,0,2,0,3,-0.8329489070021932,-0.7003268400084178,0,47,3162,-0.3581797807514758,4
0,0,0,1,-1.1552834925186746,1,0,2,1,1,1,1,1,1,0,1,0,-1.4860351280674797,-0.9680586941693538,0,57,4462,-0.20186677117882929,8
0,0,1,1,1.5729808767233588,1,2,1,0,2,2,0,0,2,2,1,1,1.0299255301840309,2.0160584490442166,0,26,4865,-0.5091581470675172,6
1,0,1,0,-0.9924020376385531,1,2,2,1,1,1,1,1,1,1,0,3,-1.341458789053027,-0.9158005774595197,0,35,2028,-0.35079090173337196,9
1,0,1,1,1.1657772395230555,0,1,0,2,0,2,0,0,0,0,0,0,-1.03568814102246,-0.07170735842118915,0,64,6495,-0.5994977750234991,3
1,0,1,1,1.6137012404433893,1,2,1,0,2,2,2,0,0,2,0,0,0.8537750481664219,1.8909610324712032,0,35,4461,-0.5195711176606086,6
0,0,0,0,-1.1145631287986442,1,2,1,0,0,0,0,2,0,0,1,2,0.6394032351449919,-0.8183873890295374,0,54,4456,0.9435368710931065,4
0,0,0,0,0.6771328748826912,1,0,0,2,2,2,2,0,0,2,0,0,0.0876866310898392,0.4531459007080151,0,66,5075,-0.5070784324128526,5
1,0,0,0,-0.9924020376385531,1,0,2,1,1,1,1,1,1,0,1,0,-1.4976677070686424,-0.931264038756942,0,22,5498,-0.4106663006731795,8
1,0,0,0,-1.1960038562387048,1,0,1,0,0,0,0,0,2,0,1,2,0.5180920541328647,-0.8938076089666093,0,51,4203,1.6414993007558099,3
1,0,1,1,-0.9516816739185228,1,0,2,1,1,1,1,1,1,2,0,3,-1.5009913010689746,-0.9186903255764416,0,65,4406,-0.4369095606340313,8
1,0,1,1,1.4100994218432374,1,0,0,2,2,0,0,0,0,2,1,0,-0.3510277769540174,0.6875684445135903,0,57,6005,-0.5702466036047442,3
1,0,0,0,0.5549717837226001,1,0,0,0,0,0,0,0,0,0,1,1,-0.6501512369839195,-0.09467092933505031,0,75,3150,-0.5513694224009029,1
0,0,1,0,1.4100994218432374,1,2,0,2,2,2,0,0,2,1,0,3,0.3436033691154218,1.2285689984640686,0,25,4931,-0.535007046218706,6
0,0,1,0,0.9214550572028734,1,0,2,1,1,1,1,1,1,1,0,2,-1.4976677070686424,-0.5028092473449077,0,28,4888,-0.6212994005150024,8
1,0,1,0,0.025607055362205634,1,2,0,2,2,2,0,2,0,0,1,0,0.2654989101076142,0.07399330045110075,0,75,4959,-0.41630537923415634,6
1,0,1,1,1.2064976032430856,1,0,2,1,1,1,1,1,1,2,0,1,-1.4860351280674797,-0.4481687428745576,0,63,6444,-0.6251439835016391,8
1,0,1,1,0.6771328748826912,0,1,0,2,0,0,0,0,2,0,1,2,-0.8495668770038544,-0.19481945186043959,0,39,4810,-0.5717438632678448,3
1,0,0,0,-1.2774445836787656,1,0,0,0,0,0,0,0,0,0,1,2,-0.6651074099854147,-0.9860368981028763,0,59,5479,1.9037726572820415,1
1,0,1,0,-0.748079855318371,1,2,1,0,2,2,0,0,0,0,1,2,0.5945347161405068,-0.4829780751532062,0,79,4965,-0.029884242309169178,5
1,1,0,0,-0.5851984004382496,1,2,1,0,0,2,2,2,0,0,0,0,0.9684390411778845,-0.23640094193981376,0,47,3728,-0.09499622429175276,6
0,0,1,0,1.6137012404433893,1,2,1,2,2,2,2,2,2,2,1,1,1.7411746462551319,2.7572898706076816,0,41,4743,-0.4776356517170476,9
1,0,0,0,1.2879383306831464,1,2,1,2,0,2,2,0,2,2,0,1,1.1462513201956595,1.8837256326059324,0,59,5213,-0.48656400358460494,7
1,0,1,0,1.4915401492832983,1,2,1,2,2,2,2,2,2,2,1,0,1.5882893222398482,2.4383146204497237,0,52,5532,-0.47728450669724193,9
0,0,0,0,-1.2774445836787656,1,2,2,1,1,1,1,1,1,0,1,2,-1.2982520670487077,-0.994441432702474,0,54,5249,0.8116835989597003,9
1,0,1,1,1.5729808767233588,1,2,0,2,2,2,2,2,2,2,0,1,0.8487896571659234,1.7680695304912595,0,63,6291,-0.5178368950521436,8
0,0,1,1,1.369379058123207,1,0,0,0,0,0,2,0,0,1,1,1,-0.5105602889699654,0.42888084018424233,0,59,5232,-0.5770967125246039,2
1,0,0,0,-1.2367242199587352,1,0,2,1,1,1,1,1,1,0,0,3,-1.5076384890696393,-0.9834559780289841,0,56,3954,0.07980239276992493,8
0,1,1,0,1.5729808767233588,1,0,1,2,2,2,2,2,2,2,1,0,1.4935668932303794,2.4814402507442472,0,26,5011,-0.4869437370885194,8
1,0,0,0,-0.8702409464784621,1,0,0,0,2,0,0,2,0,1,1,2,-0.11671439993059413,-0.6837383622685295,0,58,2738,-0.07641507095334946,3
1,0,0,1,0.5956921474426305,1,0,0,2,2,0,0,0,0,0,1,2,-0.31446824295036285,0.16514169143676358,0,52,5491,-0.5295412616002176,3
1,0,1,1,1.125056875803025,1,2,1,0,2,0,2,2,2,0,1,0,1.2958130502106107,1.6280601312690908,0,53,6237,-0.46662588611413325,7
1,0,0,0,-0.8702409464784621,1,0,2,1,1,1,1,1,1,1,0,3,-1.504314895069307,-0.9057195477691885,0,28,5825,-0.4753189920815887,8
0,0,0,0,-0.13727439951791576,0,1,0,2,2,0,2,0,0,1,0,1,-0.8395960950028577,-0.5280890285814928,0,29,5103,-0.5106709563492411,4
1,0,1,1,-0.46303730927815856,0,1,0,0,0,0,0,0,0,0,1,2,-1.286619488047545,-0.7561805975049565,0,44,4302,-0.5258714323857009,1
1,1,1,0,0.6364125111626608,1,2,1,0,0,2,0,0,2,0,1,1,0.8737166121684152,0.9225204078215026,0,60,3594,-0.44858565341035245,5
0,0,0,1,-1.1960038562387048,0,1,0,0,2,0,0,0,0,0,0,3,-1.166970104035584,-0.9660513118896598,0,69,5880,0.18824693180718283,2
0,0,1,1,0.43281069256250915,1,0,0,0,2,0,0,0,0,0,0,3,-0.48397153696730727,-0.04867761006953564,0,49,5284,-0.5308224445804336,2
1,0,0,0,-1.1145631287986442,1,2,1,0,2,2,0,2,2,0,0,2,1.3473287572157604,-0.7628645187219593,0,66,4024,1.3505621894179685,7
0,0,0,0,-1.2774445836787656,1,0,0,0,0,0,0,0,2,0,1,2,-0.3094828519498643,-0.9813162408737061,0,45,5286,2.517177010250496,2
1,0,1,1,1.5729808767233588,1,2,0,2,0,2,2,2,2,1,0,2,0.6875953481498096,1.7740475590384799,0,32,5280,-0.5255601845430495,7
0,0,1,0,-0.9924020376385531,1,0,2,1,1,1,1,1,1,1,0,2,-1.4943441130683104,-0.9351685075866762,0,51,5698,-0.40939235601488566,8
1,0,0,0,-0.9924020376385531,1,2,0,0,0,0,0,2,0,0,1,2,-0.18318627993723904,-0.813159371443961,0,54,3003,0.09317881168200966,3
1,0,0,0,-0.5037576729981889,1,2,1,0,0,2,0,2,0,0,1,1,0.8620840331672525,-0.2198786416377177,0,77,2927,-0.16643291046885808,5
1,0,0,0,1.5729808767233588,1,2,1,0,2,0,0,0,0,1,1,1,0.4748853321285456,1.4438883218936558,0,38,5466,-0.5357517418093998,4
0,1,1,0,-0.055833672077855064,1,2,1,0,0,2,0,2,0,1,1,2,0.8620840331672525,0.2451943320192828,0,34,2364,-0.3366580781804253,5
0,1,1,0,0.22920887396235737,1,2,1,2,2,0,0,0,2,1,0,1,1.0049985751815391,0.5786183227618509,0,71,5148,-0.38234553096187934,6
0,0,1,1,-1.2367242199587352,0,1,0,0,2,0,0,0,0,0,1,3,-1.1470285400335904,-0.9776544226492093,0,61,4387,0.4944713790445498,2
0,0,1,0,-0.8295205827584317,0,1,0,0,0,2,0,2,2,0,1,0,-0.49560411596847015,-0.7335037954881942,0,24,2873,-0.2219754976312818,4
0,0,0,1,-0.9516816739185228,1,0,1,2,0,2,2,0,2,0,0,0,0.9385266951748941,-0.6218403987869783,0,40,2267,0.40465828063483844,6
1,1,0,1,-0.8702409464784621,1,0,0,0,2,0,2,0,0,0,1,2,-0.3393951979528547,-0.7405186038941577,0,40,4143,-0.14043079003261183,3
1,0,0,1,-1.0738427650786138,1,0,2,1,1,1,1,1,1,0,0,3,-1.4976677070686424,-0.9565217608475963,0,44,2276,-0.33896141562064397,8
0,0,1,0,1.5729808767233588,1,0,0,2,2,2,2,2,2,1,1,0,0.6659919871476498,1.6616562105215509,0,28,5643,-0.5265952645779132,7
0,0,1,1,0.3920903288424788,1,2,1,2,2,0,0,2,0,1,1,1,0.9867188081797118,0.7253337023469532,0,63,5643,-0.40979231538435,6
0,0,1,1,0.5142514200025698,1,0,2,1,1,1,1,1,1,2,0,3,-1.4594463760648215,-0.6121784928693306,0,32,2844,-0.6096647646333956,8
1,0,1,1,-0.1779947632379461,0,1,0,0,2,2,2,2,2,1,1,1,-0.1582593249347472,-0.2636881054560928,0,80,2797,-0.42441611715752264,6
0,0,1,0,0.43281069256250915,1,2,1,0,2,0,0,0,0,0,0,2,0.5214156481331973,0.49375678836643844,0,35,5357,-0.451997118848506,4
1,0,0,1,1.125056875803025,1,2,0,2,0,2,2,2,2,2,1,2,0.6709773781481484,1.1934508381423907,0,41,4104,-0.5019621871277902,7
1,0,1,1,-1.0331224013585834,0,1,0,2,0,2,2,0,2,2,0,1,-0.5022513039691348,-0.8709763929283322,0,60,2750,0.049944314841164586,5
0,0,1,0,-0.30015585439803716,1,0,2,1,1,1,1,1,1,1,1,0,-1.481049737066981,-0.7817030293467792,0,23,4129,-0.5725552680194349,8
1,0,0,0,-0.21871512695797646,1,2,1,0,0,2,0,2,2,1,1,0,1.1877962451998125,0.17370064005787597,0,50,5939,-0.2501037757046529,6
1,0,0,0,-0.9109613101984924,0,1,0,0,2,0,2,0,0,0,0,2,-0.9642308700153169,-0.8338067320350985,0,59,2263,-0.2890045858061237,3
0,1,0,0,-0.21871512695797646,1,2,1,0,2,2,0,0,0,0,1,0,0.720831288153132,0.05352241302740901,0,77,5990,-0.30763602643367016,5
0,0,0,0,-0.8702409464784621,1,0,0,0,0,2,2,0,0,1,0,0,-0.3643221529553466,-0.718327103087871,0,27,5899,-0.14759672873551433,3
1,0,1,1,-1.1552834925186746,0,1,0,2,0,0,0,2,0,0,0,1,-0.8711702380060141,-0.9369111801152019,0,40,3824,0.22235680003299865,3
1,0,0,0,1.4508197855632678,0,1,0,0,0,2,0,0,2,0,1,0,-0.8263017190015288,0.22792202075554271,0,69,6270,-0.5953328872275906,3
1,1,0,0,-1.2774445836787656,1,0,1,0,0,0,0,0,0,0,1,2,0.17576187209864347,-0.9748749702619408,0,51,2469,3.3541586507495076,2
0,0,0,0,-0.5851984004382496,1,0,2,1,1,1,1,1,1,1,0,3,-1.4843733310673135,-0.8261963266890061,0,55,2910,-0.5403404569437145,8
1,0,0,0,-0.2594354906780068,1,0,2,1,1,1,1,1,1,0,1,2,-1.477726143066649,-0.7802250665694221,0,68,5712,-0.5754298098125081,8
0,0,1,0,-0.62591876415828,0,1,0,0,2,2,0,0,0,0,1,1,-0.9675544640156493,-0.7207536091402482,0,38,5977,-0.43455276301618784,3
1,1,1,0,1.0843365120829946,1,0,1,2,2,2,0,0,0,1,1,1,0.6045054981415035,1.1574061936916225,0,61,5295,-0.5031228342488504,5
1,0,0,0,-0.0965540357978854,1,0,0,2,0,2,0,0,0,2,1,3,-0.3028356639492,-0.276129463761009,0,70,5445,-0.45580914606465417,3
0,1,1,0,0.7178532386027215,1,2,2,1,1,1,1,1,1,1,0,2,-1.3148700370503688,-0.429462587125322,0,61,4015,-0.6049803300235187,9
1,0,0,0,-0.9516816739185228,0,1,0,2,0,2,2,0,2,1,0,3,-0.46402997296531395,-0.8012474326413817,0,47,5535,-0.07918590058513846,5
0,0,1,1,-1.1960038562387048,1,0,2,1,1,1,1,1,1,0,0,3,-1.4993295040688086,-0.9790220896969128,0,31,4943,-0.0983906163089172,8
0,0,0,1,-0.748079855318371,1,0,0,0,0,2,0,2,0,0,1,1,-0.16490651293541178,-0.6418701032920562,0,51,5962,-0.20454205496124625,3
0,1,0,0,-0.055833672077855064,1,0,1,2,0,0,0,0,0,0,1,1,0.2920876621102721,-0.08165603323593584,0,39,2057,-0.39810600255781425,3
0,0,0,0,-1.0331224013585834,1,0,0,2,2,2,0,0,0,0,0,2,-0.11172900893009581,-0.8121446507311486,0,71,2845,0.21834387435937336,4
1,0,1,0,-0.62591876415828,1,0,2,1,1,1,1,1,1,1,0,0,-1.491020519067978,-0.8602997662978722,0,63,3526,-0.5348759048568229,8
1,0,1,1,-0.015113308357824713,1,0,2,1,1,1,1,1,1,0,1,1,-1.505976692069473,-0.7081798959597478,0,42,4363,-0.5940564248921064,8
0,1,0,0,-1.2367242199587352,1,0,1,0,0,0,0,2,0,0,0,3,0.5563133851366857,-0.9340655502901412,0,59,4267,2.4531612911712335,3
0,0,1,1,1.6137012404433893,1,2,1,2,2,2,0,2,2,2,0,1,1.4885815022298807,2.4739401411278084,0,27,5723,-0.48957233865229344,8
0,0,1,1,-0.21871512695797646,1,0,1,2,0,0,0,0,0,0,0,3,0.32033821111309646,-0.1356127041824342,0,57,4331,-0.3569786329307988,3
1,0,0,0,-1.0331224013585834,1,0,1,0,0,2,0,0,0,0,1,2,0.33695618111475767,-0.789357552984733,0,52,5335,0.411824219337741,3
1,0,1,1,-0.8702409464784621,1,0,0,0,0,2,0,2,0,0,1,0,-0.1698919039359101,-0.7043416045678056,0,71,2136,-0.09170240685287484,3
0,0,1,1,1.6137012404433893,1,2,1,2,0,2,2,2,2,2,1,0,1.5184938482328711,2.549647129961979,0,41,4754,-0.488158783620488,8
0,1,0,0,-1.1552834925186746,1,2,1,0,0,0,0,0,0,0,1,2,0.32200000811326246,-0.8758735233249481,0,50,4093,1.0455798382224382,3
0,0,0,0,1.5729808767233588,1,2,2,1,1,1,1,1,1,2,0,2,-1.3364733980525287,-0.2473202191755115,0,74,4555,-0.6225392216556634,9
1,0,1,1,0.5956921474426305,1,2,2,1,1,1,1,1,1,2,0,3,-1.3364733980525287,-0.49380911580518105,0,78,3629,-0.6029921333049683,9
1,1,1,0,1.002895784642934,1,0,1,0,2,2,0,2,0,1,1,2,0.8604222361670865,1.2882831064984805,0,23,5636,-0.4824355105175746,5
1,1,1,0,0.7178532386027215,1,2,1,2,0,2,0,2,2,2,1,1,1.3390197722149297,1.2721799299690677,0,40,5324,-0.42546654008571017,7
1,0,0,0,-0.9924020376385531,1,0,2,1,1,1,1,1,1,0,1,1,-1.4727407520661506,-0.9341758460197946,0,24,5624,-0.40111171573597615,8
0,0,1,1,0.6364125111626608,1,0,2,1,1,1,1,1,1,2,0,3,-1.502653098069141,-0.6160609025531343,0,68,5461,-0.6158883855760761,8
0,0,0,0,1.5322605130033284,1,0,2,1,1,1,1,1,1,1,0,0,-1.4976677070686424,-0.4139329483901074,0,72,6072,-0.6298206676647317,8
1,0,0,1,-1.2774445836787656,1,0,0,2,2,0,2,0,2,0,1,0,0.18905624809997262,-0.9746984970944953,0,53,2706,3.377089654598796,5
1,0,1,0,-0.9924020376385531,1,2,1,0,0,0,0,0,2,0,1,0,0.6942425361504742,-0.71484175803082,0,72,2512,0.42950020147156714,4
1,0,1,1,1.125056875803025,1,0,2,1,1,1,1,1,1,2,0,3,-1.4694171580658184,-0.4741323576349945,0,47,4020,-0.6230078140043596,8
1,0,1,1,0.6771328748826912,1,2,1,0,0,0,2,2,2,1,1,2,1.1030445981913404,1.1639136417411797,0,53,4301,-0.4370242156532777,6
0,0,0,0,-0.13727439951791576,1,0,2,1,1,1,1,1,1,1,0,3,-1.4876969250676457,-0.7413789105854551,0,65,4128,-0.585196718859427,8
0,0,1,0,1.4100994218432374,1,2,2,1,1,1,1,1,1,2,1,1,-1.3132082400502028,-0.2411436583149148,0,32,5887,-0.6190592919456919,9
1,0,1,0,1.4100994218432374,1,2,0,2,2,2,2,0,0,2,0,1,0.20401242110146783,1.0576767949389168,0,80,4361,-0.5420886797603979,6
0,0,1,1,-1.0738427650786138,1,0,2,1,1,1,1,1,1,0,0,3,-1.4926823160681442,-0.9531467115201988,0,31,5060,-0.33650452235107736,8
0,0,0,0,0.5956921474426305,1,2,1,0,2,2,0,2,2,0,1,2,1.3822264942192488,1.1335602569405334,0,74,3723,-0.4076008713391601,7
0,0,0,0,0.8400143297628127,1,0,1,2,2,2,2,0,2,2,0,3,1.15456030519649,1.387306612581404,0,23,4754,-0.4503709091900022,7
1,0,1,0,1.4915401492832983,1,0,0,2,2,2,2,2,2,2,1,3,0.6626683931473177,1.5878904265292815,0,70,5345,-0.5229008250688613,7
1,0,0,0,-1.1960038562387048,1,0,1,2,0,0,0,0,2,0,1,3,0.7075369121518029,-0.897756196088205,0,37,2500,1.804882703181987,4
1,0,0,0,-1.1552834925186746,1,0,0,0,0,0,0,0,0,0,0,3,-0.6717545979860794,-0.9083887044268035,0,45,2124,0.3599428231287268,1
1,0,1,1,0.9621754209229036,1,2,0,2,2,0,2,0,2,2,1,1,0.36853032411791364,0.8741888190873334,0,52,5314,-0.5090617630966594,6
1,1,1,0,1.1657772395230555,1,2,2,1,1,1,1,1,1,2,0,0,-1.3215172250510334,-0.34323338568220596,0,78,6421,-0.6154015357576827,9
0,0,1,0,-1.2367242199587352,1,0,0,0,0,0,0,0,0,0,1,2,-0.6567984249845842,-0.966183666765244,0,60,5225,1.0581918903395464,1
1,0,1,1,-0.8295205827584317,1,0,2,1,1,1,1,1,1,0,0,3,-1.4710789550659844,-0.8930575980049653,0,65,2891,-0.48083125262228293,8
0,0,1,1,-0.1779947632379461,1,2,1,0,0,0,2,0,2,1,1,2,0.8537750481664219,0.1012584048214491,0,74,5823,-0.30402834694876063,5
1,0,0,0,-0.3408762181180675,1,0,0,2,2,0,2,0,0,0,0,0,-0.143303151933252,-0.37014554371766295,0,56,5095,-0.38439756181916174,4
0,0,1,1,1.4508197855632678,1,2,0,2,2,2,2,0,2,1,1,2,0.45494376812655235,1.347203085279387,0,67,5071,-0.5312756264746882,7
1,0,0,1,0.26992923768238775,1,2,1,0,0,0,2,2,2,2,0,3,1.1894580421999785,0.7127820483123833,0,71,3124,-0.37341934372631513,6
0,0,1,0,0.3920903288424788,1,0,2,1,1,1,1,1,1,0,0,1,-1.4760643460664828,-0.6219948128084932,0,69,2127,-0.6073722438997269,8
0,0,1,0,-1.0738427650786138,1,2,1,0,2,0,0,0,2,0,1,2,0.8637458301674186,-0.7797838836508081,0,54,4297,0.824787029730722,5
0,0,1,0,0.22920887396235737,1,0,2,1,1,1,1,1,1,1,1,1,-1.479387940066815,-0.646326050770058,0,25,4411,-0.602100984517556,8
1,0,0,0,-0.5851984004382496,1,0,2,1,1,1,1,1,1,2,0,1,-1.4860351280674797,-0.8343361515374353,0,20,2782,-0.5406421806785735,8
0,0,1,0,-1.1552834925186746,1,0,2,1,1,1,1,1,1,0,0,3,-1.5009913010689746,-0.9645512899663722,0,66,4580,-0.21218572291100882,8
1,0,1,0,-0.21871512695797646,1,0,0,0,2,0,2,0,0,0,1,2,-0.3643221529553466,-0.3926017542751181,0,66,2563,-0.44133196851925116,3
1,0,0,1,0.35136996512244845,1,0,0,2,2,2,0,2,0,1,0,3,0.18074726309914202,0.27124618336344253,0,56,5365,-0.4699957233308611,5
1,0,1,1,0.7178532386027215,1,0,0,2,0,0,2,2,2,1,0,2,0.356897745116751,0.7702461234618633,0,21,5141,-0.4918990071196768,5
1,0,1,1,1.6137012404433893,1,0,2,1,1,1,1,1,1,2,0,2,-1.4760643460664828,-0.4082416887399861,0,41,4949,-0.6296713484712311,8
0,0,0,0,1.5322605130033284,1,2,2,1,1,1,1,1,1,1,0,1,-1.286619488047545,-0.1867678635957332,0,21,4467,-0.6195663103095923,9
1,0,1,1,0.47353105628253944,1,0,2,1,1,1,1,1,1,1,0,0,-1.4677553610656522,-0.5972444510742451,0,44,2471,-0.6091468784353501,8
0,0,1,1,0.06632741908223598,1,0,2,1,1,1,1,1,1,1,1,0,-1.4843733310673135,-0.7048489649242118,0,21,2272,-0.5957886587326695,8
0,1,1,0,1.6137012404433893,1,2,2,1,1,1,1,1,1,2,0,0,-1.3447823830533592,-0.22104777637204487,0,55,4397,-0.6234674124983072,9
1,0,1,0,1.5729808767233588,1,2,2,1,1,1,1,1,1,2,1,2,-1.3381351950526947,-0.204503416924018,0,38,4058,-0.6226188431968068,9
0,0,0,0,1.2879383306831464,1,2,1,0,2,2,2,2,2,2,1,1,1.5201556452330371,2.1130525137015157,0,64,5718,-0.4667198656381057,8
0,0,1,0,1.6137012404433893,1,2,2,1,1,1,1,1,1,2,1,0,-1.3132082400502028,-0.19347384395866676,0,36,4551,-0.6219753266314015,9
1,1,1,0,-0.13727439951791576,1,0,1,2,0,2,0,0,2,1,0,0,0.8421424691652587,0.16631082617109064,0,55,3553,-0.3172861572202456,5
0,0,1,0,-0.38159658183809786,1,0,0,2,0,2,2,0,2,1,1,0,0.13255515009432434,-0.2604233518583488,0,34,3519,-0.3331945411406891,5
1,0,1,1,0.7992939660427822,1,0,2,1,1,1,1,1,1,2,0,3,-1.5142856770703037,-0.5404421503026862,0,78,4203,-0.6200979951583434,8
0,0,0,0,1.2879383306831464,1,2,1,2,2,2,2,2,2,2,1,0,1.6730409692483204,2.229877750550516,0,78,5213,-0.45860581812220375,9
1,0,0,0,-0.3408762181180675,1,2,1,0,2,0,0,2,2,0,1,0,1.1595456961969886,0.05519890811814228,0,47,5207,-0.2046184916407438,6
1,0,1,0,-1.2367242199587352,1,2,1,0,0,2,0,2,0,0,1,2,0.8870109881697443,-0.9301390223144763,0,32,4889,2.8334337716719262,5
0,0,1,1,0.06632741908223598,1,0,0,2,2,2,2,2,2,2,0,3,0.6643301901474837,0.24693700454780823,0,51,2020,-0.38400445889603113,7
1,0,1,1,0.8400143297628127,1,2,0,0,0,2,2,2,2,1,1,3,0.464914550127549,0.733561763779105,0,73,5052,-0.49442816195599537,6
0,0,1,1,0.5956921474426305,1,0,2,1,1,1,1,1,1,2,0,1,-1.479387940066815,-0.620450672593344,0,38,2070,-0.6132633121124619,8
1,0,0,1,1.6137012404433893,1,0,2,1,1,1,1,1,1,2,0,1,-1.491020519067978,-0.3309243822528739,0,72,5730,-0.6303781259871338,8
1,0,1,1,1.6137012404433893,1,2,1,2,2,0,2,0,2,2,1,1,1.0963974101906757,2.078794660071135,0,46,4054,-0.5081056157359645,7
0,0,0,0,-1.0331224013585834,1,0,1,0,0,2,2,2,2,0,1,2,1.1844726511994805,-0.6903340469018096,0,56,5041,0.7772870931857685,6
0,0,1,0,1.5729808767233588,1,2,2,1,1,1,1,1,1,2,1,1,-1.3397969920528607,-0.26388663776946913,0,77,4742,-0.6226984647379501,9
0,1,0,0,0.35136996512244845,1,0,1,0,0,2,2,2,2,1,1,0,1.2077378092018058,0.7660990040268911,0,38,2227,-0.38564238774240883,6
1,0,1,1,1.4100994218432374,0,1,0,2,0,0,0,2,2,2,0,1,-0.4607063789649817,0.4420280911589411,0,62,5281,-0.575810744244645,4
1,0,1,0,1.4915401492832983,1,2,1,2,2,2,2,0,2,1,1,1,1.4104770432220732,2.222399700080008,0,51,5935,-0.48604742602536277,8
0,1,1,0,1.5322605130033284,1,2,0,2,2,2,2,2,2,2,1,0,0.9119379431722362,1.8506369137098788,0,44,5264,-0.5127433592792823,8
1,0,0,0,1.6137012404433893,1,2,1,2,2,2,2,2,2,2,0,0,1.6165398712426726,2.596081632146108,0,56,6347,-0.4835254643495701,9
1,0,1,1,0.06632741908223598,0,1,0,0,0,0,2,2,0,2,1,2,-0.8046983579993692,-0.4208374610664173,0,31,3897,-0.5287973689158211,3
0,0,1,1,1.3286586944031769,1,2,2,1,1,1,1,1,1,2,0,1,-1.288281285047711,-0.275688280842395,0,72,5352,-0.6164662695630017,9
0,0,0,0,1.5322605130033284,1,2,1,2,2,2,2,2,2,2,1,1,1.5683477582378549,2.4336601406583456,0,25,4182,-0.48084988561565994,9
0,0,1,1,1.6137012404433893,0,1,0,2,0,2,0,2,2,2,1,1,-0.3643221529553466,0.7379735929652455,0,28,4954,-0.5771342197891294,5
1,0,0,1,0.10704778280226633,1,0,0,0,0,0,2,2,2,1,1,3,0.2438955491054544,0.09503772566899105,0,45,5510,-0.4320048736996002,4
0,0,1,0,-0.8295205827584317,1,2,0,2,0,2,0,2,2,1,0,2,0.46823814412788106,-0.618972709815987,0,55,2495,0.03379339145693048,6
0,0,1,1,1.2064976032430856,1,0,0,2,0,2,2,2,0,1,1,0,0.19902703010096928,0.875181480654215,0,24,4133,-0.5328739918223611,5
0,0,0,0,-0.30015585439803716,1,0,0,2,0,0,2,2,2,0,1,1,0.37850110611891075,-0.12652433605898472,0,32,3955,-0.3258264862179611,5
0,0,0,0,0.7992939660427822,0,1,0,2,2,0,2,0,0,2,0,3,-0.8528904710041867,-0.13131117072594722,0,52,4247,-0.57704828038468,4
1,1,0,0,-0.9924020376385531,1,0,1,0,0,0,0,0,0,0,1,1,0.1724382780983114,-0.7575262054067292,0,47,2939,0.2294908901194439,2
1,0,0,0,-1.2367242199587352,1,0,2,1,1,1,1,1,1,0,0,3,-1.4860351280674797,-0.9909119693535616,0,59,4978,0.10464431360665372,8
0,0,1,1,0.9621754209229036,1,0,2,1,1,1,1,1,1,2,0,3,-1.4860351280674797,-0.5248463341296795,0,59,5172,-0.621302992464227,8
0,0,0,0,-0.8295205827584317,1,0,2,1,1,1,1,1,1,0,0,0,-1.505976692069473,-0.9054327788720895,0,76,4862,-0.4900918503306492,8
0,0,1,0,0.5956921474426305,1,2,2,1,1,1,1,1,1,1,0,2,-1.2583689390447208,-0.45392617996247103,0,47,2382,-0.5973788146543613,9
1,1,0,0,-1.2367242199587352,1,0,2,1,1,1,1,1,1,0,0,2,-1.5142856770703037,-0.9893678291384125,0,24,4577,0.07215872482016229,8
0,0,0,0,-0.5851984004382496,1,0,0,0,0,2,0,0,0,0,1,3,-0.4906187249679718,-0.6119358422640928,0,49,4952,-0.359909663498001,2
0,0,0,0,-0.9924020376385531,1,0,0,2,0,0,0,2,0,0,1,2,-0.1582593249347472,-0.7905928651568523,0,29,5862,0.10273339661921306,3
1,0,1,0,0.5142514200025698,1,2,1,2,0,2,0,0,0,0,1,3,0.6576830021468192,0.6327514668757946,0,44,3289,-0.4508924879812602,5
1,0,0,0,-1.1960038562387048,1,0,0,0,0,0,0,0,0,0,0,3,-0.641842251983089,-0.9432642141432442,0,72,3666,0.641134257830621,1
0,0,0,0,0.22920887396235737,1,0,2,1,1,1,1,1,1,1,0,3,-1.4860351280674797,-0.7065695783068066,0,27,4539,-0.6026889589752301,8
1,0,1,0,1.6137012404433893,1,2,1,2,2,2,2,2,2,2,1,2,1.6879971422498155,2.7113186104880973,0,58,5890,-0.48014863844025724,9
0,0,1,1,1.5729808767233588,1,2,1,2,2,2,0,2,0,2,1,1,1.1379423351948288,2.1096995235200486,0,74,4305,-0.5039827468931987,7
1,0,1,1,1.369379058123207,0,1,0,0,0,0,2,2,2,2,0,0,-0.47233895796614456,0.47860215511204585,0,30,4652,-0.5751287532390307,4
0,0,1,1,-0.7888002190384014,1,2,2,1,1,1,1,1,1,2,1,0,-1.3215172250510334,-0.8590865132716835,0,21,4734,-0.45689229255983943,9
0,0,1,1,1.3286586944031769,1,2,0,2,2,2,2,2,2,2,0,0,0.8903345821700764,1.6254130337574064,0,26,4921,-0.502592989084151,8
1,0,1,1,-0.7073594915983407,1,0,2,1,1,1,1,1,1,2,0,3,-1.5093002860698053,-0.8827559768553274,0,54,2742,-0.5229724844558904,8
0,0,1,0,1.6137012404433893,1,2,2,1,1,1,1,1,1,2,0,1,-1.3265026160515319,-0.1799515875031462,0,78,4067,-0.622603573312204,9
0,0,1,1,0.3920903288424788,1,0,1,0,0,2,2,2,2,2,1,2,1.1844726511994805,0.8929170339824997,0,76,3265,-0.3939272603955984,6
0,0,1,0,1.5729808767233588,1,2,2,1,1,1,1,1,1,2,0,0,-1.3215172250510334,-0.23238617738042597,0,79,4066,-0.6218226277853731,9
0,0,0,0,0.10704778280226633,1,0,2,1,1,1,1,1,1,0,0,0,-1.5126238800701375,-0.7332832040288872,0,67,4988,-0.6003248116766656,8
0,0,1,1,0.8400143297628127,1,0,1,0,2,2,2,2,2,0,1,0,1.4453747802255617,1.6126849065553914,0,73,5989,-0.4317925495898846,7
1,0,0,0,0.6364125111626608,1,0,2,1,1,1,1,1,1,2,0,1,-1.4827115340671475,-0.5721190838591749,0,43,4399,-0.6144844465648952,8
0,1,0,1,-0.0965540357978854,1,2,1,0,0,0,2,2,2,0,1,2,1.2143849972024705,0.3065187577066357,0,34,2440,-0.2869703838517514,6
1,0,0,0,-0.9109613101984924,1,0,2,1,1,1,1,1,1,0,0,1,-1.4876969250676457,-0.9181167877822435,0,66,2411,-0.45316972699989005,8
0,0,0,1,-0.8295205827584317,1,2,1,0,2,2,0,2,2,0,1,2,1.3473287572157604,-0.4429848435808425,0,72,5913,0.26707225753911035,7
0,1,0,0,1.002895784642934,1,0,0,2,0,2,2,2,0,2,0,0,0.16911468409797886,0.7602753895011858,0,72,4759,-0.5235531725921599,5
0,0,1,0,1.0436161483629645,1,0,0,2,2,0,0,2,0,0,1,1,0.016229360082695727,0.6670093205061757,0,64,5912,-0.5348327202921349,4
0,0,0,0,0.18848851024232702,1,0,2,1,1,1,1,1,1,2,0,3,-1.4943441130683104,-0.6469657660020485,0,61,5336,-0.6018920988549613,8
0,0,1,1,0.47353105628253944,1,0,2,1,1,1,1,1,1,0,0,3,-1.5009913010689746,-0.6615468614622427,0,36,5584,-0.6116947677519377,8
1,0,0,1,-0.21871512695797646,1,0,2,1,1,1,1,1,1,1,0,1,-1.4860351280674797,-0.7618497980091469,0,65,2400,-0.5795322149323708,8
0,0,0,0,-0.9924020376385531,1,0,0,0,0,0,2,0,0,0,0,2,-0.5105602889699654,-0.8256669071866692,0,48,2907,-0.032304737159927426,2
0,1,1,0,-0.30015585439803716,1,0,1,0,2,2,0,0,2,0,0,0,0.785641371159611,-0.039081881589680054,0,51,4849,-0.2718063329191576,5
0,0,1,1,1.002895784642934,1,2,1,0,2,0,0,2,2,0,1,2,1.1911198392001445,1.4700063506756074,0,48,6351,-0.4627662442847802,6
0,0,0,0,-0.8295205827584317,1,0,2,1,1,1,1,1,1,0,0,3,-1.505976692069473,-0.8971385400021453,0,33,4788,-0.4900918503306492,8
0,0,1,1,1.2064976032430856,1,0,2,1,1,1,1,1,1,2,0,0,-1.477726143066649,-0.43394059374925453,0,56,4574,-0.6246890032665342,8
0,0,1,0,1.3286586944031769,1,2,1,0,2,2,2,2,2,2,1,0,1.4254332162235683,2.119052601394667,0,25,4193,-0.4746241131770648,8
0,0,1,0,1.5729808767233588,1,2,0,0,0,2,2,2,2,2,1,0,0.5214156481331973,1.4923081472115478,0,75,4518,-0.5335223386573856,6
0,0,1,1,-0.46303730927815856,1,0,0,0,2,0,0,2,0,1,1,1,-0.196480655938568,-0.46954405528140836,0,25,2845,-0.35493122187282666,3
1,0,1,0,1.5729808767233588,1,2,1,2,2,2,0,2,2,1,1,2,1.4902432992300467,2.459336986521683,0,22,4564,-0.48710298017080617,8
0,0,0,0,-1.0331224013585834,1,0,1,0,0,2,0,0,0,0,1,2,0.34526516611558833,-0.7741588014384789,0,50,4216,0.41540718868919224,3
0,0,0,0,1.6137012404433893,1,0,0,2,2,2,2,0,2,2,1,1,0.27380789510844483,1.3171364693758392,0,80,5127,-0.5469783791106138,6
0,0,0,0,-1.2774445836787656,1,0,1,0,0,0,0,0,0,0,0,2,0.1774236690988095,-0.9748529111160101,0,74,2475,3.3570250262306685,2
0,0,1,1,1.6137012404433893,1,2,1,0,2,2,2,0,2,2,1,0,1.1263097561936661,2.1396117254020814,0,78,4616,-0.5066920607041591,7
0,0,1,1,1.2879383306831464,1,2,1,0,2,2,2,2,2,1,1,2,1.5517297882361936,2.200274376711513,0,74,5129,-0.4650441384337346,8
0,0,0,0,1.6137012404433893,1,2,1,2,2,2,2,2,2,2,1,2,1.6663937812476561,2.742819070877141,0,69,4589,-0.48116953929656114,9
0,0,0,0,-0.13727439951791576,1,2,1,0,0,2,0,2,2,0,0,0,1.1894580421999785,0.26427549324934047,0,53,4847,-0.27734799218273565,6
0,0,0,0,-0.7888002190384014,1,0,2,1,1,1,1,1,1,2,1,3,-1.4744025490663168,-0.8904987370770039,0,76,4883,-0.4945646560265268,8
0,0,0,0,-0.055833672077855064,1,2,1,2,2,0,0,2,2,0,0,2,1.3157546142126038,0.40847613019834256,0,78,5320,-0.28775054653311577,7
0,0,1,1,-0.748079855318371,1,2,0,0,2,0,2,2,2,0,0,1,0.5214156481331973,-0.5041327961007499,0,26,5772,-0.04670031179864713,6
0,0,0,0,1.6137012404433893,1,2,0,2,2,2,2,2,2,2,1,0,0.8836873941694119,1.9489104088311584,0,52,5378,-0.5181575626288032,8
1,0,1,1,-0.30015585439803716,1,0,2,1,1,1,1,1,1,1,0,2,-1.491020519067978,-0.7827839274973836,0,76,4134,-0.5738782105492015,8
1,0,0,0,-0.5851984004382496,1,0,0,2,0,2,2,2,0,0,1,2,0.11926077409299518,-0.4323302760963133,0,47,5993,-0.24917705280472877,5
1,0,1,0,1.5729808767233588,1,0,0,0,2,2,2,2,2,2,1,1,0.47654712912871167,1.4493369309385393,0,29,5872,-0.5356721202682564,6
1,1,1,1,-0.1779947632379461,1,2,0,0,0,0,0,0,0,1,1,2,-0.4573827849646494,-0.3961532767699612,0,44,5195,-0.4599987093374523,2
0,0,0,1,-1.2367242199587352,1,2,1,2,0,0,0,0,0,0,0,1,0.5247392421335293,-0.9227933267195523,0,40,5346,2.41685386840986,4
1,0,1,1,-0.62591876415828,1,2,0,0,2,2,2,0,0,0,1,3,0.06442147308751339,-0.5306037712175928,0,46,2814,-0.23677285481607876,5
1,0,0,0,0.9621754209229036,1,2,1,2,2,0,0,0,0,0,1,2,0.719169491152966,1.165898964874943,0,64,4449,-0.4878405270782393,5
0,0,1,0,1.125056875803025,0,1,0,2,2,2,0,0,2,1,0,2,-0.4889569279678058,0.27872423383395056,0,65,5493,-0.5675598948605894,5
0,0,0,0,0.025607055362205634,1,2,2,1,1,1,1,1,1,2,0,1,-1.2982520670487077,-0.6413186246437886,0,39,3378,-0.5749676926325388,9
0,0,0,0,-1.2774445836787656,1,0,1,2,2,0,2,0,0,0,1,3,0.6194616711429987,-0.9689851782984432,0,26,5960,4.119480904219495,5
1,0,1,0,1.247217966963116,1,2,1,2,0,0,2,0,0,2,1,1,0.6610065961471517,1.3668136660117813,0,49,4604,-0.5099842205568795,5
0,0,0,0,0.9214550572028734,1,0,0,0,2,2,0,0,2,2,1,3,-0.00038860991896550476,0.590022901208024,0,36,4634,-0.5290635323533575,4
0,0,1,0,1.3286586944031769,1,2,1,2,2,0,2,2,0,1,1,0,1.1761636661986499,1.925218886101584,0,72,4915,-0.48765309263688755,7
1,0,0,0,1.247217966963116,1,2,2,1,1,1,1,1,1,2,0,3,-1.3132082400502028,-0.3178433087159674,0,79,4530,-0.6163984102949817,9
0,1,1,0,1.5322605130033284,1,2,1,2,2,2,2,2,2,2,1,1,1.6032454952413433,2.5182128470107283,0,47,4588,-0.4791542832183534,9
0,0,1,1,0.14776814652229667,0,1,0,2,0,2,2,0,0,2,0,1,-0.801374763999037,-0.3231154445934053,0,44,2564,-0.5356678164011676,4
1,0,0,0,-0.4223169455581282,1,0,1,0,2,2,2,0,2,0,1,0,1.003336778181373,-0.06041307570466931,0,28,4242,-0.18830756890272857,6
0,1,0,0,-1.1145631287986442,1,0,0,2,2,0,2,0,0,0,0,1,-0.1615829189350795,-0.8787853305878008,0,35,3662,0.4830058771199056,4
0,0,0,0,-1.2774445836787656,1,0,2,1,1,1,1,1,1,0,0,1,-1.4943441130683104,-0.9970444119222968,0,22,3129,0.47345129218270243,8
1,0,0,0,0.9621754209229036,1,0,0,0,2,2,2,2,2,2,1,1,0.5662841671376824,0.9947420515986224,0,75,4399,-0.4970933882805837,6
0,0,0,0,-1.2367242199587352,1,0,2,1,1,1,1,1,1,0,1,3,-1.4876969250676457,-0.9877354523395403,0,39,2237,0.10273339661921306,8
1,0,0,0,0.10704778280226633,1,2,0,2,0,2,0,0,0,0,1,2,-0.17155370093607614,-0.08154573750628233,0,27,2187,-0.47181564427128075,4
0,0,1,0,1.2879383306831464,1,2,2,1,1,1,1,1,1,2,0,1,-1.3215172250510334,-0.3065931442913091,0,61,5538,-0.6175353140314999,9
0,0,0,0,-0.7073594915983407,1,2,1,2,0,2,0,0,0,0,1,1,0.6510358141461546,-0.4310729047782632,0,35,3314,-0.05718646876722782,5
1,0,0,0,-1.2774445836787656,1,0,0,0,0,0,0,0,2,0,0,3,-0.30615925794953225,-0.9812721225818445,0,35,2207,2.5229097612128175,2
0,0,1,1,1.5322605130033284,1,0,0,2,0,0,2,2,2,2,0,1,0.35191235411625243,1.3932625819826936,0,64,6477,-0.5399537406074868,5
0,0,0,0,0.26992923768238775,1,0,0,0,0,0,2,0,2,1,0,2,-0.18152448293707302,-0.03114058905462716,0,42,5843,-0.4916573323242064,3
0,0,0,0,-0.13727439951791576,1,2,0,2,0,0,0,0,2,0,1,2,0.04447990908551963,-0.16217191588299992,0,72,5590,-0.4090101726173976,4
0,0,1,1,-0.748079855318371,1,0,2,1,1,1,1,1,1,2,0,3,-1.5275800530716328,-0.8930355388590346,0,28,5751,-0.5179324409015155,8
0,0,0,0,1.1657772395230555,1,2,0,2,0,2,2,2,2,2,0,1,0.720831288153132,1.2774741249924364,0,74,4471,-0.5017636174884289,7
1,0,0,1,-0.7888002190384014,1,0,0,2,0,0,0,0,0,0,1,1,-0.4208232509609946,-0.7099005093423426,0,34,4929,-0.23495293387565908,2
0,0,0,0,1.369379058123207,0,1,0,2,2,2,2,0,0,2,1,3,-0.5770321689766102,0.39596859445563426,0,27,6435,-0.5805192504125574,5
0,0,1,0,1.0843365120829946,1,2,1,2,2,2,0,2,2,1,1,1,1.475287126228552,1.8873874508304291,0,67,5186,-0.4530568091779049,8
1,0,1,1,1.2064976032430856,1,2,1,2,2,0,0,2,0,1,1,1,1.003336778181373,1.5494854534639286,0,27,4262,-0.4888319050642048,6
1,1,1,0,0.025607055362205634,1,0,1,2,2,0,2,0,2,1,1,2,0.9568064621767214,0.3422545741143737,0,21,4414,-0.34616348510692246,6
1,0,0,1,1.369379058123207,1,0,0,0,2,2,2,2,2,2,1,1,0.4898415051300408,1.2866507296996086,0,66,4285,-0.5255875173109048,6
0,0,0,0,1.6137012404433893,1,2,1,2,2,2,2,2,2,2,0,1,1.6713791722481544,2.7023625972402323,0,46,5905,-0.4809339467912602,9
0,0,1,1,0.758573602322752,1,2,1,2,0,0,2,2,0,1,1,3,1.0099839661820376,1.2001568185053242,0,21,6492,-0.4518367621782312,6
1,0,0,0,1.247217966963116,1,2,1,0,2,0,2,2,2,0,0,2,1.3506523512160928,1.955969335528983,0,66,4551,-0.47281091353557286,7
1,0,0,0,-0.21871512695797646,1,0,2,1,1,1,1,1,1,1,0,0,-1.4843733310673135,-0.7575703236985907,0,28,3428,-0.5793274738265736,8
0,1,0,0,-1.1552834925186746,1,0,2,1,1,1,1,1,1,0,0,3,-1.4860351280674797,-0.9654336558036003,0,20,3460,-0.20186677117882929,8
1,0,1,1,0.3920903288424788,1,0,2,1,1,1,1,1,1,2,0,3,-1.46443176706532,-0.6401053716176,0,76,5320,-0.6064390053709768,8
0,0,0,0,-0.13727439951791576,1,0,2,1,1,1,1,1,1,1,0,3,-1.4760643460664828,-0.7334155589044715,0,66,4840,-0.5838590769682185,8
1,0,0,0,-0.0965540357978854,1,0,2,1,1,1,1,1,1,1,0,3,-1.4976677070686424,-0.7300184504311433,0,59,3302,-0.5887719829004451,8
1,0,1,1,1.5729808767233588,1,0,0,2,2,2,2,2,2,2,0,0,0.6875953481498096,1.6545090472400028,0,44,5394,-0.5255601845430495,7
1,0,1,0,0.5549717837226001,0,1,0,2,0,2,2,0,0,2,0,1,-0.8096837489998675,-0.19281206958074568,0,44,2519,-0.5630788711750074,4
1,0,0,0,1.4915401492832983,1,2,1,0,2,0,2,2,2,1,1,0,1.3440051632154282,2.2528192623184466,0,47,6247,-0.4893232837181182,7
0,0,1,0,1.6137012404433893,1,2,1,2,2,2,0,2,0,2,0,0,1.1927816362003112,2.229877750550516,0,20,6380,-0.503550827300147,7
1,0,0,0,-0.1779947632379461,1,0,1,0,0,2,2,0,2,0,0,2,0.8720548151682491,0.15283268800743155,0,66,2448,-0.30185385520443164,5
0,1,1,0,1.6137012404433893,1,2,1,2,2,2,2,2,2,2,1,1,1.7278802702538025,2.6459132428035645,0,68,5098,-0.47826389839785,9
0,0,0,0,-1.0331224013585834,1,0,0,2,0,0,0,0,2,1,1,2,-0.18817167093773737,-0.8428730410126172,0,29,4770,0.18538055632602188,3
0,0,0,0,-0.4223169455581282,1,0,0,2,0,0,0,0,0,0,1,2,-0.4972659129686364,-0.5429568929387862,0,29,4667,-0.4133803566843271,2
1,0,0,0,1.6137012404433893,1,0,2,1,1,1,1,1,1,2,0,0,-1.5109620830699715,-0.38159424045569756,0,42,4722,-0.6313204960083374,8
1,0,1,1,-0.9924020376385531,1,0,2,1,1,1,1,1,1,0,0,1,-1.4993295040688086,-0.93088903327612,0,38,4535,-0.4113032730023264,8
1,0,1,0,0.7992939660427822,1,2,0,2,2,2,2,0,2,1,1,1,0.5529897911363537,0.9153291262480935,0,64,4628,-0.4855405952125213,7
0,0,0,0,1.4508197855632678,0,1,0,2,0,2,2,0,0,2,0,3,-0.8595376590048512,0.19388475858446874,0,45,5278,-0.5969945541731911,4
0,0,1,0,1.5729808767233588,1,2,0,2,2,2,2,2,2,2,0,0,0.7706851981581158,1.8025038572890861,0,71,4278,-0.5215791074858814,8
1,0,0,0,-1.2367242199587352,1,0,2,1,1,1,1,1,1,0,0,3,-1.4926823160681442,-0.9830147951103702,0,64,3300,0.09700064565689108,8
0,1,0,0,0.06632741908223598,1,2,1,0,2,0,2,2,0,0,1,2,1.0498670941860242,0.4017039723976169,0,32,5425,-0.3460045096600682,6
0,0,0,0,0.10704778280226633,0,1,0,0,0,0,0,0,0,0,0,2,-1.3497677740538576,-0.6473187123369397,0,75,5097,-0.5847189896125669,1
0,0,1,1,1.1657772395230555,1,0,2,1,1,1,1,1,1,1,0,1,-1.517609271070636,-0.501154811400105,0,57,4376,-0.6263122553311342,8
1,0,0,0,-1.2774445836787656,1,0,0,0,0,0,0,0,0,0,0,2,-0.6900343649879066,-0.9863677852918369,0,61,2785,1.8607770250646265,1
0,0,1,1,0.8400143297628127,1,0,0,0,0,2,0,0,2,1,0,1,-0.1383177609327537,0.44880024895966675,0,38,4854,-0.5329649878693822,3
0,0,1,0,1.6137012404433893,1,2,2,1,1,1,1,1,1,2,0,0,-1.2999138640488739,-0.1732676662861433,0,22,5613,-0.6213470799505991,9
1,1,1,0,0.35136996512244845,0,1,0,0,2,2,0,2,2,0,1,2,-0.35933676195484804,-0.02838319581328935,0,46,3920,-0.5143562962535908,5
0,0,1,0,-0.3408762181180675,1,0,2,1,1,1,1,1,1,1,0,1,-1.4744025490663168,-0.7927767206039918,0,79,3071,-0.5680749026519587,8
1,0,0,0,-0.9924020376385531,0,1,0,2,0,0,0,0,0,0,0,3,-1.1769408860365806,-0.910285790976844,0,59,5369,-0.2877306411478299,2
1,0,0,0,-1.2774445836787656,1,0,2,1,1,1,1,1,1,0,1,3,-1.4727407520661506,-0.9967576430251978,0,80,2184,0.5107141734377953,8
0,0,0,0,0.880734693482843,1,2,1,0,0,2,2,0,2,2,1,0,1.0083221691818711,1.2287454716315145,0,67,4825,-0.46338444689639113,6
1,0,0,0,0.35136996512244845,1,2,2,1,1,1,1,1,1,0,1,0,-1.3132082400502028,-0.5661631144578853,0,40,3461,-0.5927038927386582,9
0,0,1,0,-0.5444780367182193,1,0,0,0,0,0,0,0,0,0,0,3,-0.6601220189849164,-0.6353405960965682,0,76,5842,-0.4042328801487959,1
0,0,1,1,1.6137012404433893,1,2,0,2,2,2,2,2,2,2,0,0,0.9268941161737314,1.9647047573175414,0,75,6342,-0.5161157609161953,8
1,0,0,0,1.2064976032430856,0,1,0,2,2,2,2,0,0,2,1,0,-0.7000051469889033,0.1493694020963113,0,58,5254,-0.5821028532607135,5
0,1,1,1,0.9621754209229036,1,0,0,2,0,0,2,2,2,2,1,1,0.2605135191071156,0.7961656199304387,0,79,6357,-0.5155991106852722,5
1,0,1,1,-0.015113308357824713,1,0,2,1,1,1,1,1,1,2,0,3,-1.5225946620711341,-0.7349155808277592,0,49,4735,-0.5957936221534162,8
1,0,0,0,-0.46303730927815856,1,0,2,1,1,1,1,1,1,0,0,1,-1.4710789550659844,-0.8280492949471852,0,75,5654,-0.5547957667865073,8
1,0,1,1,1.2064976032430856,1,0,2,1,1,1,1,1,1,1,0,0,-1.4893587220678117,-0.456595336620086,0,32,4803,-0.625325975595681,8
0,0,0,0,-1.2367242199587352,0,1,0,0,0,0,0,0,0,0,0,2,-1.3381351950526947,-0.985308946287163,0,54,5786,0.27471592548887297,1
1,0,0,1,-0.21871512695797646,1,0,2,1,1,1,1,1,1,2,0,3,-1.4677553610656522,-0.7490775525152703,0,56,2924,-0.5772800627686014,8
0,0,0,0,-0.30015585439803716,0,1,0,2,2,2,0,2,2,1,0,2,-0.12336158793125872,-0.32626990246149573,0,76,3695,-0.39241459354954744,6
1,0,0,0,0.6771328748826912,1,2,1,0,2,0,2,2,2,1,1,0,1.392197276220246,1.2742976079784152,0,27,5154,-0.41707424230439716,7
0,0,0,0,1.247217966963116,1,2,1,2,2,2,0,2,2,0,0,1,1.4453747802255617,1.9854844727842633,0,39,5331,-0.46770518220975477,8
0,0,0,1,-1.1552834925186746,1,0,2,1,1,1,1,1,1,0,0,1,-1.4744025490663168,-0.9640880479018273,0,65,4929,-0.19384091983157847,8
0,0,1,0,-1.2774445836787656,1,0,0,0,0,0,0,2,0,0,1,3,-0.31446824295036285,-0.981382418311498,0,37,2849,2.5085778838070123,2
1,0,0,0,-0.8702409464784621,1,0,2,1,1,1,1,1,1,0,0,3,-1.479387940066815,-0.9140137866391327,0,33,4032,-0.4681530533786862,8
1,1,0,0,0.7992939660427822,1,2,1,0,0,0,0,0,0,0,1,0,0.2721460981082788,0.6838404488513017,0,72,4368,-0.5038204992244537,3
0,1,1,0,1.125056875803025,1,2,1,0,2,0,0,0,2,0,0,2,0.8205391081630994,1.3301072471830926,0,44,4340,-0.4935040299702659,5
1,0,0,0,1.2879383306831464,1,2,1,0,0,2,2,2,2,1,1,1,1.325725396213601,2.0338822389562243,0,80,6443,-0.47703881737028525,7
0,0,1,1,0.43281069256250915,1,0,0,2,0,2,0,2,2,2,0,0,0.3469269631157543,0.4299837974807775,0,23,3976,-0.4656775472813199,5
0,0,1,0,1.1657772395230555,1,2,1,0,0,0,2,2,2,1,0,0,1.2093996062019723,1.8106878004293765,0,79,5177,-0.47457928227999874,6
1,0,0,0,1.369379058123207,1,2,0,2,2,2,2,0,0,2,0,0,0.13255515009432434,0.9564032559710617,0,60,5454,-0.5439836584586545,6
1,0,1,0,1.4100994218432374,1,0,1,2,2,2,2,2,2,2,1,2,1.5384354122348645,2.2241423726085334,0,67,6103,-0.47439163530827194,8
0,0,1,0,0.3920903288424788,1,0,1,0,0,2,2,2,2,2,1,1,1.1379423351948288,0.8185115347582403,0,76,4545,-0.3976602145105988,6
0,0,1,1,-0.055833672077855064,1,0,2,1,1,1,1,1,1,2,0,3,-1.4544609850643233,-0.6979665113938326,0,24,5225,-0.5863910419765774,8
1,0,0,0,-1.0331224013585834,1,0,2,1,1,1,1,1,1,0,1,3,-1.5076384890696393,-0.9313743344865955,0,56,5873,-0.3835949766844367,8
1,0,1,1,0.06632741908223598,1,2,0,0,0,2,0,2,2,1,0,0,0.4133988431223993,0.20914968756851504,0,58,3997,-0.40873718447633456,5
1,0,0,0,-1.1960038562387048,1,0,2,1,1,1,1,1,1,1,1,3,-1.505976692069473,-0.9752279165968321,0,32,2787,-0.10412336727123918,8
0,0,1,1,-0.5444780367182193,0,1,0,0,0,0,0,0,0,0,1,3,-1.3265026160515319,-0.8139535006974662,0,39,2958,-0.519174536943352,1
1,0,0,0,-1.1960038562387048,0,1,0,2,0,2,2,0,0,0,0,3,-0.7781096059967111,-0.9584629656894982,0,46,5534,0.5236128631030199,4
1,0,1,0,0.5549717837226001,1,0,2,1,1,1,1,1,1,0,0,2,-1.5009913010689746,-0.630244933386576,0,59,5092,-0.6138198158627937,8
0,0,1,1,1.4915401492832983,1,2,1,2,0,2,0,0,0,1,0,0,0.6543594081464871,1.5745225840952761,0,49,5629,-0.5233103072804558,5
1,0,0,0,-1.1145631287986442,1,0,2,1,1,1,1,1,1,0,0,3,-1.479387940066815,-0.9573379492470323,0,44,5064,-0.27467270840031865,8
1,0,0,0,-1.2774445836787656,1,0,2,1,1,1,1,1,1,0,0,0,-1.4993295040688086,-0.9971105893600889,0,79,3625,0.4648521657392193,8
1,0,0,0,-0.2594354906780068,1,0,2,1,1,1,1,1,1,1,1,1,-1.4660935640654862,-0.7430554056761884,0,79,2194,-0.5739435410444986,8
1,0,0,0,-0.30015585439803716,1,0,1,0,0,2,2,2,2,2,0,0,1.1479131171958254,0.10313343222555882,0,23,3847,-0.223739421004304,6
1,0,1,1,1.2879383306831464,1,0,1,2,2,0,0,0,0,0,0,2,0.5413572121351905,1.259848867393805,0,48,5168,-0.5186674089736082,4
1,0,1,1,-0.0965540357978854,1,2,0,2,2,2,2,0,0,0,0,2,0.09433381909050333,-0.12332575989903286,0,33,4104,-0.4116114854196555,6
1,0,0,0,-0.7888002190384014,1,0,1,0,0,0,0,0,0,0,1,2,0.179085466098976,-0.5947076492922142,0,30,4599,-0.08712985549007032,2
0,0,1,0,1.2879383306831464,1,2,1,2,2,2,2,2,2,1,1,2,1.6697173752479884,2.257275209796448,0,45,5189,-0.458782210459506,9
0,0,0,1,0.5549717837226001,1,2,1,0,0,2,2,0,0,0,1,0,0.6659919871476498,0.7407971636443754,0,39,5756,-0.4547664700145407,5
0,0,0,0,-0.8295205827584317,1,0,2,1,1,1,1,1,1,1,0,3,-1.4976677070686424,-0.8906752102444494,0,62,3423,-0.48788694611437156,8
0,0,1,1,-0.7888002190384014,1,0,0,2,0,2,0,0,2,0,1,3,-0.05356611392428149,-0.6454216257868993,0,46,5916,-0.14445736511329044,4
0,0,1,1,1.4100994218432374,1,2,0,2,2,0,2,2,0,2,0,1,0.3070438351117673,1.1420750872697842,0,35,4188,-0.5368617597653396,6
1,0,1,0,-0.3408762181180675,0,1,0,0,0,2,0,0,0,0,0,2,-1.1852498710374113,-0.7022459857043889,0,33,4636,-0.5281749559541976,2
1,0,0,0,-1.0738427650786138,1,0,0,0,0,0,2,0,0,0,0,3,-0.4889569279678058,-0.8785647391284939,0,34,3929,0.1581499892549923,2
1,0,0,0,-0.9109613101984924,1,0,2,1,1,1,1,1,1,0,0,2,-1.4876969250676457,-0.9239845205998102,0,63,2706,-0.45316972699989005,8
0,0,0,0,-0.7888002190384014,1,0,1,0,2,0,0,0,0,1,1,3,0.32864719611392706,-0.5794868386000296,0,40,4172,-0.050276456446571784,3
1,1,0,0,-1.0331224013585834,0,1,0,0,2,0,2,0,2,0,1,2,-0.6767399889865777,-0.8885134139432407,0,77,3410,-0.025298041539311675,4
1,0,1,1,0.22920887396235737,1,2,0,2,0,2,2,2,2,2,1,0,0.6859335511496436,0.44880024895966675,0,51,5292,-0.4105683049302338,7
0,0,1,0,0.43281069256250915,1,2,1,2,2,0,0,0,2,0,1,2,0.9750862291785486,0.8062907679126312,0,71,4392,-0.41642800492318993,6
0,0,0,0,-0.30015585439803716,1,2,1,0,2,2,2,2,2,2,0,2,1.4669781412277214,0.23352504382194128,0,80,4398,-0.18140526005177227,8
1,0,0,1,-0.21871512695797646,1,0,0,2,2,0,0,0,0,1,0,3,-0.2845558969473725,-0.3142035496374015,0,42,5978,-0.43150439544098484,3
1,0,1,1,1.6137012404433893,1,2,2,1,1,1,1,1,1,2,0,3,-1.2849576910473786,-0.18895171904287275,0,41,5475,-0.6206403024346964,9
1,0,0,1,1.5729808767233588,1,2,1,2,2,0,0,0,0,1,1,1,0.6875953481498096,1.6540899234673196,0,48,4777,-0.5255601845430495,5
0,0,0,0,-0.3408762181180675,1,2,1,0,0,2,0,2,0,0,1,1,0.8039211381614382,-0.09131793915358358,0,37,5557,-0.2536908398782201,5
1,0,0,0,1.002895784642934,1,0,0,2,0,2,0,2,2,2,1,0,0.31867641411292996,0.8989612399675124,0,71,5548,-0.5146575245471776,5
0,0,0,0,-0.7073594915983407,1,0,0,0,2,0,0,0,0,0,0,2,-0.5288400559717926,-0.6807162592760232,0,62,5584,-0.3115772927202665,2
1,0,0,0,-1.1552834925186746,1,2,1,2,0,0,0,0,0,0,1,2,0.5097830691320341,-0.8574761956187422,0,67,2333,1.1751400099709153,4
0,0,0,0,-0.1779947632379461,1,0,0,2,2,0,0,0,0,0,0,2,-0.28954128794787104,-0.33401266268317226,0,47,4468,-0.4400329215031585,3
0,0,1,0,0.9214550572028734,1,2,1,2,0,0,0,2,0,0,1,0,0.8321716871642622,1.182310969447386,0,42,5875,-0.4777758853511553,5
1,0,0,1,0.9214550572028734,1,0,2,1,1,1,1,1,1,1,0,0,-1.517609271070636,-0.5639351407188843,0,66,4391,-0.6225278471497858,8
0,0,1,1,-0.5037576729981889,1,0,2,1,1,1,1,1,1,0,0,3,-1.4760643460664828,-0.8105122739322767,0,49,2522,-0.5505272249444321,8
0,0,1,1,1.2064976032430856,1,2,1,0,2,0,2,2,2,1,1,1,1.3722557122182522,1.951689861218427,0,69,6361,-0.4686307826255463,7
0,0,0,0,0.43281069256250915,1,0,2,1,1,1,1,1,1,2,1,0,-1.4993295040688086,-0.6619880443808568,0,41,3678,-0.6104295090799504,8
0,0,1,0,1.125056875803025,1,0,0,2,2,0,2,0,0,2,0,0,-0.16324471593524553,0.5310588041352562,0,54,4029,-0.549139908161981,4
1,0,1,0,1.0436161483629645,1,2,0,2,2,2,0,2,2,2,1,2,0.7091987091519689,1.1518252297711549,0,33,5666,-0.4943148024736896,7
1,0,0,1,-1.0331224013585834,1,0,2,1,1,1,1,1,1,1,0,3,-1.505976692069473,-0.9454480695903837,0,29,5084,-0.38287838281414643,8
1,0,1,1,-1.2367242199587352,1,0,1,2,0,0,0,2,2,0,0,2,1.074794049188516,-0.9245359992480777,0,43,5745,3.0493673912527215,5
1,1,0,0,0.18848851024232702,0,1,0,0,2,2,0,0,0,0,0,2,-0.9343185240123267,-0.42562429573337973,0,72,2494,-0.5510516495312109,3
0,1,1,1,1.3286586944031769,1,2,1,0,0,2,2,2,2,1,1,0,1.300798441211109,1.9797490948422807,0,75,5669,-0.4811386029069762,7
0,0,1,1,0.26992923768238775,1,0,2,1,1,1,1,1,1,2,0,3,-1.4960059100684764,-0.6713852405473361,0,61,3944,-0.605022482604124,8
1,0,0,0,1.4508197855632678,1,2,2,1,1,1,1,1,1,2,0,3,-1.3364733980525287,-0.27456326439992906,0,31,6042,-0.6208394748425594,9
0,0,1,1,1.2064976032430856,0,1,0,2,2,0,2,2,0,2,0,0,-0.533825446972291,0.3215410360854442,0,26,5453,-0.5730032485586152,5
0,0,1,0,1.6137012404433893,1,2,1,2,2,2,0,2,2,2,1,2,1.4885815022298807,2.596522815064722,0,53,6452,-0.48957233865229344,8
0,0,1,0,0.35136996512244845,1,0,2,1,1,1,1,1,1,2,0,1,-1.4660935640654862,-0.6195021293183238,0,79,5062,-0.6052613472275541,8
0,0,0,0,-1.1552834925186746,1,0,0,2,2,0,0,0,0,0,0,2,-0.31779183695069496,-0.9084328227186649,0,74,4042,0.6041580141236441,3
1,0,0,0,0.8400143297628127,1,2,2,1,1,1,1,1,1,1,0,0,-1.3530913680541898,-0.4314037919672237,0,20,4865,-0.6105694499704448,9
1,0,1,0,0.26992923768238775,1,0,2,1,1,1,1,1,1,2,1,0,-1.4727407520661506,-0.6572453280057557,0,80,2165,-0.6030160197673112,8
1,0,1,0,1.247217966963116,1,0,2,1,1,1,1,1,1,2,0,3,-1.5126238800701375,-0.45974979448817643,0,20,4538,-0.6271473183493355,8
1,0,0,0,-0.7073594915983407,1,2,2,1,1,1,1,1,1,0,1,2,-1.2766487060465481,-0.8387479807235758,0,73,2723,-0.47281091353557286,9
0,0,1,0,-0.7888002190384014,1,0,0,0,0,0,0,0,0,1,0,2,-0.6966815529885713,-0.7443127769942385,0,40,4369,-0.30292698100033427,1
1,0,0,0,-1.2774445836787656,1,0,0,0,2,0,0,0,0,0,1,3,-0.4856333339674735,-0.9836545103423604,0,50,4014,2.2133412092474294,2
1,0,0,0,-1.2774445836787656,1,0,2,1,1,1,1,1,1,2,0,3,-1.4727407520661506,-0.9967576430251978,0,27,5925,0.5107141734377953,8
1,0,0,0,1.125056875803025,1,0,0,2,2,2,0,0,0,2,0,2,-0.11172900893009581,0.5993539199367112,0,40,6209,-0.5462265429188338,4
1,0,1,0,0.3106496014024181,1,2,0,0,2,0,2,2,0,1,0,1,0.19902703010096928,0.2832463587497446,0,32,5507,-0.4637835785598432,5
0,0,0,0,1.369379058123207,1,0,0,2,2,2,0,0,0,2,1,0,-0.12003799393092641,0.7666504826751588,0,66,5133,-0.5569893024328775,4
1,0,1,1,0.3920903288424788,1,0,2,1,1,1,1,1,1,1,0,3,-1.479387940066815,-0.6286125565877039,0,64,4439,-0.6076388834793697,8
0,1,0,0,1.369379058123207,1,2,0,2,2,0,2,0,0,1,1,1,-0.030300955921955676,0.8358720826057033,0,80,4657,-0.5523688762841403,5
1,0,0,0,0.6771328748826912,1,2,1,0,2,0,0,2,2,0,0,2,1.1279715531938321,1.1650827764755072,0,79,6148,-0.43530439036458113,6
0,0,0,0,0.35136996512244845,1,0,2,1,1,1,1,1,1,2,0,3,-1.4876969250676457,-0.6482893147578906,0,21,5913,-0.6070357701444632,8
0,0,1,1,0.35136996512244845,1,0,2,1,1,1,1,1,1,2,0,0,-1.5109620830699715,-0.6650101473733631,0,40,4180,-0.6089466871319039,8
0,0,1,1,-0.38159658183809786,1,0,1,2,2,0,2,0,0,0,0,3,0.6526976111463211,-0.15127469779323297,0,54,2177,-0.25842991400707294,5
1,0,0,0,-1.1960038562387048,0,1,0,0,0,0,0,0,0,0,0,2,-1.3181936310507012,-0.9705734368054538,0,58,2013,0.057826847414357396,1
0,0,0,0,-1.1552834925186746,0,1,0,2,0,2,2,0,2,0,0,3,-0.5487816199737862,-0.9165505884211634,0,30,2682,0.44478753737109245,5
0,0,1,1,0.7992939660427822,1,0,2,1,1,1,1,1,1,2,0,3,-1.4926823160681442,-0.5334935193345148,0,43,5432,-0.618691848695887,8
0,0,0,0,-0.8702409464784621,1,0,1,0,2,2,2,0,2,0,1,2,0.9784098231788811,-0.5646410333886667,0,52,2405,0.23840850272750044,6
0,0,1,0,-1.2367242199587352,1,0,0,2,0,0,0,0,2,0,1,3,-0.08680205392760396,-0.9558820456156061,0,34,5766,1.713636417031695,3
0,0,1,0,-0.2594354906780068,1,2,1,0,2,0,0,0,0,0,0,0,0.4831943171293762,-0.11644330636865373,0,54,5168,-0.3248873603480651,4
1,0,1,1,-0.3408762181180675,1,0,0,2,0,2,0,0,0,1,1,1,-0.28289409994720643,-0.3641895743163733,0,52,3607,-0.4036596050525637,3
0,0,0,0,-0.8295205827584317,1,0,2,1,1,1,1,1,1,0,0,3,-1.477726143066649,-0.8969400076887689,0,27,4177,-0.4825951759953051,8
1,1,1,0,1.125056875803025,1,2,1,0,0,0,2,2,2,0,1,2,1.1379423351948288,1.6492148522166343,0,40,4763,-0.4755539408915199,6
0,0,1,1,1.2879383306831464,1,2,0,2,2,2,2,2,2,2,1,3,0.85876043916692,1.560779736180448,0,43,5240,-0.5018219407612466,8
1,0,1,0,1.369379058123207,1,0,0,2,2,2,2,2,2,2,1,0,0.7025515211513048,1.4627709508103373,0,24,5137,-0.5146353960694537,7
0,0,0,0,1.125056875803025,1,2,1,0,0,2,0,0,0,1,1,0,0.47987072312904416,1.0964567734850916,0,49,5687,-0.5127698323846267,4
1,0,1,1,-0.62591876415828,1,2,0,2,0,2,0,2,0,1,1,0,0.1857326540996401,-0.4756323795582822,0,35,2704,-0.21352336480221734,5
1,0,1,1,0.3920903288424788,1,0,2,1,1,1,1,1,1,2,0,3,-1.5093002860698053,-0.6231418883968898,0,21,3433,-0.6100386396961557,8
1,0,0,0,-1.2774445836787656,1,2,0,0,0,0,0,0,0,0,1,2,-0.4856333339674735,-0.9836545103423604,0,80,3043,2.2133412092474294,2
0,0,1,1,0.5956921474426305,1,0,0,0,2,0,2,0,2,2,0,0,-0.03196275292212194,0.3209674982912458,0,45,5144,-0.5092377686086605,4
0,0,1,0,-0.9109613101984924,1,0,2,1,1,1,1,1,1,0,1,3,-1.4694171580658184,-0.894270851031154,0,71,4907,-0.44743697603756805,8
1,1,1,0,1.5322605130033284,1,2,0,2,2,2,2,2,2,2,1,1,0.7906267621601091,1.7765402425286492,0,37,4097,-0.518637596184205,8
1,1,0,0,1.4100994218432374,1,2,1,0,0,2,0,2,2,0,1,1,1.217708591202803,2.0123745716737895,0,28,5269,-0.4906625314219211,6
1,0,0,0,-1.2774445836787656,1,0,0,0,0,0,0,0,0,0,0,3,-0.6700928009859131,-0.9861030755406685,0,77,4864,1.8951735308385587,1
1,0,0,0,-1.1552834925186746,1,0,0,0,2,0,2,2,0,0,1,0,-0.033624549922287965,-0.905984257520357,0,59,2624,0.8002180970350564,4
0,0,1,1,1.369379058123207,1,2,1,2,2,2,0,2,2,2,0,0,1.478610720228884,2.118898187373152,0,28,5865,-0.4746772662275975,8
0,0,0,0,-0.8295205827584317,1,0,1,0,2,0,0,0,2,0,1,2,0.6593447991469852,-0.5569423914588516,0,75,4807,0.08450618843131744,4
0,0,0,0,-0.3408762181180675,1,0,2,1,1,1,1,1,1,1,0,1,-1.4727407520661506,-0.773122021579736,0,20,4690,-0.5678455926134658,8
1,0,0,0,-0.2594354906780068,1,0,1,0,2,0,0,2,0,0,1,2,0.6975661301508063,-0.05878069890579741,0,64,3178,-0.2974975501947488,4
1,0,1,0,1.002895784642934,1,2,1,0,0,2,2,2,2,2,0,2,1.435403998224565,1.6280160129772296,0,24,4687,-0.4482366858113089,7
0,0,1,1,0.3920903288424788,1,2,2,1,1,1,1,1,1,2,0,2,-1.3896509020578445,-0.5583100585065551,0,24,4650,-0.6004396148290119,9
0,0,1,0,1.2879383306831464,1,0,2,1,1,1,1,1,1,2,0,1,-1.505976692069473,-0.465043989511545,0,78,5113,-0.6273250887517728,8
1,0,0,0,-0.5444780367182193,1,0,2,1,1,1,1,1,1,1,1,1,-1.4976677070686424,-0.8352626356665248,0,41,4431,-0.5486982043993103,8
1,0,1,0,-0.4223169455581282,1,0,1,0,0,2,0,2,0,0,1,0,0.7391110551549593,-0.18930466537776397,0,49,5233,-0.22793832555530238,4
1,0,0,0,-0.8295205827584317,1,0,1,0,0,0,0,0,2,0,1,0,0.5047976781315361,-0.5454495764289555,0,71,2968,0.043494970008552396,3
0,0,1,0,-0.055833672077855064,1,0,0,2,0,0,2,0,2,1,1,2,-0.025315564921457354,-0.16278957196905963,0,24,5191,-0.4323233598641737,4
0,0,0,0,-0.8702409464784621,1,0,0,0,0,0,0,2,2,0,1,2,0.004596781081533054,-0.6898487456913341,0,80,2775,-0.04154083593255723,3
1,0,1,1,1.4508197855632678,1,2,2,1,1,1,1,1,1,2,0,3,-1.2965902700485417,-0.26187925548977514,0,26,5434,-0.6188454745078388,9
0,1,1,1,1.6137012404433893,1,2,0,2,2,2,2,2,2,2,1,0,0.8438042661654253,1.9574031800144789,0,49,4606,-0.5200423026712103,8
1,1,0,0,1.4100994218432374,1,2,1,2,2,2,2,2,2,2,1,1,1.7062769092516428,2.4530280707855026,0,60,5896,-0.46587681402599956,9
0,0,0,0,1.125056875803025,1,0,1,2,0,2,2,2,2,0,1,0,1.3356961782145975,1.7457677339553193,0,62,5926,-0.46437037753879334,7
1,0,1,1,1.0436161483629645,0,1,0,2,2,2,0,2,0,1,0,3,-0.4906187249679718,0.28240811120437787,0,45,4704,-0.5644681278092233,5
1,0,0,0,-1.2774445836787656,1,0,2,1,1,1,1,1,1,0,0,3,-1.4727407520661506,-0.9967576430251978,0,51,2664,0.5107141734377953,8
0,0,1,0,0.18848851024232702,1,0,2,1,1,1,1,1,1,1,1,0,-1.4926823160681442,-0.6892310896052743,0,20,5707,-0.6017412369875318,8
1,0,0,0,-0.7888002190384014,1,0,2,1,1,1,1,1,1,1,1,2,-1.4893587220678117,-0.8938076089666093,0,24,2252,-0.4982499959308767,8
1,0,0,0,0.43281069256250915,1,2,2,1,1,1,1,1,1,2,0,0,-1.2733251120462157,-0.5160447349033292,0,51,3881,-0.5927100970145914,9
0,0,0,0,-1.0738427650786138,0,1,0,2,2,2,2,2,2,2,1,3,-0.04525712892345088,-0.8518952316982745,0,48,3909,0.3768134902464172,7
1,0,0,0,1.5729808767233588,0,1,0,2,2,2,2,2,0,2,0,0,-0.35933676195484804,0.7098261227576692,0,76,4094,-0.575721755463367,6
0,0,1,1,1.6137012404433893,1,2,1,2,2,0,0,2,0,2,1,2,1.0083221691818711,2.013301055802879,0,25,5584,-0.5122677499962806,6
0,1,0,0,-1.0738427650786138,1,0,1,2,0,0,0,0,0,0,1,2,0.31036742911209936,-0.80685045570778,0,79,4716,0.5520718768088326,3
1,0,1,1,-0.8295205827584317,0,1,0,0,2,0,2,0,0,0,0,3,-0.9725398550161476,-0.8150785171399321,0,75,2562,-0.34853699964562135,3
0,0,1,0,-0.46303730927815856,1,0,1,0,0,2,2,0,0,1,0,2,0.47987072312904416,-0.23704065717180417,0,24,4900,-0.24887532906986967,4
0,0,1,1,-1.0738427650786138,1,0,0,0,0,0,2,0,0,0,1,3,-0.5305018529719588,-0.8745940928609673,0,45,4538,0.13767587867527084,2
0,0,0,0,0.43281069256250915,1,0,0,0,2,0,2,0,0,1,0,2,-0.3094828519498643,0.07258151511153588,0,48,3350,-0.5171420161476197,3
0,0,1,1,0.10704778280226633,1,2,2,1,1,1,1,1,1,2,1,1,-1.3082228490497045,-0.5867442976112307,0,38,5070,-0.5807379125553987,9
1,1,1,0,-0.015113308357824713,1,2,1,0,2,2,0,0,2,0,1,2,0.9551446651765553,0.3048863809077638,0,77,5804,-0.33677751049214033,6
1,0,0,0,0.7992939660427822,0,1,0,2,2,2,2,2,2,2,0,1,-0.028639158921789646,0.46554314072106984,0,36,5380,-0.5233983845863458,7
1,0,0,0,-0.015113308357824713,1,0,0,0,0,0,0,2,2,1,1,0,0.0029349840813665527,-0.11858304352393183,0,29,4895,-0.43631891356518604,3
0,0,1,1,1.6137012404433893,0,1,0,2,2,2,2,2,2,2,1,0,-0.03196275292212194,1.060853311952938,0,32,6107,-0.5614280527690692,7
1,0,0,0,0.758573602322752,0,1,0,2,0,0,2,0,2,0,1,1,-0.6750781919864114,-0.043317237608374894,0,62,6087,-0.5636254059435103,4
1,0,1,1,1.4508197855632678,1,0,2,1,1,1,1,1,1,2,1,0,-1.4893587220678117,-0.4308081950270948,0,70,6492,-0.6284831427923222,8
1,1,1,0,-0.9924020376385531,0,1,0,0,2,2,0,0,2,0,1,3,-0.7116377259900661,-0.8419244977375969,0,68,2560,-0.10937838898670102,4
1,0,1,0,0.6771328748826912,0,1,0,0,2,0,0,2,2,2,0,1,-0.5022513039691348,0.057426881857143314,0,29,4283,-0.5477809642453387,4
0,0,1,0,1.6137012404433893,1,0,0,2,2,2,2,2,2,2,0,3,0.6759627691486464,1.709877503526066,0,39,4147,-0.5279739170163408,7
1,0,0,0,0.880734693482843,1,0,1,2,0,2,0,2,0,0,0,3,0.8321716871642622,1.0532208474609148,0,67,4980,-0.4744330214783207,5
0,0,1,1,0.7178532386027215,1,0,1,0,0,2,2,2,2,1,0,3,1.2725478922082847,1.26785633736665,0,72,5905,-0.4299628153502764,6
0,0,1,0,1.4915401492832983,1,2,1,2,2,2,2,2,2,2,1,2,1.7029533152513108,2.6043538118701215,0,37,4216,-0.4716336521772388,9
1,0,0,0,-1.2774445836787656,1,0,1,0,0,0,0,0,0,0,1,2,0.17077648109814536,-0.974941147699733,0,26,3358,3.345559524306025,2
1,0,1,1,1.4508197855632678,1,0,1,2,2,0,2,0,2,2,0,0,1.0083221691818711,1.9428220845542843,0,38,5748,-0.5036088718304386,6
1,0,0,1,0.3106496014024181,0,1,0,2,2,0,2,0,0,1,0,3,-0.8146691400003658,-0.31574768985255064,0,30,4288,-0.5490757270236584,4
1,0,1,1,-0.055833672077855064,1,2,2,1,1,1,1,1,1,2,0,3,-1.2965902700485417,-0.6724220204060791,0,32,5472,-0.569371937557184,9
0,1,0,1,0.025607055362205634,1,2,1,0,2,2,0,2,2,0,1,0,1.3489905542159264,0.5229410384327579,0,58,4738,-0.30637144901551094,7
1,1,1,0,0.9214550572028734,1,2,1,0,2,2,2,2,2,2,1,2,1.6231870592433366,1.7704519182517753,0,56,5754,-0.4290475021714183,8
1,0,1,1,1.4508197855632678,1,2,2,1,1,1,1,1,1,2,1,0,-1.3547531650543558,-0.2715191022614922,0,57,5440,-0.6217533916626398,9
0,0,1,1,-0.8295205827584317,1,0,2,1,1,1,1,1,1,0,0,0,-1.5076384890696393,-0.9183814975334118,0,29,3713,-0.4905328311739048,8
1,0,1,0,1.5729808767233588,1,0,0,2,2,2,2,2,2,2,1,0,0.7091987091519689,1.6615679739378277,0,52,6286,-0.5245251045081859,7
1,0,0,0,0.3106496014024181,1,2,1,0,2,2,0,2,2,0,1,3,1.259253516206956,0.8066657733934529,0,52,3655,-0.37457638065834475,7
0,0,1,1,1.2879383306831464,1,2,1,0,2,2,0,0,2,1,1,2,0.9335413041743955,1.6328249067901226,0,58,5206,-0.49785311317194664,6
1,0,1,0,0.8400143297628127,1,2,1,0,2,0,2,0,2,1,0,0,1.0963974101906757,1.2191938614435203,0,41,4488,-0.45408658111002576,6
1,0,1,0,1.6137012404433893,1,2,1,2,2,2,0,2,0,2,1,1,1.1030445981913404,2.1329057450391478,0,22,4256,-0.5077914923955633,7
1,0,0,0,0.5549717837226001,1,0,2,1,1,1,1,1,1,2,0,2,-1.4893587220678117,-0.6056048673819813,0,55,4006,-0.6129660018896818,8
1,0,0,0,0.3106496014024181,1,2,2,1,1,1,1,1,1,2,1,3,-1.3348116010523623,-0.5760897301267013,0,65,2601,-0.5928403868091897,9
1,0,0,0,-0.8295205827584317,0,1,0,2,2,0,2,2,0,0,1,0,-0.4590445819648154,-0.7385332807603945,0,73,2716,-0.21227391907965995,5
1,0,0,0,-0.9516816739185228,1,0,1,2,0,0,0,0,0,0,0,2,0.36022133911708304,-0.7139152739017305,0,30,4990,0.2051585471460327,3
0,0,1,1,0.758573602322752,1,2,1,0,0,0,2,0,0,0,1,2,0.531386430134194,0.810526123931326,0,36,6032,-0.4835873828926301,4
1,0,1,1,0.6771328748826912,1,0,1,0,2,2,0,2,0,0,1,1,0.8521132511662559,0.9771829714377832,0,72,5804,-0.4543371235594902,5
0,0,0,0,0.9621754209229036,1,0,0,2,0,2,2,0,0,1,1,1,-0.1499503399339166,0.4425133923694165,0,40,4835,-0.540441031522001,4
1,0,0,0,-1.1552834925186746,1,0,2,1,1,1,1,1,1,0,1,2,-1.481049737066981,-0.9812059451440526,0,45,4267,-0.19842712060143605,8
1,0,1,0,-0.5037576729981889,1,0,0,2,0,0,2,0,2,1,1,3,-0.020330173920958795,-0.4435142630831794,0,61,5969,-0.31138961337328575,4
0,0,1,1,-0.2594354906780068,1,0,2,1,1,1,1,1,1,0,1,1,-1.479387940066815,-0.7878575310614452,0,43,5158,-0.5756421339222237,8
1,0,0,0,0.758573602322752,1,0,1,0,2,2,0,2,2,0,1,2,1.1379423351948288,1.216965887704519,0,78,5787,-0.44334788094556216,6
0,0,0,0,-1.1552834925186746,1,2,1,0,2,0,0,0,0,0,1,3,0.5164302571326987,-0.8627483314961801,0,70,3132,1.1797262107407727,4
0,0,0,0,-1.2774445836787656,1,0,2,1,1,1,1,1,1,0,0,1,-1.502653098069141,-0.9971547076519502,0,38,5537,0.45911941477689744,8
1,0,1,1,-0.21871512695797646,1,2,1,2,2,0,2,2,0,0,0,2,1.1961052302006432,0.22668670858342352,0,31,3160,-0.2490800701756669,7
1,0,0,0,-0.8295205827584317,1,0,0,0,2,0,2,0,0,0,1,3,-0.3659839499555126,-0.7196065335518517,0,28,5385,-0.18757899185734977,3
0,0,1,1,0.06632741908223598,1,2,2,1,1,1,1,1,1,1,1,1,-1.3015756610490399,-0.6011489199039793,0,43,5854,-0.5777714414225148,9
1,0,1,0,-0.3408762181180675,1,2,0,2,0,0,2,0,0,1,1,2,-0.2130986259402292,-0.4115505606295915,0,45,5428,-0.3940285834358627,4
0,1,0,0,-0.748079855318371,0,1,0,0,0,0,0,2,2,0,1,2,-0.6119299059800988,-0.7089960843591838,0,44,2056,-0.307349388885554,3
1,0,1,0,1.0843365120829946,1,2,1,2,2,2,2,2,2,2,0,2,1.6281724502438353,1.8889315910455784,0,23,6251,-0.4442665910356779,9
1,0,0,0,-1.1960038562387048,1,0,1,0,2,2,0,0,2,0,0,2,0.8521132511662559,-0.8873442792089133,0,61,5625,1.9295700366124906,5
0,0,1,1,1.3286586944031769,1,2,1,2,0,2,2,2,2,2,0,2,1.48027251722905,2.2314218907656653,0,51,6087,-0.4717577376959038,8
0,0,1,1,1.0843365120829946,1,2,0,2,2,2,2,2,2,2,0,1,0.8487896571659234,1.2857463047164497,0,53,4617,-0.4890775943911615,8
1,0,1,1,1.6137012404433893,0,1,0,2,2,2,2,2,2,2,1,1,0.016229360082695727,0.9702122813236815,0,67,6412,-0.5591506585511604,7
1,0,0,0,-1.1960038562387048,1,0,0,0,0,0,2,0,2,0,0,3,-0.13665596393258767,-0.9189109170357486,0,22,2111,1.076823330967093,3
1,0,0,1,-0.5444780367182193,1,2,2,1,1,1,1,1,1,0,1,1,-1.3514295710540236,-0.8120122958555643,0,35,2378,-0.5234741001650934,9
1,0,0,0,-1.2774445836787656,1,0,2,1,1,1,1,1,1,0,1,3,-1.504314895069307,-0.997176766797881,0,21,3753,0.4562530392957364,8
1,0,0,0,-0.3408762181180675,1,0,1,0,2,2,2,0,0,0,1,2,0.7042133181514708,-0.07614124675326023,0,52,5421,-0.26744944218779293,5
1,1,0,0,1.002895784642934,1,0,0,0,0,2,2,0,0,1,1,2,-0.3742929349563432,0.33356327061767704,0,58,5521,-0.5558740271555961,3
0,0,0,0,1.6137012404433893,1,2,2,1,1,1,1,1,1,2,0,1,-1.3065610520495383,-0.182333975263662,0,42,4118,-0.6216612032910003,9
1,0,0,0,1.4100994218432374,1,0,2,1,1,1,1,1,1,2,0,0,-1.4710789550659844,-0.3744691363200806,0,45,4416,-0.6270682822607004,8
1,0,1,1,0.7992939660427822,1,0,2,1,1,1,1,1,1,1,1,1,-1.4594463760648215,-0.5330082181240394,0,56,4886,-0.6165285464459541,8
1,0,1,1,1.5729808767233588,1,2,0,2,2,2,2,2,2,2,0,1,0.8354952811645946,1.8430044492178557,0,57,4444,-0.5184738673812904,8
0,0,1,0,-0.2594354906780068,1,2,2,1,1,1,1,1,1,1,0,3,-1.288281285047711,-0.7039886582329143,0,20,2244,-0.5512248613049263,9
0,0,0,0,0.10704778280226633,1,2,1,2,2,2,2,2,2,2,1,3,1.609892683242008,0.7210321688904662,0,76,5723,-0.30110706005991456,9
0,0,1,1,0.9214550572028734,1,0,1,0,0,0,0,0,0,2,1,1,0.142525932095321,0.6895096493554922,0,67,4318,-0.5202596648040773,2
0,0,1,1,0.025607055362205634,1,0,2,1,1,1,1,1,1,2,0,3,-1.4843733310673135,-0.7100328642179269,0,25,3700,-0.5938520487437171,8
1,0,1,0,1.6137012404433893,1,2,1,2,2,2,0,2,2,2,1,2,1.4919050962302134,2.47085186069751,0,25,6181,-0.48941527698209275,8
1,0,0,1,-1.2774445836787656,1,0,2,1,1,1,1,1,1,0,1,3,-1.5142856770703037,-0.9973091216734653,0,76,3383,0.4390547864087703,8
0,1,1,0,0.18848851024232702,1,0,1,0,0,2,2,2,0,0,0,2,0.8388188751649267,0.48177867212606695,0,62,4048,-0.39008203698390637,5
1,0,0,0,-0.8295205827584317,0,1,0,0,2,0,2,0,0,0,0,3,-1.0223937650211312,-0.8105784513700687,0,39,3215,-0.36176642494328753,3
1,0,1,1,-1.2774445836787656,1,0,2,1,1,1,1,1,1,1,0,3,-1.4744025490663168,-0.9967797021711283,0,54,4540,0.5078477979566343,8
1,0,1,0,1.2064976032430856,0,1,0,2,2,0,2,0,0,2,1,1,-0.8695084410058479,0.029036761044329257,0,45,4558,-0.591384450056854,4
0,0,0,0,-1.2774445836787656,0,1,0,0,0,0,0,0,0,0,0,0,-1.3132082400502028,-0.9946399650158503,0,28,4831,0.7858862196292514,1
0,0,0,0,-0.5851984004382496,1,2,0,2,0,2,0,0,0,0,1,3,-0.1383177609327537,-0.49561796577149875,0,74,4459,-0.29594423170788187,4
1,0,0,0,-1.2367242199587352,1,0,1,0,2,0,0,0,0,0,1,2,0.3319707901142591,-0.9418965470955406,0,34,4545,2.195187497866743,3
1,0,1,1,-0.5444780367182193,1,0,2,1,1,1,1,1,1,0,0,3,-1.4677553610656522,-0.8227109816319551,0,32,2276,-0.5435387285332205,8
1,0,0,0,-0.9516816739185228,1,0,2,1,1,1,1,1,1,0,0,3,-1.4744025490663168,-0.9255727791068207,0,21,5380,-0.4277371590943161,8
1,0,0,0,-0.21871512695797646,1,0,0,2,0,2,2,2,2,1,0,2,0.5629605731373504,-0.029640567131339352,0,39,2445,-0.3270864314844055,6
0,1,0,0,-0.3408762181180675,1,0,2,1,1,1,1,1,1,0,1,3,-1.477726143066649,-0.8028577502943228,0,71,3740,-0.5685335227289444,8
0,0,0,0,-0.8702409464784621,1,0,2,1,1,1,1,1,1,1,0,3,-1.4876969250676457,-0.9122711141106072,0,53,3731,-0.470541699612987,8
1,0,0,0,-1.2774445836787656,1,2,2,1,1,1,1,1,1,0,1,3,-1.3215172250510334,-0.9947502607455038,0,53,2371,0.7715543422234464,9
1,1,0,1,0.22920887396235737,1,2,1,2,0,0,0,0,0,0,1,3,0.5214156481331973,0.3895273238438692,0,41,2926,-0.4251206727576665,4
0,0,1,1,-0.9516816739185228,1,0,2,1,1,1,1,1,1,2,0,3,-1.4960059100684764,-0.9128446519048055,0,24,2427,-0.43518973534533467,8
1,0,1,1,0.880734693482843,1,2,0,2,2,0,2,0,0,2,1,1,0.0295237360840249,0.5677872821098758,0,49,5725,-0.5247769981110758,5
0,0,0,0,-0.13727439951791576,1,2,0,0,0,0,0,2,2,1,1,1,0.2073360151017999,-0.08807524470177035,0,32,4226,-0.390283186140479,4
1,1,1,0,0.47353105628253944,1,2,1,0,0,2,0,2,0,0,1,2,0.8122301231622688,0.7766873940736284,0,36,2925,-0.43436167131744374,5
1,0,1,1,1.0843365120829946,1,0,0,2,2,2,2,2,2,2,1,2,0.7308020701541287,1.2821947822216067,0,21,5020,-0.4958613496965759,7
0,0,1,1,-0.5851984004382496,1,0,0,2,2,0,2,0,0,1,1,3,-0.10840541492976351,-0.5260154688640067,0,67,3479,-0.29051320448041895,4
1,1,0,0,1.4100994218432374,1,2,2,1,1,1,1,1,1,2,0,1,-1.3181936310507012,-0.26805581635037184,0,26,6388,-0.6193122074293237,9
1,0,0,1,0.025607055362205634,0,1,0,2,0,0,2,0,0,1,0,1,-1.0207319680209652,-0.5143241215207344,0,73,3044,-0.5468097687881924,3
1,0,0,0,-1.1145631287986442,1,0,2,1,1,1,1,1,1,0,0,3,-1.4893587220678117,-0.9585512022732209,0,20,4281,-0.2804054593626407,8
0,0,0,0,-1.2367242199587352,1,0,2,1,1,1,1,1,1,0,0,3,-1.4893587220678117,-0.988948705365729,0,40,4079,0.1008224796317723,8
1,0,1,1,1.6137012404433893,1,2,0,2,2,2,2,2,2,2,0,1,0.82884809316393,1.79101104225919,0,50,4193,-0.5207490801871131,8
1,0,0,1,-0.9516816739185228,1,0,2,1,1,1,1,1,1,0,0,3,-1.4744025490663168,-0.9245580583940085,0,67,4195,-0.4277371590943161,8
1,0,1,1,1.4100994218432374,1,2,2,1,1,1,1,1,1,2,0,3,-1.2783105030467143,-0.2606660024635865,0,52,6066,-0.6172888835602688,9
0,0,0,0,-0.9924020376385531,1,0,2,1,1,1,1,1,1,0,1,3,-1.46443176706532,-0.9450730641095618,0,49,3330,-0.3979268540902417,8
1,0,0,0,-0.62591876415828,1,0,2,1,1,1,1,1,1,2,0,1,-1.505976692069473,-0.84296127759634,0,29,5347,-0.5377422803379838,8
0,0,1,0,1.4508197855632678,1,2,1,2,2,2,0,2,2,2,1,0,1.5301264272340338,2.326739460332231,0,67,4545,-0.4775207007845094,8
0,1,1,0,-0.30015585439803716,1,0,1,0,0,0,0,0,0,0,1,2,0.1508349170961516,-0.2058710839717216,0,50,4442,-0.3560336739809655,2
1,0,0,0,1.4100994218432374,0,1,0,2,0,2,2,2,0,1,1,0,-0.5122220859701314,0.4595430530279188,0,33,5905,-0.5784242042421741,5
1,0,0,0,-0.015113308357824713,1,0,2,1,1,1,1,1,1,1,0,1,-1.4760643460664828,-0.6936429187914149,0,40,2433,-0.590929469821749,8
0,1,1,0,1.4100994218432374,1,2,1,2,2,0,0,2,2,1,1,2,1.3572995392167568,2.1319792609100583,0,45,5768,-0.48358089788022923,7
1,1,1,0,1.6137012404433893,0,1,0,2,2,2,2,2,2,2,1,1,-0.010359391919962149,1.041794209868811,0,68,5295,-0.5604071519127652,7
1,0,0,1,-1.2774445836787656,1,0,0,0,2,0,0,0,0,0,1,2,-0.49394231896830415,-0.9837648060720139,0,39,3239,2.1990093318416246,2
0,0,1,0,0.6364125111626608,1,0,0,0,2,2,0,0,2,1,1,2,0.0295237360840249,0.35952688537811384,0,67,5427,-0.5080190715503438,4
0,0,1,0,1.1657772395230555,1,2,1,0,0,2,2,2,2,1,1,0,1.2808568772091153,1.8700048438370358,0,27,5401,-0.4706033420964529,7
0,0,0,0,-1.2367242199587352,1,0,0,0,0,0,0,0,0,0,0,2,-0.6750781919864114,-0.9692940063414732,0,26,5694,1.0371718034776993,1
0,0,1,1,1.5729808767233588,1,2,0,2,2,2,2,2,2,2,0,0,0.8354952811645946,1.7925110641824777,0,54,5835,-0.5184738673812904,8
1,0,1,0,0.18848851024232702,1,2,0,2,0,0,0,0,0,0,1,3,-0.3227772279511935,-0.10984762173537366,0,26,3839,-0.49553448231714525,3
1,0,1,1,1.3286586944031769,1,2,1,0,0,2,2,2,2,2,1,0,1.3074456292117733,1.9501677801492086,0,25,4024,-0.48079116345471423,7
0,0,0,1,1.4100994218432374,1,2,1,0,2,0,2,2,2,1,1,0,1.3905354792200795,2.1904580567723504,0,65,5895,-0.4818947946560169,7
1,0,1,1,0.7178532386027215,1,2,0,2,0,0,2,2,0,2,1,1,0.19071804510013865,0.5324705894748213,0,60,4022,-0.5031396952810925,5
1,0,1,1,-0.30015585439803716,1,0,2,1,1,1,1,1,1,1,0,2,-1.5009913010689746,-0.8243874767226884,0,51,2888,-0.5752011530789681,8
0,0,1,1,1.2879383306831464,1,2,2,1,1,1,1,1,1,2,1,3,-1.3530913680541898,-0.31790948615375947,0,55,4582,-0.6192110412358709,9
1,0,1,0,-0.30015585439803716,0,1,0,0,0,2,0,2,0,1,1,1,-0.8861264110075091,-0.5776559294877812,0,72,2315,-0.4936196970766935,3
1,1,1,0,-0.3408762181180675,0,1,0,0,0,2,2,0,0,0,0,3,-1.0140847800203006,-0.6403921405146991,0,63,2525,-0.5045560219894308,3
0,0,0,0,0.18848851024232702,1,2,1,0,0,2,0,2,2,0,1,2,1.1728400721983174,0.675369736813912,0,52,2904,-0.3597588016305715,6
0,0,0,0,-0.46303730927815856,1,0,1,0,0,0,0,0,0,0,1,2,0.12923155609399228,-0.347005499636356,0,21,2006,-0.30385762239032155,2
1,0,0,0,-1.2774445836787656,1,0,0,0,0,0,0,0,0,0,1,3,-0.6302096729819263,-0.9855736560383315,0,30,2614,1.9639665423864223,1
0,0,0,0,-0.9109613101984924,1,2,1,0,0,0,0,0,0,0,1,3,0.3652067301175816,-0.6628483510721542,0,52,4525,0.12792275690820368,3
1,0,1,0,0.758573602322752,1,2,1,2,2,0,0,0,2,1,1,1,1.0515288911861906,1.1608915387486736,0,26,4745,-0.44908063190788416,6
0,0,0,0,-0.9109613101984924,1,0,2,1,1,1,1,1,1,0,1,3,-1.4694171580658184,-0.9231242139085128,0,43,3595,-0.44743697603756805,8
0,0,0,0,-1.0738427650786138,0,1,0,2,2,0,2,0,2,0,0,1,-0.4590445819648154,-0.8700719679451734,0,79,3474,0.17289134887239188,5
1,0,1,1,0.5956921474426305,1,2,0,2,2,2,2,2,2,2,1,3,0.8554368451665879,0.8994024228861265,0,30,3413,-0.44546091415282824,8
0,0,1,1,1.1657772395230555,1,2,0,2,2,2,2,0,2,1,1,2,0.48651791112970877,1.1209644846141023,0,74,4666,-0.5148010027414515,7
0,0,0,0,0.7992939660427822,0,1,0,2,2,2,0,2,2,2,1,0,-0.19980424993890028,0.3347765236438657,0,21,5122,-0.5345393911734999,6
0,0,1,1,0.10704778280226633,1,2,0,2,2,0,0,0,0,0,1,1,-0.17653909193657447,-0.06301605492449225,0,49,3682,-0.472293373518141,4
1,0,1,0,1.5729808767233588,1,2,1,0,2,2,0,2,2,1,1,0,1.3606231332170895,2.290805111611116,0,20,4420,-0.49331346037998824,7
1,0,1,0,0.5142514200025698,1,0,0,2,0,2,0,0,0,2,0,1,-0.3809401229570078,0.007286443156656526,0,79,2929,-0.5287831260562874,3
1,0,0,0,-1.2367242199587352,0,1,0,0,0,0,0,0,0,0,0,3,-1.3447823830533592,-0.9888163504901449,0,77,2515,0.26707225753911035,1
1,0,0,0,0.758573602322752,1,2,0,2,0,0,2,0,0,1,0,1,-0.1615829189350795,0.33700449738286653,0,42,5233,-0.5295596358020199,4
1,0,1,1,1.125056875803025,1,2,2,1,1,1,1,1,1,1,0,1,-1.3564149620545218,-0.34118188511065056,0,71,5449,-0.6166172063742301,9
1,0,0,0,-0.9516816739185228,1,0,2,1,1,1,1,1,1,1,1,3,-1.4827115340671475,-0.9335581899337352,0,70,4004,-0.4306035345754771,8
1,0,0,0,-0.62591876415828,1,2,1,0,0,2,2,0,2,0,1,0,1.0266019361836989,-0.28223984718381356,0,49,3139,-0.05236936552805441,6
1,0,1,1,0.5549717837226001,1,0,0,2,0,2,2,2,2,2,0,3,0.5396954151350245,0.6911640853002948,0,57,4280,-0.46403645029404006,6
0,0,0,0,1.4508197855632678,1,0,0,2,2,2,2,2,2,2,1,1,0.5878875281398422,1.485403634535238,0,70,5308,-0.524628958692286,7
0,0,1,0,-1.1552834925186746,1,0,2,1,1,1,1,1,1,1,0,0,-1.4710789550659844,-0.9709043239944143,0,80,3233,-0.1915478194466497,8
1,0,0,1,-0.1779947632379461,1,0,0,0,2,0,2,0,0,1,1,1,-0.34438058895335305,-0.33668181934078734,0,74,4711,-0.44655639673614556,3
0,0,0,0,0.26992923768238775,1,0,0,0,2,0,0,2,0,1,1,1,-0.2047896409393986,-0.024368431253901538,0,46,5662,-0.4936637951610191,3
1,0,0,0,-0.8702409464784621,1,0,1,0,0,2,0,0,2,0,0,2,0.6659919871476498,-0.6136785147926184,0,60,4924,0.148595404317789,4
0,0,1,0,1.5729808767233588,0,1,0,0,2,2,2,2,2,2,1,1,-0.11172900893009581,0.8958729595372141,0,37,5119,-0.5638581458330062,6
1,0,0,1,-1.2367242199587352,1,0,2,1,1,1,1,1,1,0,0,3,-1.4744025490663168,-0.9868530865023123,0,77,3000,0.11802073251873833,8
0,0,0,0,-0.62591876415828,1,0,2,1,1,1,1,1,1,1,0,3,-1.4827115340671475,-0.8497554945429964,0,48,4650,-0.5332834740339556,8
0,0,1,0,0.9214550572028734,1,2,1,0,2,2,0,2,0,0,1,1,0.9867188081797118,1.2323852307100804,0,55,5577,-0.46825542393158476,6
0,0,0,0,1.0436161483629645,1,2,1,2,0,0,0,0,0,0,1,0,0.4998122871310375,0.9913890614171559,0,78,5709,-0.5065576265627162,4
1,1,0,0,-0.9516816739185228,1,2,1,0,0,0,0,0,0,0,1,2,0.3087056321119333,-0.706459282577153,0,51,2003,0.18738701916283448,3
1,0,0,0,-0.2594354906780068,1,0,0,0,0,0,2,0,0,0,0,0,-0.518869273970796,-0.4599042085096914,0,54,2752,-0.4529187985065898,2
0,0,0,0,0.7178532386027215,1,0,2,1,1,1,1,1,1,2,0,1,-1.5076384890696393,-0.5540305841959988,0,41,6233,-0.6180195282907608,8
0,0,1,0,1.6137012404433893,1,2,1,2,2,2,2,2,2,2,1,0,1.624848856243503,2.60430969357826,0,38,5411,-0.4831328101740686,9
0,0,0,1,0.43281069256250915,1,0,1,2,2,0,2,2,2,1,1,1,1.3705939152180862,0.9937935083236024,0,76,3528,-0.3854190338088119,7
1,0,0,0,0.9621754209229036,1,2,2,1,1,1,1,1,1,2,1,0,-1.289943082047877,-0.3686896400862366,0,40,4246,-0.6094351922264376,9
0,0,0,0,-1.2774445836787656,1,0,2,1,1,1,1,1,1,0,0,3,-1.517609271070636,-0.9973532399653268,0,26,3313,0.4333220354464485,8
1,0,1,0,1.6137012404433893,1,2,1,2,2,0,2,0,2,2,1,0,1.1894580421999785,2.2259291634289204,0,54,6082,-0.5037078889703477,7
1,0,1,0,0.14776814652229667,1,2,1,0,0,0,0,2,2,0,1,2,1.0182929511828682,0.5269778621380763,0,44,5111,-0.3660093757594759,5
1,0,0,0,-1.1145631287986442,1,0,0,0,0,2,2,2,2,0,0,0,0.34526516611558833,-0.8325493607170483,0,68,5900,0.7744207177046074,5
0,1,0,0,0.47353105628253944,1,0,1,0,2,2,0,0,2,1,0,1,0.8105683261621028,0.7548708987481637,0,27,4368,-0.4344890657832731,5
0,1,1,1,1.5322605130033284,1,2,1,0,2,2,2,2,2,1,1,2,1.433742201224399,2.2924374884099885,0,53,5899,-0.4873900662909851,8
1,0,0,0,0.47353105628253944,1,0,2,1,1,1,1,1,1,1,0,1,-1.504314895069307,-0.6371715052088165,0,35,4220,-0.6119495566835963,8
0,0,1,0,1.4915401492832983,1,2,2,1,1,1,1,1,1,2,1,1,-1.3231790220511994,-0.2476731655104028,0,45,4106,-0.6207670736399298,9
1,1,1,1,1.4508197855632678,1,0,2,1,1,1,1,1,1,1,0,0,-1.504314895069307,-0.47920596119905606,0,51,5443,-0.6292308929178424,8
1,0,0,0,-0.6666391278783103,1,0,1,0,0,0,0,0,0,0,1,1,0.1724382780983114,-0.47393382532161815,0,54,5596,-0.18986171622243725,2
1,0,1,1,1.4508197855632678,1,0,0,2,2,0,2,2,2,2,0,0,0.6011819041411709,1.542691236517272,0,42,5184,-0.5239642919140457,6
1,0,0,0,-1.1552834925186746,1,0,2,1,1,1,1,1,1,0,0,3,-1.5209328650709681,-0.9709705014322064,0,55,3022,-0.2259443252205817,8
0,0,1,1,-0.2594354906780068,0,1,0,2,2,0,2,0,0,0,0,1,-0.8611994560050172,-0.553501164693662,0,43,3970,-0.49665756510800946,4
1,0,0,1,-1.1145631287986442,1,0,2,1,1,1,1,1,1,0,0,1,-1.4760643460664828,-0.951955517639941,0,60,3161,-0.272761791412878,8
1,0,1,0,1.5322605130033284,1,2,1,0,2,2,0,2,0,1,1,0,1.0049985751815391,1.9073068596058533,0,65,6259,-0.508221752886465,6
1,0,1,0,-0.3408762181180675,1,0,0,2,0,0,2,2,2,1,0,0,0.32033821111309646,-0.2500776124168493,0,68,4310,-0.3204200610796482,5
0,1,1,0,1.6137012404433893,1,2,0,2,2,2,2,0,2,2,0,0,0.45494376812655235,1.5011318055838287,0,71,4032,-0.5384185180846809,7
1,0,0,0,-1.2774445836787656,1,0,1,0,0,0,2,0,0,0,1,3,0.3170146171127639,-0.9729999428578311,0,64,3063,3.5978005666481927,3
1,0,1,0,1.5322605130033284,0,1,0,0,2,2,2,0,2,1,1,0,-0.45572098796448335,0.5979862528890076,0,69,4042,-0.5791948246594374,5
0,0,1,1,0.14776814652229667,1,0,2,1,1,1,1,1,1,0,0,0,-1.5142856770703037,-0.6956723602170395,0,79,3043,-0.6021367397210632,8
0,0,1,1,0.35136996512244845,1,2,1,0,2,2,2,2,2,1,1,0,1.4736253292283856,0.9593591815257757,0,77,4854,-0.3638033364573727,8
1,0,0,0,-0.748079855318371,1,0,1,0,0,2,0,0,0,0,0,2,0.3884718881199074,-0.5127358630137239,0,52,2292,-0.07727498359769779,3
1,0,1,1,-0.7888002190384014,1,2,0,0,2,2,2,2,0,0,1,2,0.2671607071077802,-0.5954576602538582,0,46,2862,-0.06542729827556563,6
1,0,0,0,-1.0738427650786138,1,0,2,1,1,1,1,1,1,0,0,3,-1.5225946620711341,-0.9571835352255174,0,68,5920,-0.35124588196847684,8
0,0,1,0,-0.7073594915983407,1,0,1,2,0,2,0,2,2,0,0,2,1.2293411702039656,-0.2692690693765605,0,50,2919,0.06750086466327573,6
0,0,0,0,0.5956921474426305,1,0,1,2,0,0,0,0,0,0,0,1,0.35523594811658493,0.5582577310678124,0,66,4995,-0.4814100399790558,3
0,0,0,0,-0.9924020376385531,1,0,0,0,0,2,2,0,2,0,0,3,-0.021991970921125294,-0.7834015835834434,0,25,2804,0.15496512760925787,4
1,0,0,0,-0.62591876415828,0,1,0,0,0,0,0,0,0,0,1,3,-1.2999138640488739,-0.8115711129369504,0,24,3090,-0.4982499959308767,1
1,0,1,1,-0.7073594915983407,1,0,1,2,0,0,0,0,0,0,0,3,0.3436033691154218,-0.49773564378084617,0,60,4634,-0.12347140176907595,3
0,0,0,0,-0.2594354906780068,1,0,1,2,0,2,2,0,2,1,1,0,1.0332491241843629,0.08630230388043278,0,42,3834,-0.2546080800321917,6
0,0,0,0,-0.38159658183809786,1,2,0,2,0,0,0,0,0,0,0,2,-0.34438058895335305,-0.45463207263225347,0,22,2989,-0.40174868806512304,3
0,1,0,0,-1.1552834925186746,1,0,1,0,2,0,0,0,0,0,0,2,0.2654989101076142,-0.8655939613212408,0,50,4503,1.0065971316786486,3
1,0,0,1,-0.13727439951791576,1,0,2,1,1,1,1,1,1,1,0,3,-1.4926823160681442,-0.7697249131064078,0,26,2941,-0.5857699939556592,8
0,0,0,0,-0.30015585439803716,1,0,2,1,1,1,1,1,1,0,0,3,-1.5192710680708021,-0.8022621533541939,0,65,2692,-0.5776265477168737,8
1,1,0,0,-1.1960038562387048,1,2,1,0,0,0,0,2,2,0,1,2,1.0000131841810405,-0.8576526687861878,0,40,4496,2.0571237455241547,5
0,0,1,1,1.4915401492832983,0,1,0,2,2,2,2,0,0,2,0,0,-0.6152534999804311,0.37132852845103964,0,33,4180,-0.5858791892120845,5
1,0,0,0,-0.748079855318371,1,0,2,1,1,1,1,1,1,1,0,3,-1.5093002860698053,-0.8624836217450117,0,39,2400,-0.513728423529146,8
1,0,0,0,-0.5444780367182193,1,2,0,0,0,0,0,2,2,0,0,3,0.16080569909714826,-0.3905281945576321,0,77,3349,-0.2626339313794425,4
1,1,0,0,0.26992923768238775,1,2,1,0,2,0,0,0,2,0,0,2,0.8620840331672525,0.50008776324855,0,39,5028,-0.401653142215751,5
1,0,0,0,-0.055833672077855064,1,0,1,0,2,2,0,2,2,0,1,2,1.217708591202803,0.38114484839020224,0,72,2025,-0.2983203061198969,6
1,0,1,1,-0.3408762181180675,1,0,2,1,1,1,1,1,1,1,0,3,-1.479387940066815,-0.8117696452503267,0,58,3000,-0.5687628327674372,8
1,0,1,0,-0.748079855318371,1,0,0,0,0,0,2,0,0,0,0,0,-0.5305018529719588,-0.7126579025836803,0,77,2168,-0.28862240240863557,2
0,0,1,0,1.2879383306831464,1,0,0,2,2,2,2,0,2,2,1,3,0.31867641411292996,1.0940523265786453,0,80,4781,-0.5304856955728566,6
0,0,0,0,0.7178532386027215,1,0,2,1,1,1,1,1,1,1,1,3,-1.5093002860698053,-0.5500378787825417,0,39,5247,-0.618131935172375,8
1,0,1,1,0.7992939660427822,1,0,0,0,2,2,2,2,0,1,1,2,0.13255515009432434,0.5307940943840879,0,51,4172,-0.5129063686741716,5
1,0,0,0,-0.1779947632379461,1,2,1,0,2,0,0,2,2,1,0,2,1.1778254631988159,0.18031838383708673,0,79,5137,-0.26548053875383687,6
0,0,0,0,-0.46303730927815856,1,0,2,1,1,1,1,1,1,2,1,1,-1.4594463760648215,-0.8137549683840899,0,35,5422,-0.5529717096621322,8
0,0,1,0,-0.62591876415828,1,0,2,1,1,1,1,1,1,1,0,3,-1.5093002860698053,-0.8703366776963418,0,77,2185,-0.5383792526671307,8
1,0,1,0,1.0436161483629645,0,1,0,0,0,0,0,2,2,1,1,1,-0.6567984249845842,0.1807154484638394,0,55,5006,-0.5741846548640063,3
0,0,1,0,0.758573602322752,1,2,2,1,1,1,1,1,1,2,0,3,-1.304899255049372,-0.4405142192366039,0,43,5447,-0.6054083408419726,9
1,0,1,1,1.6137012404433893,0,1,0,2,0,2,2,2,0,2,0,3,-0.5271782589716266,0.5502723202408981,0,47,5415,-0.5848302416289589,5
0,0,0,0,-0.21871512695797646,1,0,2,1,1,1,1,1,1,2,1,3,-1.5009913010689746,-0.758210038930581,0,21,2896,-0.5813748848845457,8
0,0,0,0,-1.1960038562387048,1,0,2,1,1,1,1,1,1,0,0,3,-1.4876969250676457,-0.9777206000870015,0,65,4258,-0.08835830212485365,8
0,0,1,0,1.2879383306831464,1,2,0,2,2,2,2,0,2,2,1,3,0.5496661971360212,1.25717971073619,0,74,5254,-0.5182264281303526,7
0,0,1,0,0.5142514200025698,1,0,1,0,0,0,2,2,2,2,1,1,1.0116457631822036,0.8850419188852391,0,27,3363,-0.4243473585252909,5
0,0,1,0,1.5729808767233588,1,2,0,0,2,2,2,2,2,2,1,1,0.6161380771426661,1.5947728800596608,0,24,4264,-0.5289839108122141,7
0,0,1,1,1.0436161483629645,1,0,2,1,1,1,1,1,1,2,0,1,-1.477726143066649,-0.4936767609295969,0,66,4424,-0.6221842985146345,8
1,0,1,1,0.06632741908223598,1,0,1,0,2,2,0,2,0,0,1,2,0.8338334841644282,0.358247454914133,0,45,3096,-0.3672975846629784,5
0,0,1,1,-0.7073594915983407,1,0,2,1,1,1,1,1,1,0,0,3,-1.4943441130683104,-0.8853589560751501,0,34,4167,-0.5197478120395842,8
1,0,1,1,1.369379058123207,0,1,0,0,0,2,2,2,2,2,0,0,-0.33607160395252245,0.5965965266953733,0,42,4051,-0.5681125505687261,5
1,1,0,0,-0.8295205827584317,0,1,0,0,2,0,0,0,0,0,1,1,-1.1769408860365806,-0.8376009051351793,0,27,3606,-0.4027776433660526,2
1,0,0,0,1.0436161483629645,1,0,2,1,1,1,1,1,1,2,1,0,-1.51594747407047,-0.5489349214860066,0,25,6339,-0.6244190997372346,8
0,0,1,1,-1.1960038562387048,1,0,2,1,1,1,1,1,1,2,0,3,-1.517609271070636,-0.9828383219429244,0,30,3863,-0.11415568145530262,8
0,0,0,0,-0.9516816739185228,1,0,1,0,2,2,0,0,0,0,0,2,0.5247392421335293,-0.7172903232291279,0,26,3581,0.2619127816730205,4
0,0,0,0,-1.1960038562387048,1,0,2,1,1,1,1,1,1,1,0,3,-1.479387940066815,-0.9743676099055347,0,31,4331,-0.08119236342195116,8
1,0,1,0,0.3106496014024181,1,2,1,0,2,2,0,2,2,1,1,0,1.3705939152180862,0.8377691691557435,0,77,5118,-0.3652082266467454,7
0,0,0,0,1.4508197855632678,1,2,2,1,1,1,1,1,1,2,0,0,-1.304899255049372,-0.20203279257977935,0,37,5182,-0.6192608912442389,9
0,0,0,0,0.7178532386027215,1,2,0,0,2,0,2,2,2,2,1,3,0.4931650991303729,0.7696284673758036,0,39,5592,-0.482681642827316,6
1,0,0,0,-1.2774445836787656,1,0,0,0,0,0,0,0,2,0,1,2,-0.3161300399505289,-0.9814044774574288,0,49,3255,2.5057115083258514,2
0,0,1,0,1.6137012404433893,1,2,0,2,2,2,2,2,2,2,0,0,0.7740087921584478,1.87108574198764,0,42,6247,-0.523340597745423,8
1,0,0,1,0.3106496014024181,1,0,2,1,1,1,1,1,1,1,1,0,-1.4744025490663168,-0.6286125565877039,0,59,3200,-0.6045855351222397,8
0,0,1,1,1.6137012404433893,1,2,1,2,2,2,2,2,2,2,1,0,1.7561308192566265,2.659964918761422,0,54,6173,-0.4769288742011449,9
0,0,0,0,-1.0738427650786138,1,0,2,1,1,1,1,1,1,0,0,3,-1.4876969250676457,-0.9576026589982009,0,53,3142,-0.3340476290815108,8
0,0,0,0,-1.1145631287986442,1,0,2,1,1,1,1,1,1,0,1,1,-1.4993295040688086,-0.9651689460524316,0,42,2878,-0.28613821032496267,8
1,0,1,0,0.6364125111626608,1,2,0,0,2,2,0,0,2,1,1,1,0.19237984210030468,0.5032863394085019,0,39,3997,-0.4965535696256998,5
0,0,1,1,1.2879383306831464,1,0,0,2,0,0,2,2,0,1,0,3,0.034509127084522986,0.788952279211099,0,57,4754,-0.5455672404121961,4
0,0,0,0,-0.62591876415828,1,0,2,1,1,1,1,1,1,1,0,1,-1.4860351280674797,-0.8567041255111676,0,70,4828,-0.5339204463631024,8
1,0,1,0,0.3106496014024181,1,0,1,0,2,2,0,0,0,0,1,2,0.5064594751317021,0.3922185396474149,0,31,2478,-0.43791628763229273,4
0,0,1,1,0.35136996512244845,0,1,0,2,0,2,0,0,0,1,0,1,-0.9758634490164798,-0.38265307946037125,0,43,4375,-0.5649955964207686,3
1,1,0,0,0.758573602322752,1,2,1,0,2,0,0,0,0,1,1,0,0.4931650991303729,0.7477899129044081,0,59,4673,-0.4861230227413494,4
1,0,1,0,0.35136996512244845,1,2,1,0,2,0,0,0,0,0,1,2,0.5147684601325326,0.5114482234028618,0,49,5757,-0.44256041515403444,4
0,0,0,0,-1.2367242199587352,1,0,2,1,1,1,1,1,1,0,1,3,-1.4727407520661506,-0.9870516188156887,0,56,2606,0.119931649506179,8
1,0,0,0,1.4508197855632678,1,0,1,0,2,2,0,0,0,1,0,1,0.4931650991303729,1.4037186171538465,0,20,5210,-0.5293647094872476,4
0,0,1,1,-0.3408762181180675,1,2,2,1,1,1,1,1,1,2,0,3,-1.33148800705203,-0.7535334999932721,0,56,5302,-0.548354239341571,9
1,0,1,0,1.5322605130033284,1,2,0,2,0,2,2,0,2,2,0,1,0.4167224371227313,1.4199320894129128,0,23,6252,-0.5368047647267747,6
1,0,0,0,-1.1960038562387048,0,1,0,0,0,0,2,0,0,0,1,2,-1.1636465100352518,-0.9630512680430844,0,55,3425,0.19111330728834386,2
1,0,0,0,-1.2367242199587352,1,0,0,0,0,0,0,0,0,0,0,0,-0.6601220189849164,-0.9567864705987648,0,26,4370,1.0543700563646652,1
1,0,1,0,-1.1960038562387048,0,1,0,0,2,0,0,0,0,0,0,1,-1.1619847130350858,-0.9641321661936887,0,32,5614,0.19254649502892437,2
0,0,0,0,-0.7888002190384014,1,0,0,2,0,0,0,2,2,0,1,2,0.23891015810495633,-0.5981929943492653,0,67,3605,-0.07238849587267095,4
1,0,0,0,-1.0331224013585834,1,0,2,1,1,1,1,1,1,0,0,3,-1.462769970065154,-0.9435289238944127,0,46,4476,-0.3642469421865999,8
1,0,1,1,-0.8295205827584317,1,0,0,0,0,0,0,2,0,0,1,3,-0.28123230294704044,-0.7284301919241326,0,56,2047,-0.16508896885131738,2
1,0,1,1,0.8400143297628127,1,2,1,0,2,2,0,2,2,1,1,2,1.3456669602155942,1.4543884753566703,0,56,6365,-0.43816227288135345,7
1,0,1,1,1.247217966963116,1,0,2,1,1,1,1,1,1,2,0,3,-1.502653098069141,-0.4562423902851948,0,36,6002,-0.6266098729466177,8
0,0,0,0,-0.7073594915983407,1,0,0,2,2,2,2,2,2,0,0,3,0.6543594081464871,-0.4376024119737512,0,46,4653,-0.056469874896937514,7
1,0,1,1,0.14776814652229667,1,0,0,2,2,0,0,0,0,1,0,3,-0.3693075439558449,-0.15017174049669785,0,37,4113,-0.4953836204497157,3
1,1,1,0,-1.1552834925186746,0,1,0,0,0,2,0,0,0,0,1,2,-1.1586611190347533,-0.9536099535847437,0,46,2914,0.024003616736657497,2
0,0,1,1,-0.3408762181180675,1,0,2,1,1,1,1,1,1,2,0,3,-1.4976677070686424,-0.8061225038920669,0,42,4642,-0.5712852431908589,8
0,0,0,0,1.1657772395230555,0,1,0,2,2,2,2,0,0,1,0,1,-0.7000051469889033,0.18389196547786069,0,50,4051,-0.5808201025333533,5
1,0,0,0,-0.6666391278783103,1,2,0,0,2,0,0,0,0,0,0,2,-0.31446824295036285,-0.6195903659020466,0,25,3771,-0.2886673651612812,3
1,0,1,1,1.3286586944031769,1,0,2,1,1,1,1,1,1,2,1,1,-1.4926823160681442,-0.4467790166809234,0,52,6009,-0.6271500327200562,8
0,0,1,1,-0.2594354906780068,1,0,2,1,1,1,1,1,1,2,0,1,-1.4993295040688086,-0.7874384072887618,0,37,4184,-0.5781900232388113,8
1,0,0,0,-0.6666391278783103,1,0,0,0,0,0,2,0,0,0,1,3,-0.5088984919697991,-0.6532746817382293,0,49,3446,-0.32812218060785026,2
1,0,0,1,-1.1145631287986442,1,0,2,1,1,1,1,1,1,2,0,3,-1.4727407520661506,-0.958617379711013,0,75,3353,-0.27085087442543737,8
0,0,0,0,-0.5444780367182193,0,1,0,0,2,0,0,0,2,0,1,2,-0.8329489070021932,-0.692517902348949,0,65,4034,-0.43404318515287027,3
1,0,0,0,-0.9109613101984924,1,2,0,2,0,0,0,0,0,0,1,1,-0.3410569949530208,-0.755099699354352,0,59,4163,-0.0935698939087828,3
0,0,0,0,1.6137012404433893,1,2,1,0,2,2,2,2,2,2,1,0,1.5567151792366918,2.5293085974138716,0,59,5425,-0.4863525744131811,8
0,0,1,1,-0.9109613101984924,1,0,0,0,2,2,0,0,0,0,1,3,-0.30615925794953225,-0.7625556906789295,0,41,2530,-0.08262555116253167,3
1,0,1,0,-0.8702409464784621,1,0,2,1,1,1,1,1,1,1,1,3,-1.4694171580658184,-0.9241830529131866,0,23,3971,-0.46528667789752515,8
1,0,1,1,-0.62591876415828,1,2,0,2,0,0,2,0,0,1,1,3,-0.08846385092776998,-0.5219565860127574,0,33,3937,-0.26607358195683567,4
0,0,1,1,0.14776814652229667,1,2,1,2,0,2,0,2,2,0,1,1,1.3207400052131024,0.6199571622359872,0,49,4102,-0.33781043859345966,7
1,1,0,0,-0.62591876415828,1,0,1,0,2,2,0,2,2,0,1,2,1.2310029672041316,-0.23262882798566367,0,53,3296,-0.013195567285520828,6
0,1,1,1,1.369379058123207,1,2,1,2,2,0,2,2,2,1,1,1,1.5234792392333694,2.175524014977265,0,67,5418,-0.47236705315322886,8
1,0,1,1,1.1657772395230555,1,0,0,2,2,2,2,2,2,1,0,0,0.6693155811479823,1.3168276413328095,0,72,4413,-0.5046299929695899,7
1,0,0,0,-0.4223169455581282,1,0,1,0,2,0,0,2,2,0,1,3,0.9451738831755587,-0.054015923384765595,0,26,4093,-0.1970313203671316,5
1,0,0,0,-1.2774445836787656,0,1,0,0,0,0,0,0,0,0,1,2,-1.341458789053027,-0.9950149704966722,0,66,3145,0.7371578364495144,1
0,0,0,0,-1.0738427650786138,1,0,1,0,0,0,0,0,0,0,0,1,0.19237984210030468,-0.8143285061782881,0,52,4059,0.4939254027624237,2
0,0,1,1,1.4508197855632678,1,0,0,2,2,2,2,2,2,2,1,1,0.6726391751483144,1.468263678147082,0,65,6221,-0.5203917079810044,7
0,0,1,1,0.7992939660427822,1,0,1,0,2,2,2,0,0,0,0,0,0.6992279271509723,0.9501163993808115,0,22,5494,-0.4760220653128169,5
0,0,0,1,-0.9109613101984924,1,0,1,0,0,2,2,2,0,0,1,2,0.8753784091685812,-0.5803250861453962,0,50,3857,0.28791862467482665,5
0,0,1,1,1.6137012404433893,1,0,2,1,1,1,1,1,1,2,0,0,-1.4843733310673135,-0.3612777670535206,0,30,4598,-0.6300640026467326,8
1,0,1,1,0.5956921474426305,1,0,2,1,1,1,1,1,1,1,0,3,-1.4860351280674797,-0.5859722275036561,0,64,5183,-0.613741041359322,8
1,0,1,1,-0.3408762181180675,1,2,0,2,0,0,0,2,2,1,0,3,0.33363258711442517,-0.20229750233094776,0,52,5535,-0.3185855807717052,5
1,0,0,0,1.3286586944031769,1,2,2,1,1,1,1,1,1,1,0,1,-1.328164413051698,-0.2994680401556922,0,76,5826,-0.6185509062765732,9
0,0,0,0,-1.1552834925186746,1,2,1,0,0,0,2,2,2,0,1,3,1.1994288242009752,-0.8296375534541957,0,21,5354,1.6509583398436412,6
0,0,0,0,0.06632741908223598,1,0,1,0,2,2,2,2,2,0,1,2,1.3406815692150957,0.5978318388674928,0,68,3941,-0.31734075484845814,7
0,0,1,0,-0.748079855318371,1,0,2,1,1,1,1,1,1,2,0,3,-1.4744025490663168,-0.8767779483081068,0,73,4556,-0.5057025721818954,8
1,0,1,1,-0.7888002190384014,1,0,2,1,1,1,1,1,1,1,0,3,-1.4876969250676457,-0.9093593068477543,0,27,5651,-0.49784051371928223,8
0,0,1,1,1.3286586944031769,1,2,0,0,2,0,2,2,2,2,1,0,0.48651791112970877,1.2318558112077433,0,65,4023,-0.5236999358090637,6
1,0,1,1,-0.38159658183809786,1,0,0,2,0,0,2,0,0,1,0,1,-0.25131995694405,-0.37782212650154745,0,69,4021,-0.38837226915303835,3
1,0,1,0,0.9214550572028734,1,0,0,2,2,2,0,0,0,2,0,2,-0.2047896409393986,0.34803407034821776,0,49,6231,-0.5416551103598861,4
1,0,1,0,0.6771328748826912,1,0,1,0,2,0,0,2,2,2,1,2,0.9983513871808745,1.063654823486137,0,29,4252,-0.4442474818658035,5
1,0,1,0,1.125056875803025,1,2,1,0,2,2,0,2,2,1,0,0,1.2542681252064576,1.7108481059470173,0,54,4968,-0.46897537421344554,7
0,0,1,1,1.4915401492832983,1,0,2,1,1,1,1,1,1,1,1,1,-1.4760643460664828,-0.36930729617229624,0,26,5188,-0.6283015463332673,8
1,0,0,0,0.3106496014024181,1,2,1,0,0,0,0,2,0,0,1,2,0.6693155811479823,0.4805874782458091,0,37,2904,-0.4242136146004011,4
1,0,1,0,1.4100994218432374,1,0,0,2,2,0,2,0,2,2,1,1,0.14751132309581955,1.05527234803247,0,43,4323,-0.5449550552415589,5
0,0,1,1,-0.7888002190384014,1,0,2,1,1,1,1,1,1,2,0,3,-1.4594463760648215,-0.8856236658263187,0,58,3163,-0.490879316122177,8
0,0,0,1,0.35136996512244845,1,2,1,0,2,0,0,2,0,0,1,0,0.788964965159943,0.6023539637832868,0,27,5984,-0.4200388935163408,5
0,0,0,0,-1.1552834925186746,0,1,0,2,0,2,0,0,0,0,0,3,-0.9891578250178088,-0.9458892525089978,0,70,3523,0.14095173636802635,3
0,0,1,1,-0.3408762181180675,1,0,0,2,0,0,2,0,0,0,0,2,-0.3194536339508612,-0.42348455857810163,0,80,2200,-0.40870442589940703,3
0,0,0,0,-1.1145631287986442,0,1,0,0,2,0,0,2,2,0,1,1,-0.4590445819648154,-0.904572472180792,0,69,3573,0.3119788067439661,4
0,0,0,0,-1.1145631287986442,1,2,0,0,2,0,0,0,2,0,1,2,-0.025315564921457354,-0.8424318580940031,0,75,4421,0.561353473604973,4
0,0,1,1,1.6137012404433893,1,2,0,2,2,2,2,2,0,2,0,0,0.5131066631323666,1.5152275998335476,0,24,6087,-0.5356699388561703,7
0,0,0,0,-0.3408762181180675,1,0,0,0,0,2,0,0,0,0,1,1,-0.5138838829702976,-0.4616909993300783,0,66,5394,-0.435533700403074,2
0,0,1,0,0.3920903288424788,1,2,0,2,0,2,2,2,2,2,0,1,0.6510358141461546,0.5699490784110848,0,59,3363,-0.43672291292828125,7
0,0,0,0,-1.1552834925186746,1,0,2,1,1,1,1,1,1,0,0,3,-1.4860351280674797,-0.9690292965903046,0,30,4596,-0.20186677117882929,8
1,0,0,0,1.4508197855632678,1,2,1,2,2,2,2,2,2,1,1,1,1.7428364432552979,2.5395440411257173,0,55,4629,-0.46688603233266573,9
0,0,1,1,0.025607055362205634,1,0,2,1,1,1,1,1,1,1,0,3,-1.4843733310673135,-0.7501584506658746,0,62,3342,-0.5938520487437171,8
1,1,1,0,1.4915401492832983,1,2,1,0,2,2,2,2,2,2,1,2,1.5018758782312098,2.3623208627184535,0,63,4297,-0.481543121697824,8
1,1,0,0,0.22920887396235737,1,2,1,0,0,0,0,2,2,0,0,2,0.9966895901807084,0.6058613679862684,0,71,3654,-0.3830804990339719,5
0,0,1,1,-1.1960038562387048,1,0,1,0,2,0,2,0,0,0,1,2,0.5064594751317021,-0.8993223954492848,0,76,4264,1.6314669865717466,4
0,0,1,1,0.6364125111626608,1,2,0,0,2,0,2,2,2,2,0,2,0.4948268961305394,0.7017304162011014,0,50,3246,-0.47526049462278946,6
0,0,1,0,-0.7073594915983407,1,2,2,1,1,1,1,1,1,2,0,3,-1.3148700370503688,-0.8346449795804651,0,25,4411,-0.4810517430439107,9
0,0,0,0,-0.30015585439803716,1,0,2,1,1,1,1,1,1,1,0,1,-1.491020519067978,-0.7730558441419438,0,56,3048,-0.5738782105492015,8
0,0,0,0,0.6364125111626608,0,1,0,2,2,0,0,2,0,0,1,2,-0.6634456129852487,-0.07728832234165671,0,26,2469,-0.55680595218888,4
1,0,0,0,-1.2774445836787656,1,0,2,1,1,1,1,1,1,0,0,3,-1.477726143066649,-0.9968238204629898,0,80,4270,0.5021150469943124,8
1,0,0,0,-1.2774445836787656,1,0,2,1,1,1,1,1,1,0,0,2,-1.5142856770703037,-0.9973091216734653,0,27,2716,0.4390547864087703,8
0,0,0,0,0.18848851024232702,1,0,1,0,2,2,0,0,0,1,0,2,0.5081212721318681,0.3261955158768223,0,55,3364,-0.4201035486023821,4
1,1,1,0,1.369379058123207,1,2,1,0,2,2,2,2,2,1,1,0,1.4154624342225712,2.1054200492094926,0,53,4138,-0.4779286772211532,8
0,0,1,0,-0.2594354906780068,0,1,0,2,2,2,0,2,0,1,0,0,-0.562075995975115,-0.4805515691008289,0,79,4362,-0.4584392253591961,5
1,0,1,0,1.247217966963116,1,0,0,2,2,0,2,2,0,1,0,1,0.2006888271011353,0.9569547346193292,0,44,5114,-0.5347962833156794,5
1,1,1,0,-0.5851984004382496,1,0,0,2,0,0,0,0,2,0,1,1,-0.18817167093773737,-0.5597218438461201,0,30,2422,-0.30499594375365346,3
0,0,1,0,1.2879383306831464,1,2,2,1,1,1,1,1,1,2,0,3,-1.303237458049206,-0.24917318743369052,0,22,4312,-0.6165651561763377,9
0,0,0,1,-0.1779947632379461,1,0,2,1,1,1,1,1,1,0,0,3,-1.479387940066815,-0.7695925582308236,0,54,4476,-0.581572565952212,8
0,0,0,0,-1.2774445836787656,1,0,1,0,0,2,0,0,0,0,0,2,0.358559542116917,-0.9724484642095634,0,34,3503,3.6694599536772174,3
1,0,1,0,1.369379058123207,1,2,1,0,2,2,0,0,2,1,0,2,1.0149693571825356,1.761937087922524,0,49,5706,-0.49854946799607264,6
0,0,0,0,-1.2774445836787656,1,0,1,0,0,0,0,0,0,0,1,2,0.18240906009930805,-0.974786733678218,0,58,4063,3.3656241526741515,2
0,0,1,0,-0.5851984004382496,1,0,0,0,0,0,2,0,0,0,1,3,-0.4806479429669752,-0.6048548564203374,0,67,3740,-0.35809932108884673,2
1,0,1,1,-1.318164947398796,1,0,2,1,1,1,1,1,1,2,0,3,-1.4926823160681442,-1.005779833710855,0,53,2019,1.6142687336847807,8
1,0,0,1,-0.8295205827584317,1,0,2,1,1,1,1,1,1,2,0,0,-1.5093002860698053,-0.9121167000890922,0,74,2558,-0.4909738120171603,8
1,0,0,0,-0.8295205827584317,1,2,2,1,1,1,1,1,1,0,0,2,-1.3215172250510334,-0.8662777948450925,0,53,4408,-0.44114297672928443,9
0,0,1,1,0.9214550572028734,1,0,2,1,1,1,1,1,1,2,0,3,-1.477726143066649,-0.5297214053803647,0,36,5153,-0.6200709538802193,8
0,0,0,0,-1.0331224013585834,1,2,1,0,0,0,0,0,0,0,1,2,0.35191235411625243,-0.7566658987154319,0,37,4989,0.41827356417035305,3
0,0,1,1,1.4508197855632678,1,2,0,2,2,2,2,2,2,2,0,1,0.7723469951582818,1.7127451924970574,0,44,5436,-0.5154067071442027,8
0,1,0,0,0.6771328748826912,1,0,0,0,0,0,0,0,0,0,0,3,-0.6966815529885713,-0.07662654796373564,0,68,5651,-0.5611956014971723,1
1,0,0,0,0.3106496014024181,0,1,0,2,2,2,0,2,2,1,0,1,-0.09012564792793624,0.1022731255342615,0,34,2290,-0.48811281435116094,6
0,0,0,0,-0.6666391278783103,1,0,2,1,1,1,1,1,1,1,0,0,-1.4843733310673135,-0.8652189558404189,0,22,4545,-0.5260706991303805,8
0,0,1,0,1.6137012404433893,1,2,1,0,2,2,0,2,2,1,1,2,1.2160467942026365,2.2250688567376224,0,25,4497,-0.5024513956087429,7
0,1,0,0,-1.2367242199587352,1,2,1,0,0,0,0,0,2,0,1,2,0.641065032145158,-0.923697751702711,0,72,5039,2.550618057530707,4
1,0,1,1,-0.38159658183809786,1,0,2,1,1,1,1,1,1,2,0,3,-1.4577845790646555,-0.8054827886600765,0,46,4076,-0.5617879857632788,8
0,1,0,0,1.5729808767233588,1,2,1,0,2,2,0,2,2,1,1,2,1.3672703212177542,2.3127760209580956,0,60,5479,-0.4929949742154149,7
1,0,1,0,-0.8295205827584317,1,0,1,0,2,0,0,0,2,0,1,1,0.6743009721484804,-0.5646851516805281,0,80,2540,0.08847501602061726,4
0,0,0,0,0.880734693482843,0,1,0,2,0,0,2,0,2,1,0,0,-0.6867107709875744,0.03969132852885839,0,32,6205,-0.5697009192885445,4
0,0,1,0,1.4508197855632678,1,2,1,0,2,2,2,0,0,2,0,1,0.8454660631655913,1.7726357736989147,0,55,4095,-0.5117510398638814,6
1,0,0,0,-0.21871512695797646,1,0,0,2,0,0,2,0,0,0,0,3,-0.37595473195650925,-0.3610130573023521,0,75,2191,-0.4427651562598316,3
1,0,0,0,-0.46303730927815856,1,0,2,1,1,1,1,1,1,0,1,3,-1.4893587220678117,-0.8220712663999648,0,36,3632,-0.5576621422676684,8
0,1,0,0,1.2879383306831464,1,2,0,0,2,2,2,0,2,0,0,1,0.32864719611392706,1.1424942110424678,0,58,5113,-0.5299565185609499,6
1,0,1,0,1.002895784642934,0,1,0,0,2,2,2,2,2,2,1,0,-0.24134917494305336,0.4351015193367004,0,75,4133,-0.5479667844489451,6
1,0,0,0,-0.5444780367182193,1,0,2,1,1,1,1,1,1,2,0,3,-1.4993295040688086,-0.847770171409233,0,21,5596,-0.5489848419474264,8
1,0,1,0,-0.055833672077855064,1,0,1,0,0,2,0,2,2,1,1,2,0.9651154471775519,0.2912097104307283,0,46,2510,-0.32555087319092646,5
1,0,0,0,0.7992939660427822,1,2,0,2,2,2,2,2,2,2,1,3,0.8138919201624348,1.0467795768491495,0,31,4624,-0.4685586725505486,8
0,0,0,0,0.5549717837226001,1,2,1,0,2,2,0,0,2,1,1,2,0.9767480261787151,0.9391530038532522,0,70,3924,-0.4319574395899829,6
0,1,0,0,-0.8702409464784621,1,2,0,2,0,0,0,0,0,0,1,2,-0.304497460949366,-0.749540794579815,0,80,5014,-0.13039847584854827,3
0,0,1,1,0.8400143297628127,0,1,0,2,2,2,0,0,2,0,1,0,-0.533825446972291,0.09505978481492162,0,54,4116,-0.558231556925542,5
1,1,0,0,1.002895784642934,1,2,1,0,2,0,2,2,2,0,1,0,1.3340343812144315,1.603353887826704,0,75,5838,-0.4542659583751303,7
0,0,1,1,1.5729808767233588,1,0,2,1,1,1,1,1,1,2,0,0,-1.491020519067978,-0.39282234573442515,0,31,5789,-0.629944024981996,8
0,0,1,1,-1.2774445836787656,1,0,2,1,1,1,1,1,1,0,1,3,-1.5076384890696393,-0.9972208850897424,0,72,3160,0.4505202883334143,8
1,0,1,0,1.4508197855632678,1,2,2,1,1,1,1,1,1,2,0,1,-1.3198554280508674,-0.2870046227048453,0,24,4187,-0.6200086413697592,9
1,0,1,0,1.6137012404433893,1,0,0,2,2,2,2,2,2,2,0,3,0.6543594081464871,1.6559208325795682,0,50,6297,-0.5289948178726447,7
0,0,0,0,-1.2367242199587352,1,0,2,1,1,1,1,1,1,0,0,3,-1.5109620830699715,-0.9861913121243912,0,43,3009,0.07598055879504372,8
0,0,0,0,0.35136996512244845,1,0,0,2,0,2,2,2,2,1,1,0,0.5014740841312035,0.45927834327675043,0,48,5556,-0.4436523677182862,6
1,0,1,1,1.6137012404433893,1,2,2,1,1,1,1,1,1,2,0,1,-1.303237458049206,-0.18178249661539445,0,40,6425,-0.6215041416207997,9
0,0,1,0,1.0436161483629645,1,2,0,2,0,0,2,0,2,1,1,2,0.12092257109316168,0.7467090147538038,0,62,5269,-0.5287113082476216,5
0,0,0,0,-1.0331224013585834,1,0,2,1,1,1,1,1,1,0,0,3,-1.4660935640654862,-0.9369994166989246,0,38,2100,-0.36568012992718046,8
0,0,1,0,1.3286586944031769,1,0,0,2,0,2,0,0,0,0,1,3,-0.3194536339508612,0.6147512037963415,0,34,6205,-0.5658269693958239,3
1,0,0,0,-1.2774445836787656,1,0,1,0,0,0,0,0,0,0,1,3,0.19404163910047073,-0.9746323196567032,0,61,3530,3.3856887810422784,2
1,0,1,0,0.9621754209229036,1,0,2,1,1,1,1,1,1,1,0,1,-1.4893587220678117,-0.5086769801624745,0,65,4838,-0.6215041416207997,8
1,0,0,0,-1.1552834925186746,1,0,2,1,1,1,1,1,1,0,0,3,-1.5209328650709681,-0.9733749483386531,0,28,4345,-0.2259443252205817,8
0,0,1,1,1.0436161483629645,1,0,0,0,0,0,0,0,0,1,1,3,-0.6867107709875744,0.05881660805077761,0,44,5040,-0.5759336297338672,1
1,0,1,0,1.2064976032430856,1,2,1,0,0,2,2,2,2,2,1,0,1.423771419223402,2.043985327792486,0,40,4697,-0.46580990516789583,7
1,0,0,0,-0.2594354906780068,1,2,0,2,2,0,0,0,0,1,0,2,-0.10674361792959748,-0.3078505156093591,0,30,5156,-0.4002624192971136,4
1,0,0,0,1.2064976032430856,1,2,1,2,2,2,0,0,0,0,0,0,0.8620840331672525,1.4588664819806028,0,67,5496,-0.49656656906098845,6
0,0,1,1,1.0436161483629645,1,0,1,2,2,0,0,2,2,1,0,1,1.1462513201956595,1.5736622774039783,0,22,4098,-0.4687603363196101,6
0,0,1,0,1.4508197855632678,1,2,0,2,2,2,2,2,2,2,1,2,0.895319973170575,1.8286880635088298,0,77,4113,-0.5092585394454805,8
0,0,1,1,1.1657772395230555,1,2,1,2,2,2,0,0,2,1,1,1,1.1944434332004772,1.6495457394055948,0,57,4804,-0.47541145580678745,7
0,0,0,0,0.3920903288424788,1,2,0,0,0,2,2,2,2,2,1,1,0.45494376812655235,0.4825066239417802,0,30,3192,-0.4524546481272114,6
1,0,0,0,-0.5851984004382496,1,2,1,0,0,0,0,2,0,0,0,0,0.6493740171459885,-0.327284623174308,0,72,4612,-0.15292718138469094,4
0,0,0,0,0.9621754209229036,1,0,2,1,1,1,1,1,1,2,1,0,-1.502653098069141,-0.5290596310024437,0,56,5764,-0.6223087382470905,8
0,0,0,0,-1.1552834925186746,1,0,2,1,1,1,1,1,1,0,0,1,-1.4727407520661506,-0.9692278289036811,0,40,4344,-0.19269436963911407,8
0,0,0,1,0.10704778280226633,1,0,0,2,2,0,0,0,0,1,0,1,-0.304497460949366,-0.11615653747155455,0,80,5964,-0.4845550908542186,3
0,0,1,1,1.2879383306831464,1,2,1,2,0,0,2,0,0,0,1,0,0.7324638671542947,1.3445118694758411,0,70,4915,-0.5085248495787307,5
0,0,0,0,-0.055833672077855064,1,0,2,1,1,1,1,1,1,1,0,3,-1.4561227820644893,-0.7043416045678056,0,69,5772,-0.58657019044415,8
0,1,1,0,1.4100994218432374,1,0,2,1,1,1,1,1,1,2,1,0,-1.4860351280674797,-0.44854374835537963,0,76,4934,-0.627827028711596,8
0,1,1,0,1.5322605130033284,1,2,1,2,2,2,2,2,2,2,1,2,1.624848856243503,2.397791969375023,0,46,6146,-0.4781046245914494,9
1,0,1,1,-1.2367242199587352,1,0,0,2,2,0,2,0,0,2,0,3,-0.17487729493640844,-0.9482054628317216,0,61,5613,1.6123578166973398,4
0,0,1,1,-0.13727439951791576,1,0,1,0,0,0,0,2,2,0,1,1,0.7656998071576172,0.1508914831655297,0,25,4780,-0.3260763753624726,4
0,0,0,0,0.5956921474426305,0,1,0,2,0,2,2,0,0,2,0,3,-0.7598298389948839,-0.1784515655798584,0,45,2540,-0.5615491211398488,4
1,0,0,1,-0.8295205827584317,1,0,0,2,0,0,0,2,2,0,1,3,0.16911468409797886,-0.6362891393715884,0,36,5796,-0.04558316032906647,4
0,0,1,1,-0.9924020376385531,1,0,0,0,2,0,2,0,0,0,0,0,-0.28123230294704044,-0.828644891887314,0,21,3135,0.05559744426234324,3
1,0,1,0,0.880734693482843,1,2,1,2,2,2,0,2,2,0,0,2,1.4885815022298807,1.6937963861425842,0,42,6130,-0.4332614463852809,8
1,0,1,1,1.4915401492832983,1,0,1,0,2,0,2,2,0,2,1,3,0.9102761461720702,1.8534825435349394,0,30,5817,-0.5106982551633473,5
0,0,0,0,-0.2594354906780068,1,2,0,2,2,0,0,2,0,0,1,0,0.1574821050968162,-0.21162852105963495,0,55,3866,-0.3665028858523285,5
0,0,1,0,1.6137012404433893,1,2,1,2,2,2,2,0,0,2,1,0,1.071470455188184,2.1284718567070766,0,67,6302,-0.5092835782624691,7
0,0,0,0,1.5322605130033284,0,1,0,2,0,2,2,2,2,2,1,0,-0.2130986259402292,0.8534752810584038,0,55,4093,-0.5674063508495921,6
0,0,1,1,-0.1779947632379461,1,0,1,0,0,0,0,0,0,1,1,0,0.1873944510998066,-0.12685522324794526,0,54,5195,-0.38329845508293725,2
0,0,1,0,-0.46303730927815856,1,2,1,0,0,0,0,2,2,0,1,2,0.9817334171792131,-0.14620109422917138,0,55,2058,-0.1701802931325404,5
0,0,1,1,0.8400143297628127,1,0,2,1,1,1,1,1,1,1,0,0,-1.502653098069141,-0.5611115700397543,0,29,4670,-0.6201240349076481,8
1,0,0,1,0.8400143297628127,1,0,1,2,2,2,0,0,2,1,0,2,1.0365727181846955,1.2164144090562516,0,61,4523,-0.45790841508490704,6
0,0,1,0,1.5322605130033284,1,2,0,2,2,2,2,2,2,2,1,1,0.9983513871808745,2.0203158642088423,0,71,5072,-0.5085447247716662,8
1,0,0,0,1.1657772395230555,1,2,1,2,2,2,0,2,2,1,1,2,1.4287568102239003,1.8715710431981154,0,29,5364,-0.4623740705537648,8
0,0,0,0,-0.8702409464784621,1,0,0,2,0,0,2,0,0,1,1,3,-0.33773340095268845,-0.7331949674451644,0,49,2573,-0.13995306078575168,3
1,0,0,0,-1.2367242199587352,1,0,1,0,0,0,0,0,0,0,1,1,0.21730679710279655,-0.9361832282994886,0,43,2274,2.063334225733337,2
1,0,0,0,-0.30015585439803716,1,0,2,1,1,1,1,1,1,1,1,0,-1.504314895069307,-0.7779970928304212,0,36,4761,-0.5756421339222237,8
0,0,0,0,0.35136996512244845,1,2,0,0,2,0,0,0,0,1,1,1,-0.28123230294704044,0.03717658589275839,0,46,2994,-0.5079410749386115,3
0,0,1,1,1.5729808767233588,1,2,0,2,2,2,2,2,2,2,1,1,0.8570986421667539,1.7467824546681316,0,66,6009,-0.5174387873464268,8
0,0,1,1,0.06632741908223598,1,0,0,2,2,2,0,0,0,1,1,3,-0.13167057293208934,-0.10486225475503493,0,48,4522,-0.4624612506375237,4
1,0,0,0,-0.13727439951791576,1,0,1,0,0,2,2,2,2,0,1,1,1.1312951471941644,0.23266473713064376,0,42,4580,-0.2840362016387779,6
1,1,1,0,0.3106496014024181,1,0,1,2,2,2,2,2,0,1,1,1,1.109691786192005,0.8104820056394647,0,53,4332,-0.38716046813661253,7
1,0,1,0,0.14776814652229667,0,1,0,2,0,2,0,0,0,1,0,3,-0.9775252460166459,-0.42432280612346823,0,60,3314,-0.5520913732121442,3
0,0,1,0,0.5549717837226001,1,2,1,0,2,0,2,2,2,1,1,2,1.2758714862086173,1.021301263299188,0,32,3517,-0.41000222313853696,7
0,0,0,0,1.0436161483629645,1,2,1,2,2,2,0,2,2,1,1,2,1.4287568102239003,1.788121294142268,0,57,5121,-0.4522422403264789,8
1,0,0,0,0.26992923768238775,1,2,1,0,2,0,0,0,0,1,0,1,0.5529897911363537,0.4120717709850471,0,22,4104,-0.42831043419054826,4
0,0,1,1,0.7992939660427822,1,2,1,0,2,2,0,2,0,1,1,1,1.0282637331838649,1.1896125467504481,0,31,4415,-0.4546053730384818,6
1,1,1,0,1.5322605130033284,1,2,1,0,2,2,0,2,2,1,1,2,1.330710787214099,2.218804059293303,0,57,5291,-0.49239613051160425,7
1,1,1,0,1.3286586944031769,1,0,1,0,0,0,0,0,0,1,1,0,0.20567421810163386,1.003896597159864,0,30,4871,-0.5383792526671307,2
1,0,0,0,-1.2774445836787656,1,0,0,0,0,0,0,0,0,0,1,3,-0.6584602219847502,-0.9859486615191536,0,75,3256,1.9152381592066856,1
0,0,1,0,1.5322605130033284,1,2,1,0,0,2,0,2,2,1,1,2,1.0930738161903437,2.074779895511747,0,35,4252,-0.5039423754075485,6
0,1,1,1,-0.13727439951791576,0,1,0,0,2,2,0,0,0,0,1,3,-0.9675544640156493,-0.553501164693662,0,46,4107,-0.5253850171525342,3
0,0,0,0,1.4100994218432374,1,2,0,2,0,2,2,2,2,2,1,3,0.6809481601491449,1.5152275998335476,0,61,6322,-0.5178930984929506,7
0,0,0,0,-1.2774445836787656,1,0,2,1,1,1,1,1,1,0,1,3,-1.504314895069307,-0.997176766797881,0,23,5279,0.4562530392957364,8
0,0,1,1,-0.0965540357978854,1,2,2,1,1,1,1,1,1,2,1,3,-1.3181936310507012,-0.6574438603191322,0,35,5851,-0.5687998182575168,9
0,0,1,0,0.6364125111626608,1,0,1,0,0,2,2,2,2,0,1,1,1.1728400721983174,1.126898394869461,0,34,3468,-0.42752656824263896,6
0,0,1,1,0.9214550572028734,1,0,0,2,2,0,0,0,0,0,0,2,-0.3011738669490337,0.3759168308046258,0,61,4149,-0.5475926024280053,3
1,0,0,0,0.18848851024232702,1,2,1,2,0,0,0,2,0,0,1,2,0.8770402061687477,0.4806757148295318,0,37,3194,-0.3866122140330272,5
0,0,1,0,-0.055833672077855064,1,0,1,0,2,0,0,0,2,0,1,0,0.6344178441444933,0.17400946810090592,0,56,4283,-0.3612014182378664,4
1,0,0,0,-1.1552834925186746,1,0,0,0,0,0,0,0,0,0,1,2,-0.626886078981594,-0.9176535457176986,0,39,3200,0.39089967832526556,1
1,0,1,1,1.6137012404433893,1,2,2,1,1,1,1,1,1,2,1,1,-1.3181936310507012,-0.2157094630568149,0,52,4185,-0.6222109191367025,9
1,0,1,1,-1.2774445836787656,1,0,2,1,1,1,1,1,1,0,0,3,-1.4976677070686424,-0.9970885302141583,0,43,2004,0.46771854122038037,8
0,1,0,0,-0.7073594915983407,1,0,1,0,0,0,0,2,2,0,1,2,0.8886727851699104,-0.3879913927756013,0,41,4173,-0.005950007041474902,4
1,0,1,1,-0.9924020376385531,1,0,0,2,0,0,0,0,0,0,1,1,-0.44741200296365274,-0.8241889444093122,0,66,2545,-0.008099788652345733,2
0,0,0,0,0.10704778280226633,1,0,2,1,1,1,1,1,1,1,0,3,-1.451137391063991,-0.6788632910178443,0,79,5707,-0.5944328176320569,8
0,1,0,0,0.9621754209229036,1,2,1,0,2,2,0,2,2,0,0,2,1.329048990213933,1.5713240079353241,0,35,5128,-0.45092965684714864,7
1,1,1,1,1.3286586944031769,1,2,1,2,2,0,0,0,0,0,1,2,0.6975661301508063,1.5038671396792358,0,21,4978,-0.5126687331997473,5
0,0,1,1,-1.2367242199587352,1,0,2,1,1,1,1,1,1,1,0,3,-1.477726143066649,-0.9917060986070668,0,58,2843,0.11419889854385702,8
1,1,1,0,1.3286586944031769,1,2,1,2,0,0,0,2,2,1,1,2,1.1961052302006432,1.9389617340164114,0,66,4368,-0.48661077428010174,6
0,0,0,0,-0.5851984004382496,1,2,1,0,0,0,0,0,0,0,1,2,0.31202922611226586,-0.4120579209859977,0,73,5033,-0.21417709956107858,3
0,0,0,0,-0.38159658183809786,1,2,0,2,0,2,0,2,2,1,1,2,0.4582673621268844,-0.1926576555592308,0,47,3127,-0.28637707494839276,6
1,0,1,0,1.5322605130033284,1,0,2,1,1,1,1,1,1,2,0,1,-1.4926823160681442,-0.3732117650020306,0,39,4442,-0.6295784387508306,8
0,0,0,0,-1.1552834925186746,1,2,0,0,0,0,0,0,0,0,0,2,-0.467353566965646,-0.9111240385222106,0,60,4288,0.5009684968018481,2
1,0,0,0,-0.5444780367182193,1,0,0,0,0,0,0,0,0,0,1,0,-0.6567984249845842,-0.6237816036288801,0,62,4519,-0.4036596050525637,1
0,0,0,0,-0.5851984004382496,1,0,1,0,2,2,0,0,0,0,0,2,0.43334040712439253,-0.4063887204818072,0,42,4228,-0.1921512669163678,4
0,1,1,0,0.22920887396235737,1,0,1,2,0,0,0,0,2,0,1,2,0.6211234681431647,0.38268898860535144,0,49,2768,-0.4163010558925558,4
1,0,0,0,0.5956921474426305,1,2,1,2,2,0,0,2,0,1,0,0,0.9983513871808745,0.9953597076846823,0,66,5022,-0.4351897353453347,6
0,0,1,1,0.7992939660427822,1,0,2,1,1,1,1,1,1,2,0,0,-1.4843733310673135,-0.529853760255949,0,71,4529,-0.6181510231334039,8
1,0,0,0,-0.9516816739185228,1,2,0,0,0,0,0,0,2,0,0,3,-0.1615829189350795,-0.7664822186545944,0,66,5414,0.025150166929121975,3
0,0,1,0,-0.2594354906780068,1,2,0,2,2,2,2,2,2,1,1,1,0.8421424691652587,0.014477724730065616,0,39,2068,-0.2790253526494891,8
1,0,1,0,0.47353105628253944,1,0,0,0,2,2,2,2,0,1,1,2,0.20567421810163386,0.42826318409818265,0,66,3678,-0.4808606513451667,5
0,0,0,0,-1.1960038562387048,0,1,0,0,2,0,0,0,0,0,0,3,-1.181926277037079,-0.9623233162273711,0,48,4699,0.17534824214195835,2
1,0,0,0,-1.2367242199587352,1,0,0,0,0,0,0,0,0,0,1,0,-0.6036209209792681,-0.96699985516468,0,54,5096,1.1193412339376478,1
1,0,0,0,-0.30015585439803716,1,0,1,2,0,0,0,0,0,0,0,0,0.3170146171127639,-0.14448048084657655,0,64,4815,-0.3339846318181886,3
0,1,1,0,-1.2367242199587352,1,0,1,0,0,0,0,0,0,0,1,2,0.1508349170961516,-0.9379259008280141,0,58,2901,1.9868975462357104,2
0,0,1,0,1.0436161483629645,1,2,1,0,2,2,0,0,2,1,1,2,0.9817334171792131,1.4693225171517557,0,77,6166,-0.4783796981038454,6
0,0,1,1,1.0843365120829946,1,2,0,2,0,2,2,2,0,2,1,3,0.3884718881199074,0.9881463669653424,0,27,5978,-0.5155437946672147,6
1,0,0,0,0.47353105628253944,0,1,0,2,0,2,0,2,2,1,1,2,-0.357674964954682,0.07081678343707967,0,36,4256,-0.5240473752613257,5
1,0,0,0,1.369379058123207,1,2,1,0,2,0,2,2,2,1,1,2,1.3124310202122718,2.0209996977326945,0,42,4915,-0.483233610947481,7
1,0,1,1,1.4508197855632678,1,0,2,1,1,1,1,1,1,2,0,0,-1.4893587220678117,-0.3979621267362788,0,53,4165,-0.6284831427923222,8
1,0,0,0,-0.9516816739185228,0,1,0,0,0,0,0,0,0,0,1,2,-1.3231790220511994,-0.921844783444532,0,24,5473,-0.3755691253371859,1
1,0,0,0,-0.5444780367182193,1,2,1,2,0,2,0,0,0,0,1,2,0.6643301901474837,-0.27696771130637565,0,24,5157,-0.1757827543002642,5
1,0,0,0,-1.1552834925186746,1,0,2,1,1,1,1,1,1,0,0,3,-1.4960059100684764,-0.9712352111833749,0,25,4987,-0.20874607233361564,8
0,0,0,0,1.5322605130033284,1,2,1,2,2,2,2,2,2,2,1,0,1.624848856243503,2.496881652895739,0,75,6424,-0.4781046245914494,9
1,0,0,0,-1.2774445836787656,1,0,0,0,0,0,0,0,0,0,1,3,-0.6601220189849164,-0.9859707206650842,0,21,2451,1.9123717837255245,1
0,0,0,0,-0.9924020376385531,1,2,1,0,0,0,0,0,0,0,1,2,0.3485887601159204,-0.7513496445461325,0,74,2332,0.2970099570090141,3
1,0,0,0,0.8400143297628127,1,2,2,1,1,1,1,1,1,2,0,3,-1.3348116010523623,-0.4415068808034855,0,44,4610,-0.6094016673670088,9
1,1,0,0,0.758573602322752,1,2,2,1,1,1,1,1,1,1,0,0,-1.3215172250510334,-0.4495805282141226,0,49,5896,-0.6065107929501113,9
1,0,1,1,-0.8702409464784621,1,0,2,1,1,1,1,1,1,0,0,0,-1.4561227820644893,-0.8878295804193889,0,31,4075,-0.4614648439226438,8
1,0,1,1,1.125056875803025,1,2,1,2,0,2,2,2,2,2,1,2,1.5234792392333694,1.9002258737620983,0,22,5756,-0.45375069132990187,8
1,0,0,0,-0.62591876415828,1,0,0,2,2,0,0,0,0,0,1,1,-0.3078210549496983,-0.5936488102875405,0,38,3190,-0.30811375568053034,3
1,0,0,0,-1.2774445836787656,1,0,2,1,1,1,1,1,1,0,0,3,-1.505976692069473,-0.9971988259438118,0,48,2133,0.4533866638145754,8
1,1,0,0,0.43281069256250915,1,2,1,0,0,0,0,2,0,0,1,2,0.6676537841478158,0.6025966143885244,0,56,4556,-0.440531616923862,4
0,0,1,0,-0.6666391278783103,1,0,2,1,1,1,1,1,1,0,0,3,-1.5009913010689746,-0.8670498649526671,0,79,4298,-0.5294429055788051,8
0,0,1,1,1.002895784642934,1,0,0,2,2,0,0,0,0,1,0,2,-0.37595473195650925,0.3411516168178386,0,21,5660,-0.5559728676894292,3
1,0,1,1,0.18848851024232702,1,0,2,1,1,1,1,1,1,1,0,1,-1.4943441130683104,-0.7070769386632128,0,24,5137,-0.6018920988549613,8
0,0,1,0,1.6137012404433893,1,2,1,2,2,2,2,2,2,2,0,1,1.5733331492383529,2.508661236822734,0,62,4272,-0.485567266062178,9
1,1,1,0,-1.2367242199587352,1,0,1,0,0,2,0,0,0,0,1,2,0.31369102311243185,-0.9439701068130267,0,32,3170,2.174167411004896,3
0,0,0,0,-0.62591876415828,1,2,0,0,0,2,2,2,0,0,1,3,0.14086413509515497,-0.516949159886488,0,22,4439,-0.22212249124570033,5
0,0,0,0,-0.6666391278783103,1,0,2,1,1,1,1,1,1,1,0,1,-1.5093002860698053,-0.8753882221144726,0,22,2017,-0.5311290088030175,8
0,0,0,0,-0.9109613101984924,1,0,2,1,1,1,1,1,1,1,1,3,-1.4943441130683104,-0.9183153200956197,0,34,5270,-0.45525436371346173,8
1,0,1,1,1.2879383306831464,1,2,1,0,2,2,2,2,2,2,1,1,1.476948923228718,1.9683003981042457,0,34,5543,-0.46901296602303455,8
0,0,0,0,-1.2774445836787656,1,2,1,0,2,0,0,0,0,0,1,3,0.47820892612887816,-0.9708602057025529,0,57,2742,3.87583898832081,4
1,0,1,1,-0.30015585439803716,1,0,0,0,2,2,0,0,0,1,0,3,-0.3693075439558449,-0.4077784466754414,0,25,5854,-0.4250471759504573,3
1,0,1,1,1.5729808767233588,1,0,1,2,2,2,2,2,0,2,0,1,1.1778254631988159,2.174707826577829,0,55,5502,-0.502071829905758,7
0,0,1,1,1.6137012404433893,1,0,1,2,2,2,2,2,2,2,1,0,1.4586691562268908,2.4029538095228076,0,48,5730,-0.49098589368409884,8
0,0,1,0,0.6771328748826912,0,1,0,2,0,0,0,2,0,0,0,0,-0.801374763999037,-0.09220030499081168,0,29,5565,-0.568418867709698,3
1,0,1,1,-0.13727439951791576,0,1,0,2,2,2,2,0,2,1,1,1,-0.31280644595019663,-0.2835854550855864,0,70,5138,-0.4500948878473719,6
1,0,1,0,1.6137012404433893,1,2,1,2,2,2,2,0,2,2,0,0,1.3572995392167568,2.3390484637615625,0,48,5981,-0.4957762746252173,8
0,0,0,0,0.7178532386027215,1,2,1,0,0,0,0,2,2,0,1,2,1.0282637331838649,1.0809050756039464,0,44,4164,-0.4464866269475575,5
1,0,1,0,1.5729808767233588,1,2,0,2,0,2,2,2,2,2,0,2,0.612814483142334,1.6969508440106749,0,73,5350,-0.5291431538945007,7
1,1,1,0,1.5322605130033284,1,2,0,2,2,2,2,2,2,2,0,1,0.8404806721650927,1.788408063039367,0,47,4666,-0.5162153070451956,8
1,0,0,0,1.5729808767233588,1,2,1,2,0,0,2,0,2,1,0,1,1.0930738161903437,1.9447853485421172,0,37,5319,-0.5061325285040694,6
1,0,1,1,1.1657772395230555,1,0,0,2,2,2,2,0,0,2,1,0,0.10928999209199854,0.8287690376160171,0,78,4436,-0.535790268361566,5
1,0,0,0,1.4508197855632678,1,2,1,2,2,2,0,0,2,2,1,0,1.2409737492051283,2.148391265482501,0,62,5228,-0.49197720321123456,7
1,0,0,0,1.2064976032430856,1,2,2,1,1,1,1,1,1,2,0,0,-1.3746947290563494,-0.3750426741142789,0,67,5822,-0.6190472483512331,9
0,0,0,1,-1.0331224013585834,1,0,1,0,0,0,0,0,0,0,1,2,0.2089978121019659,-0.7972547272279245,0,49,4668,0.3566464913253916,2
1,0,1,1,-1.0738427650786138,1,0,2,1,1,1,1,1,1,1,0,3,-1.505976692069473,-0.9557055724481603,0,43,3461,-0.3430562377365883,8
0,1,0,0,0.025607055362205634,0,1,0,2,2,2,0,2,2,0,1,0,-0.17653909193657447,-0.17430444614488627,0,30,3116,-0.46115572499820495,6
1,0,1,1,-0.1779947632379461,1,2,1,0,0,0,0,2,2,1,0,0,0.9119379431722362,0.12724407872781668,0,26,5116,-0.297109509580441,5
1,0,0,0,-0.21871512695797646,1,0,2,1,1,1,1,1,1,2,0,1,-1.4926823160681442,-0.7984238619622517,0,58,2176,-0.5803511793555597,8
1,0,0,0,-1.0331224013585834,1,0,0,0,0,0,0,0,0,0,0,3,-0.6933579589882389,-0.8829545091687035,0,75,3565,-0.032463980242214176,1
1,1,0,0,-0.0965540357978854,1,2,1,2,0,0,0,0,2,0,1,1,0.8554368451665879,0.13946484557342576,0,53,5983,-0.3269147131376079,5
1,0,0,0,1.247217966963116,1,2,1,0,2,0,0,0,2,1,0,1,0.8537750481664219,1.5643312586752913,0,23,4616,-0.49959360943767095,5
0,0,0,1,0.8400143297628127,1,2,0,0,2,2,2,2,2,1,1,2,0.6593447991469852,0.9573738583920125,0,60,4733,-0.48200720153763105,7
0,0,0,0,-0.46303730927815856,1,0,1,0,2,0,2,2,2,0,1,0,1.1429277261953275,-0.1426495717343282,0,36,5324,-0.1449040729804843,6
1,0,0,0,-0.62591876415828,1,0,2,1,1,1,1,1,1,1,0,3,-1.4893587220678117,-0.8687484191893312,0,76,2221,-0.5345574186922494,8
1,0,1,1,-0.6666391278783103,1,0,2,1,1,1,1,1,1,2,0,3,-1.4710789550659844,-0.8775941367075429,0,52,2856,-0.5233729339716408,8
0,0,0,0,0.10704778280226633,1,0,0,0,0,2,0,0,2,0,1,2,-0.08846385092776998,-0.08101631800394556,0,65,5315,-0.4638534901569447,3
0,1,0,0,-0.015113308357824713,1,0,1,0,0,0,0,0,2,0,1,2,0.4898415051300408,0.16997264439558735,0,24,3041,-0.3854190338088119,3
0,0,1,1,-0.1779947632379461,1,0,2,1,1,1,1,1,1,0,1,0,-1.502653098069141,-0.7658645625685349,0,41,3948,-0.5843401008995398,8
0,0,0,0,-1.2774445836787656,1,0,2,1,1,1,1,1,1,0,1,3,-1.4760643460664828,-0.9968017613170591,0,40,2183,0.5049814224754735,8
1,0,0,0,1.0843365120829946,0,1,0,0,0,0,2,2,2,0,1,2,-0.43411762696232353,0.3203277830592555,0,30,6107,-0.5628389901063713,4
0,0,1,1,1.6137012404433893,1,2,2,1,1,1,1,1,1,1,1,0,-1.3780183230566818,-0.28967377936246025,0,30,4152,-0.6250380292003133,9
0,0,0,0,0.3106496014024181,1,0,0,2,2,0,0,2,0,0,0,3,0.011243969082197169,0.13511919382507742,0,54,3885,-0.47958359950477947,4
1,0,1,1,0.3106496014024181,1,2,1,0,0,2,0,0,0,0,1,2,0.5463426031356892,0.4467266892421808,0,61,5370,-0.4345605309714213,4
1,0,1,1,1.247217966963116,1,0,0,2,2,2,2,2,0,2,0,1,0.3236618051134285,1.0565517784964509,0,52,6382,-0.5281677900154946,6
0,0,0,0,-1.1960038562387048,1,0,1,0,0,0,0,2,0,0,1,2,0.5230774451333633,-0.9032709825708807,0,53,2032,1.6457988639775516,3
1,0,1,1,0.3106496014024181,0,1,0,0,2,2,2,2,2,1,0,3,-0.14828854293375057,0.07445654251564558,0,28,3724,-0.4930066261482651,6
1,0,1,0,-0.9924020376385531,1,0,1,2,0,0,0,0,0,0,1,3,0.3402797751150897,-0.715437354970949,0,80,5413,0.2938250953632798,3
1,1,1,0,0.06632741908223598,1,0,1,2,0,0,2,2,0,1,0,3,0.8438042661654253,0.37459328204878367,0,38,3202,-0.36631482735515175,5
1,0,1,0,-0.9516816739185228,1,2,0,0,2,2,0,0,2,0,1,1,0.142525932095321,-0.7172682640831972,0,60,2907,0.13005950953961448,5
1,0,1,1,-0.055833672077855064,1,2,0,0,0,0,0,0,2,0,0,0,-0.16823010693574386,-0.20040041578090736,0,20,2425,-0.44773012807541407,3
0,0,1,0,0.7178532386027215,1,0,2,1,1,1,1,1,1,1,1,0,-1.4926823160681442,-0.5897002231659448,0,39,4358,-0.6170078663562334,8
0,0,0,0,-0.9516816739185228,0,1,0,0,2,0,0,0,2,0,0,2,-0.7980511699987046,-0.8472186927609655,0,24,2973,-0.19441419492781065,3
1,0,1,0,-0.30015585439803716,1,0,1,0,0,0,2,2,2,0,1,1,1.0282637331838649,0.025860244030307976,0,34,4535,-0.23961473136150332,5
1,1,0,0,-1.2774445836787656,1,0,0,0,0,0,0,0,0,0,0,2,-0.613591702980265,-0.9853530645790245,0,65,2546,1.9926302971980323,1
0,0,1,1,0.5142514200025698,1,2,0,2,2,2,2,2,0,0,0,3,0.5496661971360212,0.5564929993933562,0,77,3111,-0.458993114341063,7
0,0,1,1,0.9214550572028734,1,0,2,1,1,1,1,1,1,0,0,1,-1.4876969250676457,-0.5261037054477296,0,53,4277,-0.6206851771976108,8
0,0,0,0,0.22920887396235737,1,2,0,2,2,2,0,0,0,0,1,0,0.046141706085686136,0.1070599602012239,0,78,4933,-0.4671608464813612,5
1,0,1,1,0.22920887396235737,1,0,2,1,1,1,1,1,1,0,0,2,-1.5009913010689746,-0.6893193261889972,0,34,3854,-0.6040119015049967,8
1,0,0,0,0.06632741908223598,1,0,0,0,2,0,0,0,0,0,1,2,-0.4972659129686364,-0.24068041625037007,0,47,2711,-0.4984956852578334,2
0,0,1,0,1.5322605130033284,1,2,1,0,0,2,0,2,2,1,1,2,1.2293411702039656,2.1130745728474465,0,47,5596,-0.49732145176092313,6
0,0,0,0,-0.7888002190384014,1,0,0,2,0,0,2,0,0,1,0,3,-0.3194536339508612,-0.6780250434724775,0,59,3161,-0.20997451896839897,3
0,0,0,0,1.1657772395230555,1,2,1,0,2,2,0,2,2,1,1,2,1.302460238211275,1.827938052547186,0,59,4148,-0.46940131366886917,7
1,0,0,0,0.35136996512244845,1,0,1,0,2,0,2,2,2,2,1,1,1.1595456961969886,0.8561664968619497,0,66,2640,-0.3896007157878216,6
1,0,0,0,-0.46303730927815856,1,2,1,0,0,0,0,0,0,0,1,2,0.29707305311077065,-0.31810801846713577,0,39,2071,-0.2775390838814797,3
1,1,0,0,0.9214550572028734,0,1,0,0,0,2,0,2,2,1,1,0,-0.4889569279678058,0.20458344436085946,0,70,4932,-0.559160474905548,4
1,0,1,0,1.4915401492832983,0,1,0,2,0,2,2,2,2,2,0,0,-0.1499503399339166,0.7834374927284234,0,44,5717,-0.5629481853627964,6
0,1,1,0,1.4915401492832983,1,0,1,2,2,0,0,0,2,1,0,1,0.749081837155956,1.6658253891024535,0,69,4148,-0.5186422100682793,5
1,0,1,1,0.5956921474426305,1,2,0,0,2,0,0,0,0,0,0,2,-0.3493659799538514,0.11403065031532576,0,71,2320,-0.5320493401462335,3
0,0,1,1,1.6137012404433893,1,0,0,2,2,2,2,2,2,2,0,0,0.682609957149311,1.698318511058378,0,28,4456,-0.5276597936759396,7
1,1,1,0,0.025607055362205634,0,1,0,0,2,2,2,2,0,0,1,2,-0.4906187249679718,-0.2333347206554462,0,65,5600,-0.4930230759358184,5
0,0,1,1,1.6137012404433893,1,2,0,2,2,2,2,2,2,2,0,1,0.8703930181680831,1.9291674732231796,0,66,5096,-0.5187858093096055,8
1,1,1,0,0.18848851024232702,1,0,1,0,0,0,0,0,0,0,1,0,0.24888094010595296,0.1304647140336991,0,20,4121,-0.4436379999213882,2
0,1,1,1,1.2064976032430856,1,2,1,0,2,2,0,0,2,0,1,1,1.0415581091851935,1.649854567448625,0,37,5868,-0.4867389959827222,6
0,0,1,0,1.5729808767233588,1,0,2,1,1,1,1,1,1,2,0,1,-1.4926823160681442,-0.39712387919091213,0,56,4121,-0.6300236465231394,8
1,0,0,1,-0.38159658183809786,1,0,0,0,2,0,2,0,0,0,1,0,-0.31446824295036285,-0.43921272962669244,0,65,4028,-0.3974491248433815,3
0,0,0,0,-0.6666391278783103,1,0,2,1,1,1,1,1,1,1,0,3,-1.4843733310673135,-0.8751235123633042,0,72,5052,-0.5260706991303805,8
1,0,0,0,-0.9516816739185228,1,0,0,2,0,2,2,2,0,0,1,3,0.1574821050968162,-0.7175770921262271,0,72,3628,0.13521898540570437,5
1,0,1,1,-0.62591876415828,1,2,2,1,1,1,1,1,1,2,1,3,-1.3165318340505352,-0.8237477614906982,0,33,3931,-0.5014348575766111,9
0,0,1,0,-0.3408762181180675,1,2,1,0,0,2,0,0,0,0,1,3,0.4948268961305394,-0.1548703385799374,0,72,3816,-0.2963425070378958,4
0,1,0,0,-1.2774445836787656,1,0,1,0,0,0,0,0,0,0,1,2,0.21564500010263052,-0.9743455507596039,0,49,5033,3.4229516622973715,2
1,1,0,0,1.6137012404433893,1,2,1,2,2,2,2,2,2,2,0,0,1.6298342472440013,2.455653109151256,0,56,4598,-0.4828972176687678,9
0,0,1,0,1.6137012404433893,1,2,2,1,1,1,1,1,1,2,0,2,-1.3364733980525287,-0.23340089809323825,0,52,4169,-0.6230747583228057,9
0,0,0,1,-0.8702409464784621,1,0,2,1,1,1,1,1,1,0,0,1,-1.4976677070686424,-0.9103960867064975,0,67,3838,-0.473408075094148,8
0,1,1,0,1.125056875803025,1,2,1,0,0,2,0,2,2,1,1,1,1.1877962451998125,1.6541119826132504,0,34,6442,-0.4727345551723452,6
0,0,0,0,0.6771328748826912,1,0,0,0,0,2,2,2,2,2,1,0,0.32200000811326246,0.6362588710787764,0,60,4517,-0.49091207469910453,5
0,1,0,0,-0.0965540357978854,1,2,1,0,2,2,0,2,2,0,1,2,1.3074456292117733,0.37119617357545537,0,59,5655,-0.27661444662949225,7
0,0,1,0,0.8400143297628127,1,0,2,1,1,1,1,1,1,1,0,1,-1.5192710680708021,-0.5688102119695695,0,74,6160,-0.6211856554562263,8
1,0,0,1,0.26992923768238775,1,2,2,1,1,1,1,1,1,2,0,3,-1.3215172250510334,-0.5626777694008342,0,55,4295,-0.5899740113280287,9
0,0,0,0,-0.9516816739185228,1,0,2,1,1,1,1,1,1,0,0,3,-1.5192710680708021,-0.9362273465913501,0,61,3248,-0.4432155866925855,8
1,0,0,0,0.26992923768238775,1,0,1,0,0,2,2,0,0,1,0,2,0.5696077611380149,0.4147188684967314,0,46,3446,-0.4268772464499678,4
1,1,0,0,-0.9924020376385531,1,0,1,0,0,0,0,0,0,0,1,2,0.16412929309748078,-0.7530481987827967,0,20,5242,0.22630602847370948,2
0,0,1,1,0.758573602322752,1,2,1,0,0,2,0,0,2,1,1,2,0.8438042661654253,1.0037421831383493,0,22,5692,-0.4628612832596197,5
1,0,1,1,1.5729808767233588,1,2,2,1,1,1,1,1,1,2,0,1,-1.3098846460498705,-0.19067233242546758,0,68,5747,-0.6212652769973696,9
1,1,0,0,1.5729808767233588,1,2,2,1,1,1,1,1,1,2,1,3,-1.3331498040521963,-0.22631991224948278,0,73,4788,-0.6223799785733767,9
0,1,1,0,1.5322605130033284,1,0,2,1,1,1,1,1,1,2,1,1,-1.502653098069141,-0.36074834755118373,0,22,5209,-0.6300628965786325,8
1,0,1,0,0.22920887396235737,0,1,0,2,2,0,2,2,2,2,1,0,-0.1582593249347472,-0.03817745660652137,0,42,2187,-0.48524106105483833,6
0,0,1,0,-0.1779947632379461,1,0,1,0,2,2,0,0,2,0,0,1,0.8354952811645946,0.06783879873643485,0,55,3676,-0.3062028386930897,5
0,0,1,0,-0.015113308357824713,1,0,2,1,1,1,1,1,1,0,0,0,-1.5076384890696393,-0.722915405441457,0,31,3846,-0.5942301446182374,8
1,1,1,0,0.6771328748826912,1,0,0,0,2,0,0,0,0,2,0,3,-0.4972659129686364,0.05235327829308174,0,37,4306,-0.5474369991875994,2
0,0,1,1,0.18848851024232702,1,2,2,1,1,1,1,1,1,2,1,0,-1.3514295710540236,-0.6255463353033364,0,36,3753,-0.588917978256022,9
0,0,0,0,-0.9109613101984924,1,0,0,0,0,2,2,0,0,0,0,2,-0.3493659799538514,-0.7485701921588641,0,43,2253,-0.09617568980074731,3
1,0,1,0,1.4100994218432374,1,2,1,2,2,2,0,2,2,1,0,1,1.5002140812310438,2.229149798734803,0,26,5416,-0.47633065401611613,8
1,0,0,0,-1.0331224013585834,0,1,0,0,0,2,2,0,0,1,1,1,-0.9725398550161476,-0.895682636370719,0,48,5124,-0.15285175045097615,3
0,0,0,0,0.758573602322752,1,0,1,0,0,0,0,2,2,1,0,1,0.7573908221567865,0.9689107917137697,0,57,6021,-0.46859403422194174,4
0,0,0,0,-0.9516816739185228,1,0,1,0,0,0,0,2,2,0,1,3,0.785641371159611,-0.6578629840918155,0,32,2952,0.35191697178147596,4
1,0,0,0,-1.1552834925186746,1,0,0,0,0,0,2,0,0,0,1,3,-0.46402997296531395,-0.9165285292752327,0,47,4521,0.5032615971867768,2
1,0,1,0,1.5729808767233588,1,2,1,2,2,2,0,2,0,2,1,2,1.1379423351948288,2.0801182088269767,0,31,5295,-0.5039827468931987,7
0,1,1,1,-0.3408762181180675,1,0,1,0,0,2,0,2,2,2,1,2,1.0565142821866886,-0.007184356573884383,0,73,4309,-0.21883571402730237,5
1,0,1,0,-0.4223169455581282,1,0,0,2,0,0,0,2,0,1,1,0,-0.16656830993557784,-0.3994400895136359,0,31,3947,-0.36377959835814977,3
1,0,0,0,0.47353105628253944,1,2,1,2,2,2,0,2,2,0,1,2,1.5533915852363596,1.162700388714991,0,26,2827,-0.3775437395575412,8
0,0,1,1,0.025607055362205634,1,2,2,1,1,1,1,1,1,0,0,0,-1.3464441800535252,-0.6358479564529744,0,73,5531,-0.5798573919827547,9
0,0,0,0,-1.2774445836787656,1,0,2,1,1,1,1,1,1,0,0,3,-1.4710789550659844,-0.996735583879267,0,54,4454,0.5135805489189564,8
1,0,0,0,-0.0965540357978854,1,0,0,2,2,0,2,2,0,1,0,2,0.1873944510998066,-0.10367106087477697,0,68,3380,-0.4012555481973964,5
0,0,0,0,-1.2774445836787656,0,1,0,0,0,0,2,0,0,0,0,3,-1.1370577580325938,-0.9923016955471957,0,57,5565,1.0897220206323175,2
1,0,1,1,-0.6666391278783103,1,2,0,2,2,0,2,2,2,0,0,2,0.6693155811479823,-0.3888958177587601,0,43,2269,-0.0890327434145386,7
1,0,1,0,1.5729808767233588,1,0,0,2,0,0,2,0,0,2,0,0,-0.3410569949530208,0.6610974693967474,0,57,4957,-0.57484591851079,3
1,0,0,0,0.43281069256250915,1,2,1,0,0,0,0,0,0,0,1,1,0.35191235411625243,0.38897584519560163,0,33,4898,-0.46528667789752515,3
1,0,1,0,0.7178532386027215,0,1,0,2,0,0,2,2,0,1,1,0,-0.6750781919864114,-0.04027307546993811,0,54,5363,-0.5617036806020683,4
0,0,0,0,0.35136996512244845,1,2,1,0,0,2,0,2,2,0,0,0,1.1063681921916724,0.7548047213103716,0,58,5614,-0.39396852604482885,6
0,0,1,0,0.3106496014024181,1,2,0,0,2,0,0,2,0,1,0,0,-0.028639158921789646,0.15673715683716585,0,41,2654,-0.48293935616565087,4
0,0,1,1,-1.1960038562387048,1,2,0,0,2,2,0,2,0,0,1,0,0.14584952609565352,-0.9021018478365533,0,22,2301,1.320465246865778,5
0,0,0,0,0.18848851024232702,1,2,0,2,0,0,0,2,0,1,0,0,-0.003712203919297562,0.030051481757141448,0,45,5255,-0.4665690037706762,4
0,0,1,1,-0.015113308357824713,1,2,1,0,2,0,0,2,2,0,1,2,1.1329569441943304,0.3572989116391128,0,25,3149,-0.31818949979612665,6
0,0,1,1,-0.015113308357824713,1,2,1,2,0,0,0,2,0,0,0,2,0.8255244991635975,0.27444475952339437,0,54,4444,-0.350327649130356,5
0,0,0,0,1.0843365120829946,1,2,1,0,2,2,0,0,0,0,1,2,0.6144762801425001,1.1776785488019383,0,32,4094,-0.5025495591526182,5
0,0,1,0,-0.0965540357978854,1,0,0,0,2,2,2,0,2,1,0,0,0.18240906009930805,-0.035662713970421166,0,66,5417,-0.40181033054858883,5
0,0,1,1,-0.21871512695797646,1,2,2,1,1,1,1,1,1,2,0,2,-1.3381351950526947,-0.6696205088728798,0,67,2645,-0.5613102565164187,9
1,0,0,1,-0.9516816739185228,1,0,2,1,1,1,1,1,1,1,0,3,-1.4843733310673135,-0.921844783444532,0,20,3444,-0.43117680967170924,8
0,0,1,1,1.4508197855632678,1,2,0,2,2,2,0,2,0,1,1,1,0.27380789510844483,1.2720475750934834,0,67,4156,-0.5403317113282113,6
0,0,1,1,1.4915401492832983,1,2,0,2,0,0,2,0,0,2,0,1,-0.11172900893009581,0.7853566384243945,0,80,5266,-0.5610645671894621,4
1,0,0,0,-0.2594354906780068,1,2,1,0,0,2,2,0,0,0,1,3,0.6493740171459885,0.0008231133989606586,0,66,5471,-0.3036549493765021,5
1,0,1,1,1.4915401492832983,1,0,2,1,1,1,1,1,1,2,0,0,-1.491020519067978,-0.40722696802717384,0,54,6058,-0.6290386143141372,8
1,0,0,0,-0.8702409464784621,1,0,2,1,1,1,1,1,1,2,0,3,-1.4744025490663168,-0.9036680471976333,0,51,5397,-0.4667198656381057,8
1,0,0,0,-1.2774445836787656,1,2,0,0,0,0,0,0,0,0,0,3,-0.46569176996548,-0.983389800591192,0,69,3631,2.2477377150213615,2
1,0,1,1,-0.9109613101984924,1,0,2,1,1,1,1,1,1,1,0,3,-1.4727407520661506,-0.8988370942388093,0,54,4613,-0.44847929439435386,8
0,0,1,1,0.9214550572028734,1,2,0,2,2,0,2,0,2,1,1,0,0.3652067301175816,0.8755344269891062,0,51,4489,-0.506542010715664,6
1,0,0,0,0.47353105628253944,1,0,0,2,0,0,2,2,0,1,0,2,0.021214751083194285,0.21830423312975655,0,76,5827,-0.4950014370522276,4
1,0,1,1,1.4915401492832983,1,0,0,2,2,2,0,0,0,2,1,0,-0.16656830993557784,0.7897905267564658,0,39,4665,-0.5637671497859853,4
1,1,0,0,-0.8702409464784621,1,0,1,0,0,0,0,0,2,0,1,2,0.45660556512671835,-0.6200977262584528,0,51,4333,0.08840151921340805,3
1,0,0,0,-0.13727439951791576,1,0,0,0,0,2,0,0,0,0,0,0,-0.5255164619714603,-0.4217860043414375,0,66,4825,-0.4745546252866124,2
0,0,1,0,1.002895784642934,1,2,1,2,0,0,0,2,2,0,1,2,1.1595456961969886,1.4194247290565067,0,42,5106,-0.46464421442760984,6
1,0,0,0,-0.1779947632379461,1,0,2,1,1,1,1,1,1,1,0,1,-1.5458598200734601,-0.7698793271279226,0,67,5327,-0.589479808658863,8
0,0,0,0,0.3920903288424788,1,0,0,2,0,2,0,0,0,0,0,1,-0.3393951979528547,0.07734629063256769,0,72,5387,-0.5161815076618606,3
1,0,0,1,-0.38159658183809786,0,1,0,2,2,0,2,0,0,1,0,0,-0.801374763999037,-0.5878031366159043,0,43,5230,-0.46743645950839596,4
0,0,1,1,-0.5851984004382496,1,0,2,1,1,1,1,1,1,0,0,3,-1.4727407520661506,-0.8482775317656392,0,71,2047,-0.5382283907997012,8
1,0,1,1,1.2064976032430856,1,2,2,1,1,1,1,1,1,1,0,0,-1.328164413051698,-0.3544835501068642,0,53,5105,-0.6164993590346456,9
1,0,0,0,1.4100994218432374,1,2,0,2,2,2,2,2,2,1,1,0,0.7989357471609396,1.5985891123056721,0,68,4081,-0.5119074320469967,8
1,0,0,0,1.2064976032430856,1,0,2,1,1,1,1,1,1,2,1,1,-1.4860351280674797,-0.4756323795582822,0,74,4568,-0.6251439835016391,8
1,0,0,0,-1.2367242199587352,1,0,1,0,0,0,0,0,0,0,1,2,0.16745288709781284,-0.9410803586961046,0,26,3527,2.006006716110117,2
0,0,1,1,-0.38159658183809786,1,2,0,2,0,2,2,2,0,2,1,0,0.4117370461222332,-0.229562606701296,0,33,2572,-0.2930652844044351,6
0,0,0,1,-0.30015585439803716,0,1,0,2,0,0,2,0,0,2,0,0,-0.9874960280176428,-0.6332229180872208,0,69,2754,-0.5070696127959875,3
0,1,0,0,1.6137012404433893,1,2,1,0,2,2,2,2,2,2,1,0,1.440389389225063,2.423998234740698,0,71,4474,-0.4918497328702021,8
0,0,1,0,-1.2367242199587352,1,2,1,0,0,0,0,2,0,0,1,2,0.641065032145158,-0.9466392634706415,0,78,2115,2.550618057530707,4
0,0,0,0,-0.9924020376385531,1,0,2,1,1,1,1,1,1,1,1,0,-1.481049737066981,-0.9435951013322048,0,38,5066,-0.4042965773817106,8
1,0,0,0,0.10704778280226633,0,1,0,0,0,2,0,2,2,0,0,2,-0.5172074769706297,-0.25504092025125735,0,40,2782,-0.504938205386919,4
1,0,0,0,-0.3408762181180675,1,2,2,1,1,1,1,1,1,1,0,2,-1.3348116010523623,-0.7443127769942385,0,79,5448,-0.5488128594185567,9
0,0,1,1,-1.2367242199587352,1,0,1,0,0,0,0,0,0,0,1,2,0.22893937610395967,-0.9458892525089978,0,67,3916,2.076710644645422,2
1,0,1,1,1.6137012404433893,1,2,1,2,2,2,2,0,2,2,1,1,1.3340343812144315,2.405733261910076,0,25,6378,-0.49687570631662137,8
0,0,0,0,0.35136996512244845,1,2,1,2,2,2,2,2,0,0,1,2,1.3872118852197473,0.8835418969619511,0,75,4434,-0.3709010281250094,8
1,0,0,0,-0.2594354906780068,1,0,1,0,2,0,0,0,0,1,0,0,0.356897745116751,-0.11542858565584142,0,43,5184,-0.34102399268645295,3
0,0,1,1,-1.1552834925186746,1,2,0,0,2,0,2,0,0,0,1,3,-0.2081132349397309,-0.906579854460486,0,23,5605,0.6798303268262943,4
1,0,0,0,0.6364125111626608,1,0,0,0,2,2,2,2,2,2,0,1,0.46989994112804756,0.6581415438420333,0,47,4063,-0.4770154183867656,6
0,1,1,0,-0.8295205827584317,1,0,0,2,0,2,2,2,2,1,1,2,0.47987072312904416,-0.5893693359769843,0,42,3355,0.03688025735971934,6
1,0,1,0,1.125056875803025,1,2,1,2,0,2,2,2,2,0,1,0,1.4852579082295487,1.8940493129015015,0,77,4350,-0.4559122203812691,8
1,0,0,0,0.9214550572028734,1,0,0,2,0,2,2,0,0,2,1,2,-0.18484807693740507,0.3953509383695746,0,33,5162,-0.5404266637251028,4
1,0,0,0,-1.2774445836787656,0,1,0,0,0,0,2,0,0,0,0,3,-1.1835880740372453,-0.9929193516332554,0,40,3923,1.0094635071598093,2
1,0,0,0,-1.2774445836787656,1,0,2,1,1,1,1,1,1,0,0,3,-1.4860351280674797,-0.9969341161926433,0,49,2313,0.4877831695885074,8
0,0,0,0,0.3920903288424788,1,0,0,0,0,2,2,0,2,2,0,1,0.05777428508684881,0.2130982746901107,0,62,4668,-0.484318077894536,4
0,0,0,0,-1.2774445836787656,1,0,0,2,0,0,0,0,0,0,0,0,-0.5055748979694671,-0.9839192200935288,0,36,5277,2.1789447034734972,2
1,0,0,0,-1.1960038562387048,1,0,1,0,0,2,0,0,0,0,1,1,0.2937494591104381,-0.9032048051330884,0,53,5510,1.4480189557774423,3
0,0,1,0,1.6137012404433893,1,2,0,2,2,2,0,2,2,2,1,1,0.5945347161405068,1.60573627558722,0,42,4324,-0.5318219279362555,7
1,0,0,0,-0.7073594915983407,1,2,0,0,0,0,0,0,0,0,1,2,-0.5238546649712943,-0.6752235319392783,0,25,2597,-0.3105024019148312,2
0,0,0,0,-0.8702409464784621,1,2,2,1,1,1,1,1,1,1,0,2,-1.3148700370503688,-0.8976238412126207,0,55,4998,-0.4208578579395297,9
0,0,0,0,-1.1145631287986442,1,2,2,1,1,1,1,1,1,0,0,3,-1.3065610520495383,-0.9463304354276119,0,24,4855,-0.17530502505340403,9
1,0,1,0,1.6137012404433893,1,2,1,2,0,2,2,2,2,2,1,1,1.5334500212343665,2.629942421149736,0,67,4938,-0.4874520061045853,8
0,0,1,0,0.9214550572028734,1,2,1,0,2,0,0,0,0,0,1,1,0.43167861012422654,0.8764829702641264,0,46,4621,-0.5024471885997195,4
0,0,1,1,0.3106496014024181,1,2,2,1,1,1,1,1,1,0,1,2,-1.2816340970470463,-0.5304052389042165,0,37,2211,-0.5883660445946945,9
0,0,1,0,1.002895784642934,1,0,2,1,1,1,1,1,1,2,0,0,-1.491020519067978,-0.5135961697050212,0,48,4408,-0.6222948658914649,8
1,1,1,1,0.7992939660427822,1,2,0,0,2,2,0,2,2,1,1,2,0.534710024134526,0.7940479419210914,0,76,6090,-0.48673041144998436,6
1,0,1,0,0.43281069256250915,1,0,0,0,0,0,0,2,0,1,1,3,-0.27957050594687416,0.04915470213312988,0,70,4928,-0.5147967998448515,2
0,0,1,1,0.5956921474426305,1,0,2,1,1,1,1,1,1,2,0,0,-1.5109620830699715,-0.6129064446850437,0,43,5829,-0.6155325260350476,8
1,0,0,0,-1.1960038562387048,1,2,0,0,0,0,0,0,0,0,0,0,-0.4773243489666429,-0.9452274781310767,0,53,4639,0.7830198441480903,2
1,0,1,1,0.9214550572028734,1,0,0,0,0,2,2,0,0,2,1,1,-0.3161300399505289,0.37066675407311855,0,42,5821,-0.5485139374040927,3
1,0,0,0,-0.13727439951791576,1,0,2,1,1,1,1,1,1,1,0,3,-1.517609271070636,-0.7721734783047157,0,38,5880,-0.5886363694368202,8
0,0,0,1,-0.8295205827584317,1,2,1,0,0,0,0,2,0,0,1,2,0.641065032145158,-0.5793544837244453,0,77,4621,0.07965539915550653,4
0,0,1,0,1.369379058123207,1,2,1,0,2,2,0,2,2,0,1,2,1.3440051632154282,2.0546398952770155,0,20,4016,-0.48160790545070314,7
1,0,1,1,-0.21871512695797646,1,2,1,0,0,0,0,0,0,0,1,0,0.3652067301175816,-0.1547379837043532,0,46,4994,-0.35145062307427405,3
0,0,0,0,1.0436161483629645,1,0,1,0,0,0,2,2,2,0,1,2,1.0149693571825356,1.5608900319101016,0,68,6460,-0.4764363926928887,5
1,0,0,0,-0.9516816739185228,1,0,2,1,1,1,1,1,1,0,0,3,-1.4926823160681442,-0.9268963278626628,0,63,2788,-0.43404318515287027,8
1,0,0,0,-1.0738427650786138,1,0,1,0,0,0,0,0,0,0,1,2,0.14418772909548702,-0.8138652641137434,0,55,5741,0.4701754344899468,2
0,0,0,0,-0.9516816739185228,1,0,2,1,1,1,1,1,1,0,0,3,-1.479387940066815,-0.9236536334108496,0,68,5546,-0.4294569843830127,8
1,0,1,0,-0.9924020376385531,1,0,0,0,2,2,0,0,0,0,1,3,-0.3327480099521901,-0.809078429446781,0,47,4099,0.03585130205878965,3
1,0,0,0,-0.8295205827584317,1,0,1,0,0,0,0,2,0,0,1,2,0.5546515881365197,-0.6034210119348418,0,70,2916,0.0567243953062185,3
1,0,1,0,0.43281069256250915,1,2,0,2,0,2,0,2,2,1,1,2,0.5131066631323666,0.5743609075972252,0,35,5888,-0.45264856782149715,6
1,0,0,0,0.3920903288424788,1,2,1,0,0,0,2,2,2,0,1,2,1.1811490571991479,0.8573135724503459,0,33,3286,-0.3941938999752413,6
0,0,0,1,1.369379058123207,1,2,1,2,0,2,2,0,0,2,1,1,0.8703930181680831,1.6104569328163902,0,74,6204,-0.5059934879023713,6
1,0,0,0,-1.2774445836787656,1,0,2,1,1,1,1,1,1,0,0,3,-1.4876969250676457,-0.9969561753385741,0,38,5650,0.4849167941073464,8
1,0,0,0,-0.9109613101984924,1,2,1,0,2,0,0,0,0,0,0,2,0.5014740841312035,-0.654046751845804,0,65,5739,0.17065780953642215,4
0,1,0,0,-0.5851984004382496,1,0,1,0,2,0,0,0,0,0,1,2,0.2920876621102721,-0.4060137150009852,0,66,5313,-0.2177977843793873,3
0,0,1,1,-1.1960038562387048,1,0,2,1,1,1,1,1,1,0,0,3,-1.5109620830699715,-0.9816471280626666,0,57,5722,-0.10842293049298064,8
1,0,0,0,0.7178532386027215,1,0,2,1,1,1,1,1,1,1,0,1,-1.4827115340671475,-0.5694278680556292,0,29,5249,-0.6163334250665484,8
1,0,1,1,-1.2774445836787656,1,0,0,0,0,0,0,0,0,0,0,2,-0.6717545979860794,-0.986125134686599,0,48,3408,1.8923071553573974,1
1,0,0,0,-1.2367242199587352,1,0,0,2,0,0,2,0,0,0,1,3,-0.3427187919531868,-0.9672645649158484,0,77,5753,1.4193552009658328,3
1,0,0,0,-0.62591876415828,1,0,2,1,1,1,1,1,1,1,1,0,-1.4993295040688086,-0.8506819786720858,0,35,4774,-0.53646833567969,8
1,0,1,1,1.4915401492832983,1,2,1,0,2,2,0,2,2,2,1,2,1.3373579752147637,2.213862810604826,0,47,5436,-0.48965086948739367,7
1,0,1,0,1.6137012404433893,1,2,0,2,2,2,2,2,2,2,1,1,0.7956121531606076,1.7744225645193017,0,41,5764,-0.5223196968891191,8
1,1,1,1,0.7178532386027215,1,2,0,2,2,2,0,0,2,2,1,0,0.34526516611558833,0.680619813545419,0,34,6084,-0.4926858552909759,6
0,0,0,0,0.8400143297628127,1,0,2,1,1,1,1,1,1,2,0,3,-1.479387940066815,-0.5432216026899547,0,79,4218,-0.6186377661396387,8
0,0,1,0,1.0436161483629645,1,2,1,2,2,0,2,2,2,2,1,1,1.4736253292283856,1.8149893338858634,0,57,4935,-0.4496187780216876,8
1,0,0,0,0.5549717837226001,0,1,0,2,0,0,0,0,0,1,1,0,-1.1304105700319294,-0.3487261130189509,0,42,5646,-0.5866197421479468,2
1,1,1,0,1.6137012404433893,1,2,1,2,2,2,2,2,2,0,1,1,1.5999219012410113,2.5508162646963064,0,29,5569,-0.4843107727005732,9
0,0,1,1,-1.0738427650786138,1,2,1,0,2,2,0,2,0,0,1,3,0.9734244321783826,-0.7769161946798168,0,59,3083,0.8788386816611866,6
1,0,1,0,1.6137012404433893,1,2,0,2,2,2,2,0,2,2,0,0,0.46823814412788106,1.536823503699705,0,33,5091,-0.5377902714038785,7
1,0,0,0,-1.1552834925186746,1,0,0,0,0,0,0,0,2,0,1,3,-0.31446824295036285,-0.9005577076214042,0,31,3684,0.6064511145085727,2
0,0,1,1,0.7992939660427822,1,0,2,1,1,1,1,1,1,2,0,3,-1.5093002860698053,-0.55061141657674,0,66,5699,-0.6197734998208535,8
1,0,1,1,-1.318164947398796,1,2,2,1,1,1,1,1,1,2,0,3,-1.3098846460498705,-1.005779833710855,0,49,2299,2.2448713395402007,9
0,0,0,0,-1.2367242199587352,1,0,2,1,1,1,1,1,1,1,0,3,-1.4727407520661506,-0.990426668143086,0,39,4196,0.119931649506179,8
0,0,1,0,1.3286586944031769,1,0,2,1,1,1,1,1,1,2,0,0,-1.5093002860698053,-0.4234404402862401,0,71,5076,-0.6280186313507111,8
0,0,1,0,0.758573602322752,1,2,0,0,2,0,2,2,2,1,1,1,0.4615909561272169,0.7372677002954631,0,80,5408,-0.4882176817468132,6
1,0,0,0,-0.8295205827584317,1,2,0,0,0,2,0,2,2,0,0,0,0.3319707901142591,-0.6408995008711053,0,40,3521,-0.0023670376900236517,5
0,0,1,1,-0.3408762181180675,1,0,2,1,1,1,1,1,1,1,0,3,-1.491020519067978,-0.7704087466302595,0,68,4158,-0.5703680030368874,8
0,0,1,0,1.2879383306831464,1,2,0,0,0,2,2,0,0,1,0,0,-0.2130986259402292,0.6515017409168917,0,55,5331,-0.5587084695412111,4
0,0,0,0,-0.2594354906780068,1,2,1,0,0,2,0,2,2,0,1,0,1.1877962451998125,0.14127369553974334,0,50,2921,-0.2348619378286381,6
0,0,1,1,-0.7073594915983407,1,0,2,1,1,1,1,1,1,0,0,3,-1.4860351280674797,-0.8803515299488808,0,59,3591,-0.5179563273638585,8
1,1,1,0,1.2879383306831464,1,2,2,1,1,1,1,1,1,2,0,1,-1.2999138640488739,-0.2377686089875174,0,36,6469,-0.6163887638390354,9
0,0,1,0,-0.21871512695797646,1,2,1,0,0,0,0,2,2,0,0,1,1.0049985751815391,0.08065516252217307,0,75,4235,-0.27262529734234653,5
0,0,1,1,-0.9924020376385531,1,0,0,0,0,0,0,0,0,0,1,2,-0.641842251983089,-0.8241227669715201,0,41,4651,-0.08262555116253158,1
1,0,0,0,-0.9109613101984924,1,0,2,1,1,1,1,1,1,0,1,1,-1.4876969250676457,-0.9181609060741048,0,53,4802,-0.45316972699989005,8
0,0,0,0,-1.2367242199587352,1,0,0,0,2,0,0,0,0,0,0,3,-0.5172074769706297,-0.9600291650505781,0,75,2342,1.2187089172845627,2
1,0,1,0,0.758573602322752,1,0,0,2,2,2,2,2,2,2,1,1,0.6144762801425001,0.7984156528153703,0,62,5340,-0.47807512235193583,7
0,0,1,1,0.5549717837226001,1,0,2,1,1,1,1,1,1,2,1,3,-1.5126238800701375,-0.6245095554445933,0,77,5596,-0.6146736298359053,8
1,0,0,0,-1.2774445836787656,1,0,2,1,1,1,1,1,1,0,1,0,-1.4993295040688086,-0.9971105893600889,0,80,3075,0.4648521657392193,8
1,0,0,0,0.5549717837226001,1,2,1,0,0,0,0,0,0,0,0,0,0.2671607071077802,0.427799942033638,0,66,2642,-0.48404009194980196,3
0,0,1,0,0.7178532386027215,1,2,1,2,2,0,2,2,2,0,1,0,1.4919050962302134,1.3791667877329747,0,21,4676,-0.4151251069772077,8
1,0,1,1,0.8400143297628127,1,0,0,0,2,0,2,2,0,0,0,1,0.00792037508186511,0.47827126792308533,0,30,5534,-0.5236227270418944,4
1,0,1,0,1.1657772395230555,1,2,1,0,2,2,2,2,2,0,1,2,1.639805029244998,2.140802919282339,0,64,5239,-0.4506311774535246,8
1,0,0,0,-1.1145631287986442,1,0,2,1,1,1,1,1,1,0,0,0,-1.4660935640654862,-0.9645071716745106,0,60,5597,-0.26702904045055603,8
1,0,0,0,0.5956921474426305,1,0,0,2,2,2,2,2,2,1,1,0,0.7374492581547932,0.820232148140835,0,57,5631,-0.4539406082845962,7
0,0,0,0,0.880734693482843,1,2,1,0,2,2,0,2,0,1,1,0,0.9966895901807084,1.253848779700654,0,50,5665,-0.46411406974614117,6
1,0,0,1,-0.5444780367182193,0,1,0,0,0,0,0,0,0,0,1,1,-1.3098846460498705,-0.7560261834834415,0,68,3072,-0.5163081614621909,1
0,0,0,1,-0.2594354906780068,1,0,1,0,2,2,2,2,2,2,1,2,1.3523141482162588,0.1921641452018741,0,62,5980,-0.2138418509667908,7
1,0,1,1,1.5322605130033284,1,2,2,1,1,1,1,1,1,2,0,3,-1.3082228490497045,-0.21956981359468783,0,33,4954,-0.6206159689364963,9
1,0,1,0,-0.62591876415828,1,2,1,0,2,2,0,2,2,0,1,2,1.2559299222066236,-0.23701859802587347,0,75,3803,-0.008418274816919126,7
0,0,0,1,-1.2774445836787656,1,2,2,1,1,1,1,1,1,0,0,3,-1.3547531650543558,-0.9951914436641178,0,60,2559,0.7142268326002265,9
0,0,1,1,-0.5444780367182193,1,2,2,1,1,1,1,1,1,2,0,3,-1.3015756610490399,-0.7914090535562882,0,44,5038,-0.5148749737216105,9
0,0,1,0,-0.2594354906780068,1,0,0,0,2,2,0,2,2,2,1,1,0.29042586511010604,-0.16501754570806054,0,67,3596,-0.3495169570750781,5
1,0,1,0,0.7178532386027215,1,2,1,0,2,0,0,2,2,1,1,2,1.113015380192337,1.137795612959228,0,62,5154,-0.4407538759852354,6
0,0,1,0,1.4508197855632678,0,1,0,2,0,2,0,2,2,1,1,2,-0.34438058895335305,0.6370309411863511,0,69,4897,-0.5712387165163822,5
1,0,1,1,-0.9516816739185228,1,0,1,0,0,2,2,2,2,0,0,2,1.2742096892084507,-0.5776338703418505,0,61,4171,0.5204598500737426,6
0,0,1,1,0.758573602322752,0,1,0,2,0,0,2,0,0,2,0,0,-1.0157465770204666,-0.2195918727406185,0,38,6404,-0.5862256741603565,3
0,0,0,0,-0.9516816739185228,1,0,0,0,0,0,0,0,0,0,1,2,-0.6983433499887373,-0.826791923629135,0,70,5644,-0.16001768915387868,1
1,0,0,0,-0.4223169455581282,1,2,1,0,2,0,0,2,2,0,1,2,1.1927816362003112,0.06009603851475819,0,34,4094,-0.15989306413295862,6
1,0,1,1,1.5729808767233588,1,2,1,2,2,2,2,2,2,2,1,0,1.7046151122514768,2.654935433489222,0,62,6481,-0.47683180136331255,9
1,0,1,1,-0.2594354906780068,1,2,0,0,0,2,2,2,2,1,1,1,0.572931355138347,-0.0867516959459282,0,43,3973,-0.3134218584234211,6
1,0,1,0,1.5729808767233588,1,2,0,2,2,0,2,0,0,2,0,0,0.012905766082363669,1.059728295510472,0,69,4384,-0.5578865302472542,5
1,0,0,0,-1.1552834925186746,1,0,0,0,0,0,0,0,0,0,1,1,-0.6634456129852487,-0.9280434034510595,0,39,5565,0.36567557409104867,1
0,0,0,0,-0.8295205827584317,1,2,1,2,0,0,0,0,0,0,1,2,0.4998122871310375,-0.5640674955944684,0,43,5906,0.04217202747878568,4
0,0,1,0,-0.5851984004382496,1,2,1,0,0,0,2,2,0,0,1,2,0.8005975441611056,-0.30220337425109933,0,59,3127,-0.12547032151251722,5
0,0,0,0,-1.1960038562387048,1,2,1,0,0,0,0,0,0,0,1,2,0.3386179781149237,-0.9120725817972308,0,70,3641,1.486715024773116,3
0,1,1,0,1.6137012404433893,1,2,1,2,2,0,0,2,2,1,1,0,1.39884446422091,2.3813579056566496,0,58,4768,-0.4938130037477097,7
1,0,0,0,-0.7888002190384014,1,0,2,1,1,1,1,1,1,1,0,1,-1.5109620830699715,-0.891226688892717,0,66,2823,-0.5035732646816043,8
1,0,1,0,0.3920903288424788,1,2,0,2,0,0,0,0,0,1,0,1,-0.28787949094770476,0.047257615583089385,0,69,5904,-0.5120485941773959,3
0,0,0,0,-0.62591876415828,1,0,2,1,1,1,1,1,1,0,0,1,-1.4976677070686424,-0.8556232273605633,0,28,4222,-0.5361498495151166,8
0,1,0,0,-1.0331224013585834,1,0,0,0,2,0,0,0,0,0,1,3,-0.44741200296365274,-0.8207697767900534,0,46,3660,0.07359191256074281,2
0,0,1,0,1.4508197855632678,1,2,1,2,2,2,2,2,2,2,0,3,1.789366759259949,2.5192937451613324,0,38,4175,-0.46455969860882496,9
1,0,1,1,0.9621754209229036,1,2,2,1,1,1,1,1,1,2,0,0,-1.3497677740538576,-0.38713108608430385,0,21,5137,-0.6130558770447462,9
0,0,1,1,0.22920887396235737,1,0,2,1,1,1,1,1,1,1,0,3,-1.477726143066649,-0.675179413647417,0,51,4686,-0.6019539909031375,8
0,0,1,1,1.6137012404433893,1,2,1,2,2,2,2,2,2,2,1,2,1.6863353452496495,2.7112524330503054,0,65,4017,-0.48022716927535747,9
0,0,0,0,0.6364125111626608,1,2,2,1,1,1,1,1,1,1,0,1,-1.3198554280508674,-0.48893404455449585,0,33,3642,-0.6030189446402513,9
0,1,1,0,0.7992939660427822,1,2,1,2,2,2,0,2,2,0,1,2,1.4736253292283856,1.4859992314753667,0,49,4428,-0.4256171228893819,8
0,0,1,1,0.10704778280226633,1,0,2,1,1,1,1,1,1,1,0,3,-1.4993295040688086,-0.6930693809972166,0,26,3739,-0.5990508670183718,8
1,0,1,0,1.4100994218432374,1,2,1,0,2,2,2,2,2,2,1,0,1.5467443972356951,2.3327395480253816,0,59,4469,-0.4739701095022188,8
0,0,0,0,-1.2774445836787656,0,1,0,2,0,0,0,0,0,0,0,3,-1.1586611190347533,-0.9925884644442949,0,61,4155,1.0524591393772245,2
1,0,0,0,0.8400143297628127,1,0,1,0,2,0,2,0,0,0,1,3,0.5264010391336954,0.9125276147148945,0,73,6113,-0.4905001659262563,4
1,0,1,1,0.06632741908223598,1,0,2,1,1,1,1,1,1,0,0,3,-1.461108173064988,-0.7252316157641808,0,64,4985,-0.5934955583477408,8
1,0,0,0,-0.5444780367182193,1,0,1,0,0,2,2,2,0,0,0,3,0.8371570781647607,-0.26353369143457783,0,35,3402,-0.14597244929618972,5
0,1,1,0,1.125056875803025,1,2,1,2,2,2,2,2,2,2,1,0,1.7046151122514768,2.0498089423181916,0,77,4734,-0.4435069232169002,9
1,0,0,0,-0.8702409464784621,1,0,2,1,1,1,1,1,1,2,0,1,-1.502653098069141,-0.9073298654221298,0,50,5433,-0.47484126283472855,8
0,0,1,1,1.125056875803025,1,2,1,2,2,2,2,2,2,2,0,1,1.6780263602488188,1.9759328625962689,0,36,5328,-0.4450105956004601,9
1,0,1,0,1.6137012404433893,1,2,2,1,1,1,1,1,1,2,0,1,-1.328164413051698,-0.17887068935254175,0,71,6251,-0.6226821041473042,9
1,0,0,0,0.26992923768238775,1,0,2,1,1,1,1,1,1,1,0,3,-1.491020519067978,-0.6567379676493496,0,69,4041,-0.6045925262819498,8
0,0,1,0,1.0843365120829946,1,0,1,2,0,2,0,0,0,1,1,1,0.5480044001358552,1.0410662580530976,0,58,4709,-0.5063713931274995,4
1,0,1,1,-1.2367242199587352,1,0,1,0,0,0,0,0,0,0,0,3,0.1724382780983114,-0.9422936117222932,0,46,5010,2.0117394670724393,2
1,0,0,0,1.5729808767233588,1,2,1,0,0,2,2,0,0,2,1,1,0.719169491152966,1.7172011399750595,0,30,4069,-0.5240473752613257,5
0,0,1,0,-0.3408762181180675,1,2,0,2,2,2,0,0,0,0,0,3,0.051127097086184216,-0.31777713127817525,0,45,2235,-0.35756828731549484,5
1,1,1,0,1.4100994218432374,1,2,1,0,0,0,0,2,2,0,1,1,0.9933659961803764,1.676171128543953,0,47,4228,-0.5020437281853544,5
0,0,1,0,0.18848851024232702,1,2,0,0,2,0,2,0,2,1,0,3,0.2438955491054544,0.16706083713273465,0,50,2703,-0.4440905855236768,5
1,0,0,0,-0.8702409464784621,0,1,0,0,2,2,0,0,0,0,0,3,-0.9991286070188055,-0.8365641252764363,0,73,4310,-0.33008930103609796,3
0,0,1,0,-0.5851984004382496,1,0,1,0,0,2,0,2,2,0,1,1,1.0365727181846955,-0.23569504927003132,0,20,5009,-0.08262555116253167,5
1,0,1,1,0.7178532386027215,1,0,0,0,0,0,0,0,0,1,1,0,-0.6634456129852487,-0.021566919720702363,0,44,6115,-0.5609168324307691,1
0,0,1,1,1.4100994218432374,1,2,1,2,0,2,2,2,2,1,1,2,1.4835961112293827,2.2067377064692093,0,49,4103,-0.4771737056282222,8
0,0,1,0,-0.30015585439803716,1,0,0,2,2,0,2,0,2,0,1,3,0.2089978121019659,-0.19501798417381594,0,63,5620,-0.3483165092239936,5
1,0,0,0,-0.9516816739185228,1,0,2,1,1,1,1,1,1,0,0,1,-1.4976677070686424,-0.9260580803172963,0,66,4194,-0.4357630104415669,8
0,0,0,1,-0.9109613101984924,0,1,0,2,2,0,2,0,0,1,0,3,-0.8146691400003658,-0.8242551218471043,0,38,2876,-0.24210025975076185,4
0,0,1,0,1.5322605130033284,1,0,2,1,1,1,1,1,1,2,0,1,-1.4926823160681442,-0.4197345037698822,0,79,4311,-0.6295784387508306,8
1,0,0,0,-0.9516816739185228,1,0,0,2,0,2,2,0,2,0,1,0,0.11593718009266311,-0.751239348816479,0,40,4366,0.12088710799989938,5
0,0,0,0,-1.1552834925186746,1,0,2,1,1,1,1,1,1,0,1,1,-1.4827115340671475,-0.9755808629317234,0,74,5221,-0.19957367079390054,8
0,0,0,0,-1.2367242199587352,1,0,0,2,0,0,0,0,0,0,0,3,-0.4590445819648154,-0.9514922755753962,0,37,5968,1.2855910118449858,2
1,0,0,0,-0.5444780367182193,0,1,0,0,0,0,0,0,0,0,1,0,-1.3165318340505352,-0.7991518137779648,0,54,3784,-0.5174547116546554,1
1,0,1,1,-1.0331224013585834,1,0,2,1,1,1,1,1,1,0,1,0,-1.479387940066815,-0.9287051778289807,0,42,3149,-0.3714128808895024,8
1,1,0,0,-1.2774445836787656,1,0,0,0,0,0,0,0,0,0,0,2,-0.6900343649879066,-0.9863677852918369,0,46,4320,1.8607770250646265,1
0,0,1,1,-0.9516816739185228,1,0,2,1,1,1,1,1,1,1,0,3,-1.479387940066815,-0.9297419576877236,0,48,4272,-0.4294569843830127,8
0,0,0,0,-1.1145631287986442,1,0,0,2,0,2,0,0,0,0,0,1,-0.29785027294870164,-0.8732484849591945,0,23,5104,0.4046582806348383,3
0,0,1,1,0.9621754209229036,1,0,1,0,0,0,0,2,2,1,0,0,0.8022593411612722,1.1860169059637438,0,72,4170,-0.4828117981639218,4
0,0,0,1,-0.5851984004382496,1,2,0,2,0,0,0,0,0,0,0,3,-0.23636378394255506,-0.5678175504026879,0,79,3425,-0.31374593206456597,3
1,0,1,0,1.5322605130033284,1,2,0,2,2,2,2,2,0,2,0,3,0.47820892612887816,1.4368293951958309,0,49,4408,-0.5338172747886631,7
0,0,0,0,1.6137012404433893,1,2,1,0,2,2,2,2,2,2,1,1,1.438727592224897,2.4383587387415853,0,28,5430,-0.4919282637053025,8
1,1,1,0,-0.62591876415828,1,2,1,0,0,0,0,2,2,0,1,2,0.9983513871808745,-0.3158138672903427,0,49,4831,-0.057783630325803,5
1,0,1,0,-0.13727439951791576,0,1,0,0,0,0,0,2,2,0,1,2,-0.626886078981594,-0.41794771294949523,0,37,5074,-0.48621121891000046,3
1,0,1,0,1.247217966963116,1,2,1,0,0,2,0,2,2,2,0,2,1.2575917192067896,1.7722387090721623,0,29,4004,-0.47782707062760454,6
1,0,0,0,1.0843365120829946,1,0,0,0,0,2,0,0,2,1,1,0,-0.11339080593026184,0.6025524960966631,0,27,6250,-0.5443986411775688,3
0,0,0,0,-1.1960038562387048,1,0,0,0,0,2,0,2,0,0,0,2,-0.23968737794288733,-0.9345508515006168,0,47,4099,0.9879656910511019,3
0,0,0,0,-0.9924020376385531,0,1,0,0,2,0,0,0,0,0,1,3,-1.1802644800369129,-0.9056533703313965,0,29,2038,-0.2890045858061237,2
0,0,0,0,1.4508197855632678,1,0,2,1,1,1,1,1,1,2,0,1,-1.5009913010689746,-0.3697484790909103,0,68,6161,-0.6290647262232824,8
0,0,1,1,1.4508197855632678,1,2,1,2,0,2,2,2,2,2,0,1,1.5617005702371902,2.3080774228748564,0,77,4967,-0.4759421171861889,8
0,1,1,0,0.7992939660427822,1,2,1,0,2,2,0,2,2,1,1,2,1.3872118852197473,1.4744843572995403,0,57,4499,-0.43124170873920725,7
1,0,1,1,1.6137012404433893,1,2,1,2,2,0,2,2,2,2,1,1,1.4270950132237343,2.4883006451286955,0,55,4351,-0.49247797955100453,8
0,0,1,0,-0.015113308357824713,1,0,2,1,1,1,1,1,1,1,0,3,-1.5109620830699715,-0.7440701263890007,0,66,5817,-0.5945775840704994,8
0,0,1,0,1.6137012404433893,1,0,2,1,1,1,1,1,1,2,0,0,-1.4860351280674797,-0.3776897716259632,0,76,4747,-0.6301425334818329,8
1,0,1,1,-1.2774445836787656,1,0,1,0,0,0,0,0,0,0,1,1,0.1724382780983114,-0.9749190885538024,0,62,5133,3.348425899787186,2
1,0,1,1,0.3920903288424788,1,0,0,2,0,0,2,0,2,1,0,1,-0.035286346922454,0.21336298444127907,0,55,3764,-0.49178398612453683,4
1,0,0,0,0.5142514200025698,1,0,0,2,0,0,0,0,0,0,1,0,-0.4607063789649817,0.00830116386946892,0,71,5274,-0.5347651270604494,2
0,0,1,1,0.43281069256250915,0,1,0,2,0,2,2,2,2,1,1,1,-0.14496494893341827,0.1591857220354739,0,61,2725,-0.5042433264823951,6
1,0,1,0,0.18848851024232702,1,2,0,2,0,2,0,2,2,1,0,3,0.4815325201292102,0.2788565887095349,0,74,2322,-0.42251733848125445,6
1,0,1,0,1.247217966963116,1,0,1,2,2,2,2,2,2,2,1,1,1.506861269231708,1.9526604636393778,0,26,6216,-0.4643909355596623,8
1,0,0,0,-1.1960038562387048,1,0,1,0,0,0,0,2,2,0,0,3,0.8620840331672525,-0.9009327131022261,0,69,3953,1.9381691630559736,4
1,0,1,1,1.369379058123207,1,2,2,1,1,1,1,1,1,2,1,1,-1.3115464430500368,-0.2679675797666491,0,46,5617,-0.6183382940744427,9
0,1,0,0,-0.9924020376385531,1,2,1,0,0,0,0,0,2,0,0,2,0.6792863631489789,-0.6988268180851299,0,53,2565,0.4237674505092451,4
1,0,0,1,1.5729808767233588,1,2,2,1,1,1,1,1,1,2,0,3,-1.343120586053193,-0.2757985765720485,0,60,4155,-0.6228577078202369,9
0,0,1,1,1.6137012404433893,1,2,2,1,1,1,1,1,1,2,0,0,-1.3181936310507012,-0.1861281483637429,0,67,5611,-0.6222109191367025,9
1,1,1,0,-0.6666391278783103,1,0,0,2,2,0,0,0,0,0,1,0,-0.3393951979528547,-0.6417598075624027,0,34,3324,-0.2937256748339183,3
1,0,1,0,1.369379058123207,1,2,1,2,2,2,2,0,0,2,0,3,1.0581760791868549,1.8284895311954537,0,69,4454,-0.4963248183689029,7
1,0,0,0,0.758573602322752,1,2,0,2,2,2,2,2,0,1,1,1,0.544680806135523,0.8146291250744366,0,56,4549,-0.48270542120611903,7
0,0,0,1,-0.9924020376385531,0,1,0,2,0,0,0,0,2,0,1,2,-0.8728320350061801,-0.8598365242333275,0,22,4194,-0.17116470491394922,3
1,0,0,0,-0.748079855318371,1,0,1,0,0,0,0,2,2,0,1,2,0.9352031011745621,-0.41571973921049427,0,38,4296,0.04846335417589809,4
0,0,0,0,1.5322605130033284,1,2,0,2,2,2,0,2,2,2,0,3,0.6626683931473177,1.6373690908518472,0,45,4180,-0.5248548049743288,7
0,0,0,1,1.5322605130033284,1,2,0,2,2,0,2,0,0,2,0,2,0.04115631508518757,1.1522664126897688,0,72,5265,-0.5550526762406447,5
1,0,0,0,-0.3408762181180675,1,0,2,1,1,1,1,1,1,2,0,3,-1.462769970065154,-0.7909016931998821,0,43,4117,-0.5664697323825085,8
0,0,1,0,1.4915401492832983,1,0,0,0,2,0,0,0,2,2,1,1,-0.11006721192992953,0.8168350396675069,0,51,4162,-0.5609826707471431,3
1,0,1,1,0.3920903288424788,1,0,0,2,2,0,0,0,0,0,0,3,-0.3410569949530208,0.00944823945786541,0,57,3449,-0.5163148274516821,3
0,1,0,0,0.26992923768238775,1,2,1,0,0,2,0,2,2,0,1,2,1.1628692901973208,0.7748344258154495,0,58,3860,-0.37571244411124394,6
1,0,1,1,0.5142514200025698,1,2,1,0,2,2,2,2,2,2,1,0,1.4952286902305454,1.1563032363950874,0,38,4221,-0.3880814774375583,8
1,0,1,1,1.6137012404433893,1,2,0,2,2,2,2,2,0,2,1,0,0.534710024134526,1.5210732735051837,0,51,6067,-0.5346490379998664,7
0,0,0,0,0.22920887396235737,1,0,2,1,1,1,1,1,1,2,0,3,-1.477726143066649,-0.6779588660346855,0,59,5919,-0.6019539909031375,8
1,0,1,0,1.6137012404433893,1,2,0,2,2,2,2,0,0,2,1,0,0.10098100709116792,1.1139496762081385,0,74,5242,-0.555145585961045,6
1,0,1,1,1.6137012404433893,1,0,2,1,1,1,1,1,1,2,1,1,-1.4943441130683104,-0.38166041789348965,0,29,5027,-0.6305351876573344,8
1,0,1,0,0.9214550572028734,1,2,2,1,1,1,1,1,1,2,0,0,-1.2982520670487077,-0.3688661132536822,0,79,6228,-0.6090149341671697,9
0,0,1,1,0.758573602322752,0,1,0,0,0,2,2,2,2,1,1,2,-0.28621769394753876,0.27318738820534416,0,48,4132,-0.5378280266130613,5
1,0,0,0,1.247217966963116,1,0,0,2,2,2,2,2,2,2,1,0,0.7291402731539627,1.3366808726704418,0,74,5841,-0.506311676971642,7
0,0,0,0,-1.2774445836787656,1,0,2,1,1,1,1,1,1,0,0,3,-1.4744025490663168,-0.9967797021711283,0,21,2152,0.5078477979566343,8
0,0,1,1,-0.38159658183809786,1,0,2,1,1,1,1,1,1,2,1,3,-1.4993295040688086,-0.8065636868106809,0,78,4896,-0.567759601349031,8
0,0,0,0,-1.2367242199587352,1,2,0,0,0,0,2,0,0,0,1,3,-0.34604238595351905,-0.9541393730870804,0,71,4916,1.4155333669909511,3
0,1,0,0,0.7992939660427822,1,2,1,2,2,2,0,2,2,0,0,1,1.440389389225063,1.5704195829521652,0,69,4251,-0.42778042513931475,8
0,0,0,0,0.14776814652229667,1,2,0,2,0,0,0,0,0,1,0,3,-0.3427187919531868,-0.17039997731515197,0,56,4462,-0.49290459300654943,3
0,0,0,0,-1.2774445836787656,1,0,0,0,0,0,0,0,0,0,0,3,-0.6451658459834212,-0.9857721883517079,0,23,3980,1.9381691630559736,1
0,0,0,0,-0.1779947632379461,1,2,0,2,0,2,0,0,0,1,0,3,-0.19149526493806968,-0.2758647540098405,0,67,4891,-0.4283697385108482,4
0,0,1,1,-1.0331224013585834,1,0,0,2,2,2,0,2,0,1,0,2,0.15582030809665018,-0.7953135223860226,0,54,3334,0.3337154874761037,5
1,1,1,0,1.6137012404433893,0,1,0,2,2,2,2,2,2,2,1,1,0.006258578081699082,0.9998377143086148,0,78,4049,-0.5596218435617623,7
0,0,0,0,-0.9109613101984924,1,0,2,1,1,1,1,1,1,0,0,3,-1.5259182560714666,-0.9337787813930422,0,62,5949,-0.4651563881029269,8
1,0,0,0,0.3920903288424788,1,0,2,1,1,1,1,1,1,1,0,0,-1.4943441130683104,-0.6308184711807742,0,39,3575,-0.6088387615877627,8
0,0,0,0,-1.0331224013585834,0,1,0,0,0,0,0,0,0,0,0,0,-1.3198554280508674,-0.9219771383201164,0,63,4404,-0.3026198693416384,1
1,0,1,1,1.6137012404433893,1,2,1,2,2,2,2,2,2,2,1,1,1.6464522172456624,2.549514775086395,0,70,5879,-0.4821119093177648,9
1,0,0,0,1.247217966963116,1,0,1,2,2,2,2,2,2,2,0,1,1.476948923228718,2.1044494467885415,0,33,4273,-0.4660032717678155,8
0,0,0,0,0.9621754209229036,0,1,0,2,2,2,2,0,0,2,0,0,-0.6551366279844181,0.1236925562329735,0,37,5795,-0.5710157033210516,5
0,0,0,1,-1.1145631287986442,1,0,0,0,0,0,2,0,0,0,1,3,-0.4573827849646494,-0.8792485726523456,0,52,2789,0.31293426523768636,2
0,0,1,0,1.6137012404433893,1,2,1,0,2,2,2,2,2,2,1,0,1.5184938482328711,2.5159628141257966,0,55,6030,-0.488158783620488,8
1,1,1,1,1.4508197855632678,1,2,1,0,2,2,0,0,0,0,1,2,0.6610065961471517,1.5017274025239578,0,72,6404,-0.5209732914119647,5
1,0,1,1,1.4100994218432374,1,0,0,2,2,0,2,0,0,1,0,3,-0.15659752793458118,0.7563268023795902,0,21,6148,-0.560382899743102,4
1,0,1,1,-0.9924020376385531,1,0,0,0,0,0,0,0,0,0,0,0,-0.6684310039857471,-0.8429171593044785,0,63,5724,-0.09281710842888187,1
1,0,1,1,0.7992939660427822,1,2,1,0,2,0,2,0,2,0,1,0,0.9468356801757247,1.0376470904338388,0,56,4740,-0.4599054635508173,6
0,0,1,1,-0.5851984004382496,1,0,2,1,1,1,1,1,1,0,1,3,-1.479387940066815,-0.8284463595739378,0,40,2429,-0.5394352857391373,8
0,0,1,1,1.0843365120829946,1,2,2,1,1,1,1,1,1,2,0,3,-1.3065610520495383,-0.32898317741097216,0,30,4746,-0.6130005610266888,9
0,0,0,0,1.125056875803025,1,0,2,1,1,1,1,1,1,2,0,3,-1.4677553610656522,-0.5235669036656987,0,35,4192,-0.6229138344803871,8
1,0,0,0,-1.0331224013585834,1,2,1,0,0,0,0,2,2,0,1,2,0.9750862291785486,-0.696378252886822,0,22,5259,0.6869962655291968,5
1,0,1,1,1.0843365120829946,0,1,0,2,0,2,0,0,0,1,0,3,-0.9958050130184734,-0.13210529997945247,0,23,6300,-0.5951334871941185,3
1,0,0,0,0.5549717837226001,0,1,0,2,0,2,2,2,2,2,1,0,-0.13333236993225536,0.27073882300703633,0,36,2694,-0.5134356873097935,6
1,0,0,0,-1.1145631287986442,1,0,0,0,2,0,0,0,0,0,1,2,-0.44575020596348647,-0.8900575541583898,0,28,2893,0.31962247469372873,2
1,1,1,0,1.0843365120829946,0,1,0,2,0,2,2,2,2,2,1,1,-0.023653767921291324,0.7090319935041639,0,49,6306,-0.539239165311479,6
0,0,1,0,1.5322605130033284,1,2,0,0,2,2,2,2,2,2,1,0,0.6659919871476498,1.6049421463337146,0,32,4032,-0.5246933190317281,7
0,0,0,0,0.47353105628253944,1,2,0,0,0,0,0,0,0,0,1,3,-0.4856333339674735,-0.06204545250354142,0,42,5790,-0.5338567491301878,2
0,0,1,0,1.2879383306831464,1,2,1,2,0,2,0,2,0,2,1,1,0.9917041991802098,1.6186849942485422,0,26,5038,-0.494766247269158,6
0,0,1,1,1.0436161483629645,0,1,0,2,0,2,2,2,2,2,0,3,-0.16656830993557784,0.5932214773679758,0,21,4678,-0.5455209000523963,6
0,1,1,0,0.5549717837226001,1,2,1,0,0,0,2,2,2,1,0,2,1.1794872601989819,1.0915375839425452,0,59,5453,-0.4170766817728918,6
1,1,1,0,1.0436161483629645,1,2,1,0,2,0,0,2,2,0,1,2,1.1346187411944968,1.5445662639213817,0,21,4993,-0.46944049321344494,6
0,0,1,0,1.6137012404433893,1,2,1,0,2,0,0,2,2,2,1,1,1.0947356131905097,2.025014462292082,0,75,5406,-0.5081841465710648,6
1,1,0,0,-0.8702409464784621,1,2,0,2,2,0,0,0,0,0,0,0,-0.1499503399339166,-0.7132976178156708,0,23,5296,-0.08596965589055286,4
0,1,0,0,0.06632741908223598,0,1,0,0,2,2,0,2,2,0,1,2,-0.28289409994720643,-0.226672858584374,0,32,5597,-0.4773664031395608,5
1,0,0,0,0.880734693482843,0,1,0,2,2,0,0,0,2,2,0,0,-0.6169152969805971,0.06715496521258299,0,26,6143,-0.5653231821900441,4
0,0,1,1,1.6137012404433893,1,2,2,1,1,1,1,1,1,2,0,3,-1.3248408190513656,-0.18553255142361386,0,67,5192,-0.6225250424771037,9
1,0,1,1,0.880734693482843,1,2,0,0,0,2,0,0,2,2,0,1,-0.046918925923616905,0.49825685413630166,0,72,4232,-0.5295716625522905,4
0,0,0,0,-0.748079855318371,1,0,0,2,0,0,0,0,0,0,0,0,-0.48729513096763954,-0.6927605529541868,0,25,2331,-0.27868563407394403,2
0,0,0,0,-1.2774445836787656,1,0,0,2,0,0,0,0,0,0,0,2,-0.4856333339674735,-0.9836545103423604,0,30,4421,2.2133412092474294,2
1,0,0,0,0.9621754209229036,1,2,0,2,2,0,2,0,0,1,1,0,-0.003712203919297562,0.6113982136148748,0,70,4656,-0.531590468632802,5
0,0,1,0,1.4508197855632678,1,0,0,2,2,0,2,2,2,2,1,0,0.4931650991303729,1.4276969087805202,0,39,5601,-0.5293647094872476,6
0,0,1,1,-0.748079855318371,1,0,2,1,1,1,1,1,1,1,1,3,-1.504314895069307,-0.8857780798478335,0,72,2993,-0.5125818733366817,8
1,0,1,1,1.4508197855632678,1,0,1,2,0,0,2,2,2,2,1,2,1.156222102196656,1.9360278676076281,0,20,4319,-0.496214453922516,6
1,1,1,0,0.9214550572028734,1,2,1,0,0,0,0,0,0,0,1,2,0.3070438351117673,0.7820698256807199,0,54,4958,-0.5101249800671152,3
0,0,0,0,-0.6666391278783103,0,1,0,2,0,0,0,2,0,0,1,2,-0.8595376590048512,-0.7126579025836803,0,39,3300,-0.3992757366696116,3
1,1,0,0,-0.9516816739185228,1,0,1,0,0,0,0,0,2,0,1,2,0.4915033021302069,-0.6887678475407296,0,76,5811,0.2504472797483766,3
1,0,0,0,0.8400143297628127,0,1,0,2,2,0,0,0,2,0,1,0,-0.613591702980265,0.11784688256133734,0,63,6245,-0.5633273355587172,4
1,0,1,0,1.5322605130033284,1,2,1,2,2,2,0,2,0,2,1,1,1.1495749141959914,2.058014944604413,0,53,4120,-0.501197114383338,7
0,1,1,1,-0.748079855318371,1,2,1,0,0,0,0,2,2,0,1,2,1.0315873271841969,-0.41181527038076,0,29,3471,0.07062999123020983,5
0,0,1,0,-0.9109613101984924,1,2,1,2,0,0,0,0,0,0,1,1,0.4449729861255557,-0.6682087235333148,0,26,3403,0.15293839747106336,4
0,0,1,1,-0.13727439951791576,1,2,2,1,1,1,1,1,1,2,0,3,-1.2849576910473786,-0.7002386034246949,0,70,2828,-0.5618835316126509,9
0,0,0,0,-0.0965540357978854,0,1,0,0,0,0,2,0,2,1,1,1,-0.8113455460000336,-0.4820736501700474,0,25,5455,-0.5123969458862841,3
0,0,1,0,1.6137012404433893,1,2,0,2,2,2,2,2,0,2,0,1,0.47987072312904416,1.3774461743503796,0,79,4288,-0.5372405555581763,7
0,0,0,0,-0.9109613101984924,1,0,2,1,1,1,1,1,1,0,1,3,-1.4577845790646555,-0.8968076528131848,0,29,4905,-0.4437888617888177,8
0,0,0,1,-1.2774445836787656,1,0,0,2,0,0,0,0,0,0,0,3,-0.49394231896830415,-0.9837648060720139,0,54,5969,2.1990093318416246,2
0,0,0,0,-0.5037576729981889,1,2,0,0,2,0,2,0,2,0,1,1,0.13754054109482292,-0.4012048211880921,0,29,3265,-0.2854557399723053,5
0,0,0,0,-1.2774445836787656,1,0,2,1,1,1,1,1,1,0,1,3,-1.479387940066815,-0.9968458796089206,0,69,5854,0.4992486715131514,8
0,0,0,0,-0.13727439951791576,1,2,1,0,0,0,0,0,0,0,1,1,0.3735157151184122,-0.028449373251081496,0,46,5324,-0.3711740162660724,3
1,0,0,0,-1.2774445836787656,1,0,1,0,0,0,2,0,0,0,0,2,0.3070438351117673,-0.9731322977334154,0,34,4148,3.5806023137612266,3
1,0,0,0,-1.1960038562387048,1,0,1,2,0,0,2,0,0,0,1,3,0.5829021371393436,-0.9111902159600027,0,56,5755,1.6973936226384494,4
0,0,0,0,-0.5037576729981889,1,0,1,2,0,2,0,2,0,0,1,0,0.8188773111629334,-0.18026041554617594,0,68,2098,-0.17353060213649482,5
1,0,0,1,1.2879383306831464,1,0,1,0,2,0,2,2,2,0,1,1,1.1429277261953275,1.7168481936401683,0,52,4590,-0.48674039592190715,6
0,0,0,0,-1.0738427650786138,0,1,0,2,0,0,0,0,0,0,0,0,-1.1736172920362484,-0.9345508515006168,0,42,4391,-0.1792633530988168,2
1,0,1,0,0.7178532386027215,1,0,2,1,1,1,1,1,1,2,0,2,-1.4943441130683104,-0.5587733005710999,0,61,5914,-0.6171202732378476,8
1,0,0,0,-1.0738427650786138,1,0,0,2,0,0,0,0,2,0,1,0,-0.18650987393757135,-0.8572335450135045,0,72,3613,0.3072015142753643,3
1,0,1,1,-1.0331224013585834,1,0,0,0,0,0,0,0,0,0,0,2,-0.6651074099854147,-0.8585791529152773,0,67,4699,-0.020281884447279904,1
1,0,1,1,1.6137012404433893,1,2,1,0,0,2,0,0,2,2,1,1,0.8654076271675846,1.8671150957201137,0,30,6188,-0.5190214018149064,5
1,0,1,0,-0.9924020376385531,1,0,0,0,2,0,0,0,0,0,1,0,-0.5055748979694671,-0.8321964143821572,0,25,5922,-0.030393820172486766,2
0,0,1,1,1.4100994218432374,1,2,1,2,0,0,2,2,2,2,0,1,1.393859073220412,2.086691834314326,0,43,4780,-0.4817261843335956,7
0,0,1,0,1.6137012404433893,1,2,1,2,2,0,0,0,2,2,1,1,0.9867188081797118,2.0479559740600126,0,43,5274,-0.5132886508525845,6
1,0,1,1,0.025607055362205634,1,0,2,1,1,1,1,1,1,1,1,0,-1.505976692069473,-0.7409597868127717,0,66,3470,-0.5960439829351931,8
1,0,1,0,1.5322605130033284,1,0,0,2,2,0,2,0,2,2,0,3,0.10596639809166647,1.0519634761428647,0,27,5514,-0.5519037003599325,5
0,0,0,0,-0.4223169455581282,1,0,0,0,2,2,0,2,0,1,0,0,0.016229360082695727,-0.3696823016531182,0,52,5146,-0.3363620937557402,4
0,0,0,0,1.0843365120829946,1,2,1,2,2,2,0,0,2,0,1,0,1.1528985081963241,1.475300545698976,0,51,5247,-0.47159270395607944,7
1,0,0,0,0.14776814652229667,1,0,2,1,1,1,1,1,1,1,1,1,-1.4760643460664828,-0.6987826997932686,0,33,3526,-0.5985731377715118,8
0,0,1,1,0.758573602322752,1,0,2,1,1,1,1,1,1,2,0,3,-1.4893587220678117,-0.5519129061866515,0,69,4057,-0.6176455592423137,8
1,0,1,0,0.8400143297628127,1,2,0,2,0,2,2,2,0,1,0,0,0.4200460311230638,0.8277543169032047,0,73,5313,-0.49729453743715635,6
0,0,1,1,-0.5037576729981889,1,0,2,1,1,1,1,1,1,1,0,0,-1.4976677070686424,-0.831247871107137,0,30,4910,-0.5540760707782504,8
1,0,1,0,1.247217966963116,1,0,1,2,0,2,0,2,2,2,0,1,1.1612074931971548,1.7870845142835248,0,39,5135,-0.4830223761872089,6
0,0,0,0,0.3106496014024181,1,0,1,0,2,0,0,0,0,0,0,1,0.33363258711442517,0.3052834455345163,0,52,3258,-0.4524578998294022,3
1,0,0,0,0.10704778280226633,1,0,2,1,1,1,1,1,1,1,1,3,-1.51594747407047,-0.7243051316350914,0,60,4052,-0.6006432978412392,8
1,0,1,1,-0.2594354906780068,1,0,1,0,0,0,0,0,2,1,0,0,0.47156173812821356,-0.10830348152022448,0,40,4237,-0.3263736291160745,3
1,0,0,1,0.8400143297628127,1,0,0,2,2,0,2,0,0,1,0,1,-0.06353689592527814,0.5028451564898878,0,24,6281,-0.5281876954007805,4
1,1,1,0,0.06632741908223598,1,0,1,0,0,0,0,0,0,0,0,1,0.22561578210362715,0.06512552378695839,0,72,3583,-0.4272457804404028,2
0,1,1,0,-0.5444780367182193,1,2,1,0,0,0,0,2,2,0,1,2,1.003336778181373,-0.2291876012204741,0,40,5316,-0.1173086944845797,5
1,0,1,0,0.43281069256250915,1,0,1,2,2,2,0,0,0,0,1,1,0.7091987091519689,0.5611474791847345,0,42,2358,-0.4372743720589063,5
1,0,1,1,-1.0738427650786138,1,0,2,1,1,1,1,1,1,0,0,3,-1.502653098069141,-0.9515584530131883,0,25,3072,-0.3414183088902105,8
1,0,0,1,0.9621754209229036,1,2,2,1,1,1,1,1,1,2,1,3,-1.328164413051698,-0.3774471210207255,0,79,4262,-0.6117484075270238,9
1,0,1,1,0.06632741908223598,1,0,1,0,0,2,0,2,0,0,1,3,0.641065032145158,0.27804040031009875,0,67,3476,-0.38629755928095993,4
0,0,0,0,-0.9109613101984924,0,1,0,0,2,0,2,0,0,0,0,2,-0.9476129000136557,-0.8407774221492005,0,24,4571,-0.2837929940221946,3
1,0,0,0,0.9621754209229036,1,2,1,0,2,0,0,2,2,0,0,2,1.1246479591934997,1.456484094220087,0,58,5601,-0.46330032997636983,6
0,0,1,0,0.9214550572028734,1,2,1,0,2,2,0,2,2,0,1,1,1.2924894562102784,1.4986611812395898,0,46,4768,-0.4494192421982411,7
0,0,1,1,0.14776814652229667,1,2,0,2,2,2,2,2,2,2,1,1,0.9352031011745621,0.48508754401567233,0,77,3570,-0.3737563365193705,8
1,0,1,0,0.5956921474426305,1,0,2,1,1,1,1,1,1,1,0,0,-1.491020519067978,-0.5897664006037369,0,70,5394,-0.6140993382944672,8
0,0,1,1,-0.8295205827584317,1,0,2,1,1,1,1,1,1,0,1,1,-1.4843733310673135,-0.9032489234249499,0,21,2360,-0.4843590993683273,8
1,1,0,0,-0.3408762181180675,1,2,1,0,2,0,0,0,0,0,1,2,0.5230774451333633,-0.08439136733134307,0,40,4422,-0.29244423638351685,4
0,1,0,0,0.10704778280226633,0,1,0,0,0,2,0,2,0,0,1,2,-0.8279635160016948,-0.37285881866713944,0,60,2030,-0.5347166617745361,3
0,0,0,0,1.4100994218432374,1,0,0,2,2,0,2,0,0,1,0,1,-0.14164135493308597,0.7015980613255172,0,48,4363,-0.5596241532922064,4
1,0,0,0,-0.46303730927815856,1,2,1,2,0,2,0,2,2,0,0,3,1.2991366442109427,-0.02855966898073501,0,77,4520,-0.12040959159601765,7
0,0,0,0,-0.7888002190384014,1,0,0,2,2,0,2,0,2,0,0,0,0.10098100709116792,-0.6341935205081717,0,30,4115,-0.10637551943500856,5
1,1,1,0,1.5729808767233588,1,2,2,1,1,1,1,1,1,2,0,0,-1.3265026160515319,-0.16709110542554662,0,53,4367,-0.6220614924088033,9
0,0,0,0,-0.13727439951791576,1,0,2,1,1,1,1,1,1,0,0,1,-1.5093002860698053,-0.7403641898726427,0,49,5227,-0.5876809109430999,8
1,1,1,0,-1.0331224013585834,1,0,1,0,0,0,0,2,2,0,1,2,0.8055829351616043,-0.7386656356359786,0,36,5711,0.6139036907595914,4
0,1,0,0,1.002895784642934,0,1,0,0,2,2,0,2,2,0,1,2,-0.3244390249513595,0.35926217562694546,0,76,4622,-0.552908811140602,5
1,0,1,0,1.3286586944031769,1,2,0,2,0,2,2,0,2,2,0,0,0.37850110611891075,1.1690534227430336,0,46,6177,-0.5293458269083202,6
1,0,0,0,-0.21871512695797646,1,0,2,1,1,1,1,1,1,1,0,3,-1.477726143066649,-0.7432539379895647,0,71,3159,-0.5785085094033847,8
0,1,0,0,1.6137012404433893,1,2,1,2,2,2,2,2,2,2,1,1,1.7478218342557958,2.7161495634469213,0,71,4008,-0.4773215283766464,9
1,0,0,0,-1.2774445836787656,1,0,2,1,1,1,1,1,1,0,1,3,-1.4960059100684764,-0.9970664710682275,0,33,4441,0.4705849167015414,8
1,0,0,0,-0.8702409464784621,1,0,0,0,0,0,0,0,0,0,0,1,-0.6501512369839195,-0.7887178377527426,0,39,5253,-0.22976615919546295,1
1,0,1,1,0.26992923768238775,1,2,2,1,1,1,1,1,1,2,0,3,-1.3148700370503688,-0.5699131692661046,0,65,5453,-0.5894007362317966,9
0,1,0,0,1.0843365120829946,1,2,1,2,2,2,0,0,0,0,1,2,0.830509890164096,1.4193585516187144,0,70,5170,-0.49012859873425385,6
1,0,0,0,-0.2594354906780068,1,0,0,2,0,0,2,2,2,1,0,0,0.3402797751150897,-0.16384841097373337,0,79,4705,-0.34314723378360923,5
1,1,0,0,-1.2367242199587352,1,0,0,0,0,2,0,0,0,0,0,3,-0.4922805219681379,-0.9585291431272903,0,78,5251,1.2473726720961726,2
0,0,1,1,1.6137012404433893,0,1,0,2,2,2,2,2,2,2,0,0,0.03118553308419093,1.0127864329699372,0,52,6187,-0.5584438810352577,7
1,0,1,0,1.3286586944031769,1,2,0,2,2,2,0,0,0,1,0,1,0.07605405208867606,0.8955200132023228,0,52,5224,-0.5451543219862386,5
1,0,1,1,1.6137012404433893,1,2,1,0,2,2,2,2,2,2,0,1,1.5334500212343665,2.489602134738607,0,27,6444,-0.4874520061045853,8
1,0,0,0,-1.0738427650786138,1,2,1,0,0,0,2,0,2,0,1,0,0.7706851981581158,-0.7753279361728063,0,47,2684,0.7789250220321462,5
1,1,0,0,-0.015113308357824713,1,0,2,1,1,1,1,1,1,1,0,1,-1.4943441130683104,-0.746496632441378,0,78,3836,-0.5928403868091897,8
0,0,1,0,0.7178532386027215,1,2,0,0,0,2,0,2,2,1,0,0,0.36354493311741554,0.7043333954209242,0,75,6144,-0.4914493795932202,5
1,0,1,0,1.1657772395230555,0,1,0,2,0,2,2,2,2,2,1,3,-0.08680205392760396,0.6613842382938465,0,59,6427,-0.5467009879350175,6
1,0,1,0,1.6137012404433893,1,2,1,2,2,2,2,2,2,2,0,0,1.6747027662484868,2.677854886111222,0,26,5398,-0.48077688512105965,9
0,0,0,0,-1.2774445836787656,1,0,2,1,1,1,1,1,1,0,0,3,-1.504314895069307,-0.997176766797881,0,33,3107,0.4562530392957364,8
0,0,0,0,-0.8295205827584317,1,2,1,0,0,0,0,0,2,0,1,2,0.7241548821534641,-0.5350817778415254,0,71,2061,0.10170444131828336,4
1,0,1,1,1.1657772395230555,1,0,2,1,1,1,1,1,1,1,0,3,-1.4744025490663168,-0.4646910431766538,0,77,5897,-0.623908198475967,8
1,0,1,1,-0.5851984004382496,1,0,2,1,1,1,1,1,1,1,0,0,-1.4943441130683104,-0.8547629206692658,0,74,4808,-0.5421507993528688,8
1,0,0,1,-0.46303730927815856,1,0,0,0,0,0,0,0,0,0,0,3,-0.6351950639824246,-0.5711925997300854,0,39,5731,-0.4237242334206907,1
1,0,1,1,1.4508197855632678,0,1,0,2,2,2,2,0,2,2,1,3,-0.2779087089467081,0.7362088612907893,0,59,4556,-0.567915382625181,6
1,1,0,0,-0.8295205827584317,1,2,1,0,0,0,0,0,0,0,1,1,0.2837786771094415,-0.6404583179524912,0,38,5159,-0.015155482144434325,3
0,0,1,0,1.2064976032430856,1,2,1,0,0,2,0,2,2,0,1,2,1.2160467942026365,1.713980504669177,0,77,5049,-0.4771844110455189,6
1,0,0,1,-1.2774445836787656,0,1,0,0,2,0,2,0,0,0,0,3,-1.03568814102246,-0.990956087645423,0,27,4369,1.2645709249831385,3
0,0,0,0,-1.2774445836787656,1,0,2,1,1,1,1,1,1,0,0,2,-1.46443176706532,-0.9966473472955443,0,68,3061,0.5250460508436003,8
1,0,0,1,1.2064976032430856,1,2,1,0,0,2,2,2,2,2,1,2,1.3057838322116073,1.9018361914150392,0,33,5900,-0.4722706245063857,7
0,0,1,1,0.14776814652229667,1,0,2,1,1,1,1,1,1,2,0,0,-1.479387940066815,-0.689032557291898,0,57,5272,-0.5988830162019074,8
0,0,1,1,1.4915401492832983,1,2,0,2,2,0,2,2,0,1,0,1,0.29707305311077065,1.1497737291995997,0,78,4268,-0.5409180423790162,6
0,0,1,0,1.247217966963116,1,2,1,0,2,2,2,2,2,0,1,2,1.461992750227223,2.02589682812931,0,20,4582,-0.466809439871892,8
1,0,0,0,-0.38159658183809786,1,0,2,1,1,1,1,1,1,1,0,0,-1.4827115340671475,-0.8268360419209965,0,63,4402,-0.5653709551147301,8
1,0,0,0,-0.9109613101984924,1,0,2,1,1,1,1,1,1,0,0,1,-1.4960059100684764,-0.9139034909094792,0,62,3926,-0.4557755228918546,8
0,0,1,0,1.5729808767233588,1,2,2,1,1,1,1,1,1,2,1,1,-1.289943082047877,-0.2108123326601989,0,23,5072,-0.6203098185036493,9
0,1,0,0,0.5142514200025698,1,2,0,2,0,0,2,0,2,0,1,2,0.17576187209864347,0.3453207953987413,0,43,4223,-0.4870337440480727,5
0,0,1,1,1.5322605130033284,1,2,2,1,1,1,1,1,1,2,0,3,-1.3530913680541898,-0.22720227808671087,0,32,4722,-0.6227960291616047,9
0,0,0,1,-0.4223169455581282,1,2,1,0,0,0,0,0,2,0,1,2,0.6643301901474837,-0.2042607663187803,0,79,4240,-0.23915457743810625,4
0,0,1,1,0.7992939660427822,1,2,2,1,1,1,1,1,1,2,0,3,-1.3863273080575123,-0.4520511525583613,0,34,4922,-0.611769281496102,9
0,0,0,0,1.3286586944031769,0,1,0,2,0,2,2,2,2,2,0,1,-0.15992112193491323,0.724142508466695,0,74,6251,-0.5574884225415374,6
0,0,1,1,1.6137012404433893,1,0,2,1,1,1,1,1,1,2,0,0,-1.502653098069141,-0.360130691465124,0,68,4424,-0.6309278418328359,8
1,0,1,0,-0.9109613101984924,1,0,2,1,1,1,1,1,1,1,0,0,-1.5009913010689746,-0.9221977297794234,0,57,3778,-0.4573390004270333,8
0,0,0,1,-1.0331224013585834,1,0,2,1,1,1,1,1,1,1,0,3,-1.4860351280674797,-0.963073327189015,0,62,3810,-0.37427925637066345,8
1,1,0,0,-1.1145631287986442,1,0,1,0,2,0,0,0,2,0,1,2,0.6909189421501416,-0.8255566114570158,0,48,2850,0.9731560843984367,4
0,0,1,1,-0.3408762181180675,1,2,0,2,0,2,0,2,2,2,0,1,0.4599291591270504,-0.19106939705222017,0,30,2939,-0.30115801784624635,6
0,0,1,1,1.6137012404433893,1,2,1,2,2,2,2,2,2,2,1,1,1.7295420672539685,2.7251938132785094,0,52,6252,-0.4781853675627497,9
1,0,0,0,-0.46303730927815856,0,1,0,2,0,0,2,2,0,0,1,3,-0.7049905379894018,-0.5595233115327438,0,63,5808,-0.43466857616694177,4
1,0,1,0,1.4915401492832983,0,1,0,0,2,2,2,2,2,1,1,1,-0.13167057293208934,0.8751594215082842,0,63,5683,-0.5620473244972887,6
1,0,1,1,0.47353105628253944,1,0,0,0,2,0,2,0,0,0,1,0,-0.32776261895169184,0.11883954412821894,0,21,4412,-0.5217542748763969,3
0,1,1,1,1.1657772395230555,1,2,0,0,0,2,0,2,0,1,1,2,0.014567563082529699,0.7435324977397827,0,30,6238,-0.5410607006978942,4
1,0,1,0,1.6137012404433893,1,2,1,0,2,2,2,2,2,2,1,2,1.4437129832253957,2.453358957974463,0,57,4773,-0.49169267120000154,8
1,0,0,0,1.6137012404433893,1,2,0,2,2,2,2,2,2,2,0,0,0.9052907551715716,1.920476169726483,0,68,4200,-0.5171366617724992,8
1,1,1,0,-0.748079855318371,1,2,1,0,0,0,0,0,0,0,1,2,0.3436033691154218,-0.5587071231333078,0,66,3771,-0.08759393532987747,3
1,0,0,0,-1.0331224013585834,1,2,2,1,1,1,1,1,1,0,1,0,-1.3198554280508674,-0.9383009063088362,0,54,4868,-0.3026198693416384,9
0,0,0,0,0.6364125111626608,1,0,1,0,2,0,0,0,0,1,0,2,0.34526516611558833,0.6586489041984395,0,75,3345,-0.48579003720664615,3
1,0,1,1,0.9214550572028734,1,0,2,1,1,1,1,1,1,1,0,3,-1.504314895069307,-0.5529717451913252,0,64,5067,-0.621708882726597,8
1,0,0,0,-1.2774445836787656,1,0,2,1,1,1,1,1,1,0,0,1,-1.5109620830699715,-0.9972650033816037,0,47,5626,0.44478753737109245,8
1,0,0,0,0.5142514200025698,1,0,1,2,2,2,2,2,2,1,0,1,1.5766567432386855,1.214186435317251,0,74,3091,-0.3819748514124761,8
1,0,0,0,-1.1960038562387048,1,0,1,0,0,0,0,0,0,0,1,3,0.18407085709947407,-0.9085431184483185,0,67,4275,1.3534285648991293,2
0,0,1,0,1.5729808767233588,1,0,2,1,1,1,1,1,1,2,0,3,-1.5009913010689746,-0.38084422949405367,0,20,4890,-0.6304217542288562,8
1,0,1,0,-0.9924020376385531,1,0,2,1,1,1,1,1,1,0,0,3,-1.479387940066815,-0.9359185185483203,0,24,4964,-0.4036596050525637,8
1,0,1,1,1.4915401492832983,1,0,0,2,2,0,2,2,2,2,0,0,0.5280628361338618,1.439498551853446,0,41,4618,-0.529534436896691,6
0,1,1,0,1.6137012404433893,1,2,1,2,2,2,2,2,2,2,1,1,1.6946443302504801,2.7194363761905964,0,50,6205,-0.479834515099856,9
1,0,0,0,1.5729808767233588,1,2,0,2,2,2,2,0,2,2,0,0,0.5264010391336954,1.5125805023218633,0,47,5447,-0.5332834740339556,7
0,0,1,0,0.025607055362205634,0,1,0,2,0,2,2,2,2,2,0,0,-0.1732154979362424,-0.1162227149093467,0,68,5980,-0.4608185043533624,6
0,0,0,0,-0.6666391278783103,1,0,2,1,1,1,1,1,1,1,0,3,-1.5192710680708021,-0.8616674333455756,0,60,4336,-0.5331523326720724,8
0,1,1,0,0.9621754209229036,1,2,1,2,2,2,2,0,0,1,0,2,1.0266019361836989,1.4082628012155713,0,20,6335,-0.46923423009526444,7
0,0,0,0,-1.2774445836787656,1,0,2,1,1,1,1,1,1,0,0,1,-1.4893587220678117,-0.9969782344845048,0,48,2732,0.48205041862618536,8
1,0,1,1,1.002895784642934,1,0,2,1,1,1,1,1,1,1,0,3,-1.5076384890696393,-0.5374200473101799,0,53,4194,-0.6232832712297962,8
1,0,1,1,0.9621754209229036,0,1,0,0,2,2,0,0,0,1,1,1,-0.952598291014154,-0.1359877096632561,0,38,5092,-0.5890185528343084,3
0,0,0,0,-1.2774445836787656,1,0,2,1,1,1,1,1,1,0,0,3,-1.4960059100684764,-0.9970664710682275,0,32,4099,0.4705849167015414,8
0,0,0,1,0.3106496014024181,1,0,0,2,0,0,2,2,0,0,1,1,-0.021991970921125294,0.07968456010122203,0,79,5056,-0.48238006338883893,4
1,0,1,1,0.5549717837226001,1,0,2,1,1,1,1,1,1,2,0,1,-1.4960059100684764,-0.6279066639179215,0,56,2610,-0.6134538955886029,8
1,0,1,1,1.247217966963116,1,0,2,1,1,1,1,1,1,2,0,3,-1.4976677070686424,-0.4428966069971198,0,63,4235,-0.6263411502452589,8
1,0,1,1,1.4508197855632678,1,2,1,2,2,2,0,2,2,2,1,2,1.5101848632320405,2.288753611039561,0,37,4108,-0.47851770095186985,8
1,0,1,1,1.4915401492832983,1,0,1,2,2,0,2,2,2,2,1,1,1.3822264942192488,2.19798022553472,0,58,6315,-0.4874396655447838,7
0,0,1,0,0.9621754209229036,1,2,1,0,2,2,2,0,0,0,0,2,0.8570986421667539,1.2515766876697916,0,63,6161,-0.4794928370804722,6
0,0,1,1,-0.9109613101984924,1,0,0,0,2,2,0,0,2,1,1,3,0.03783272108485552,-0.7145770482796515,0,78,5289,0.025254398764800564,4
1,0,0,0,1.247217966963116,1,2,1,2,2,2,2,2,0,1,0,1,1.3207400052131024,1.9019685462906235,0,43,4908,-0.4744232497437259,8
0,0,1,1,-0.3408762181180675,0,1,0,2,2,2,2,0,2,2,1,3,-0.40752887495966567,-0.47276469058729087,0,47,3303,-0.4208578579395297,6
0,0,0,0,-0.5444780367182193,1,2,0,0,0,2,0,0,0,0,1,3,-0.28787949094770476,-0.549640814155789,0,27,3367,-0.34002606937078944,3
1,0,1,1,-0.4223169455581282,1,2,1,0,0,2,0,2,0,0,1,2,0.7972739501607736,-0.17408385468557924,0,48,5585,-0.2192145740908993,5
0,0,1,0,1.5322605130033284,1,2,2,1,1,1,1,1,1,2,1,0,-1.288281285047711,-0.12034777519838802,0,76,6170,-0.6196470532808925,9
0,0,1,0,0.6771328748826912,1,0,1,0,2,2,0,2,2,0,0,2,1.1512367111961581,1.2111643323247445,0,59,4725,-0.4336992200951309,6
1,0,1,1,0.3920903288424788,1,0,0,0,0,2,2,2,2,1,0,2,0.2787932861089434,0.35670331469898386,0,58,2531,-0.46658654584828424,5
1,0,0,0,1.002895784642934,1,0,0,0,2,0,2,0,0,1,1,3,-0.33607160395252245,0.3771962612686064,0,58,4223,-0.5536006948774339,3
0,0,1,0,1.6137012404433893,1,2,1,2,2,2,2,2,2,2,1,1,1.6879971422498155,2.6615090589765713,0,38,5076,-0.48014863844025724,9
0,1,0,0,0.5549717837226001,1,2,1,0,2,2,0,2,2,0,1,2,1.3190782082129364,1.1400677049900907,0,76,4103,-0.40683091409555033,7
0,0,1,0,1.6137012404433893,1,2,0,2,2,2,2,2,2,2,1,0,0.8770402061687477,1.922748261757345,0,33,4311,-0.5184716859692042,8
1,0,1,1,0.10704778280226633,1,0,1,0,2,0,2,2,0,1,1,2,0.82884809316393,0.39082881345378057,0,44,2775,-0.37595130873467403,5
0,0,1,0,1.6137012404433893,1,2,0,2,2,2,2,2,2,2,1,2,0.9185851311729007,1.9881315702959477,0,59,5527,-0.5165084150916968,8
0,0,1,1,-0.1779947632379461,1,0,2,1,1,1,1,1,1,1,0,3,-1.491020519067978,-0.7662175089034261,0,41,2987,-0.5829563334258759,8
1,0,0,0,0.5142514200025698,1,0,2,1,1,1,1,1,1,1,0,0,-1.5259182560714666,-0.6231418883968898,0,78,2653,-0.6146497654701973,8
0,0,0,0,-1.2774445836787656,1,2,2,1,1,1,1,1,1,0,1,3,-1.2965902700485417,-0.9944193735565432,0,67,2569,0.8145499744408614,9
0,0,0,0,-1.0738427650786138,1,0,2,1,1,1,1,1,1,0,1,3,-1.4561227820644893,-0.9574703041226166,0,77,5554,-0.31848730504092254,8
0,0,1,0,0.6364125111626608,1,0,1,0,2,2,0,2,2,1,1,2,1.07313225218835,1.0646695441989493,0,66,5893,-0.43454626329854346,6
1,0,1,1,-0.30015585439803716,1,2,2,1,1,1,1,1,1,0,1,0,-1.3082228490497045,-0.764518954666762,0,26,5250,-0.5496242641701469,9
1,0,1,1,1.2879383306831464,1,0,2,1,1,1,1,1,1,2,1,0,-1.4976677070686424,-0.44369073625062505,0,79,5431,-0.6268841079085172,8
1,0,0,0,0.7178532386027215,0,1,0,2,2,0,0,0,0,0,1,3,-0.9891578250178088,-0.21941539957317285,0,45,5629,-0.5829485812271439,3
0,0,1,1,0.7992939660427822,1,2,1,0,0,2,0,2,2,1,0,0,1.2127232002023045,1.332974936154084,0,25,5954,-0.44259904555135465,6
1,1,1,0,-1.1552834925186746,1,0,1,0,0,0,0,0,0,0,1,2,0.18074726309914202,-0.8820942024774062,0,53,4444,0.9481230718629642,2
0,1,0,0,-0.015113308357824713,1,0,1,0,0,0,0,2,2,0,0,2,0.8703930181680831,0.2727462052867301,0,52,5936,-0.34563721652481977,4
1,0,1,1,0.5142514200025698,1,2,0,2,2,0,2,2,0,2,0,1,0.3020584441112687,0.4814477849371064,0,76,5264,-0.47756224245814954,6
1,0,1,0,-0.9516816739185228,1,2,1,2,0,0,0,0,2,0,1,2,0.7740087921584478,-0.6522599610254171,0,30,2715,0.34790404610785053,5
0,0,0,0,0.880734693482843,1,0,2,1,1,1,1,1,1,2,0,3,-1.4843733310673135,-0.5295449322129191,0,57,5755,-0.6197322004142638,8
0,0,1,1,1.2879383306831464,1,2,1,2,2,0,2,2,2,2,0,0,1.5135084572323727,2.0813094027072347,0,45,5574,-0.46707265031271017,8
0,0,0,0,-0.8295205827584317,1,0,1,2,0,0,0,2,0,1,1,1,0.677624566148813,-0.5738396972417698,0,52,2452,0.08935697770712844,4
1,1,1,0,1.4100994218432374,1,0,0,2,2,0,2,0,0,1,1,0,-0.12668518193159078,0.811629081227861,0,41,5792,-0.5588654068413108,4
0,0,0,0,0.5142514200025698,1,2,0,2,0,0,2,0,2,2,0,3,0.2920876621102721,0.4717858790194587,0,56,2280,-0.4783099925836698,5
1,0,0,0,-0.9109613101984924,1,0,0,0,0,0,0,0,0,0,0,3,-0.6235624849812617,-0.7886737194608813,0,38,3903,-0.18216695423557733,1
0,1,0,0,-0.13727439951791576,1,2,0,2,2,0,0,0,0,0,1,0,-0.20645143793956489,-0.2474084557592343,0,30,2044,-0.4378650191277516,4
0,0,0,0,-0.3408762181180675,1,2,2,1,1,1,1,1,1,1,0,0,-1.3348116010523623,-0.7387538722197015,0,62,4147,-0.5488128594185567,9
1,0,1,1,1.369379058123207,1,0,2,1,1,1,1,1,1,2,1,3,-1.4960059100684764,-0.41260939963426524,0,58,4485,-0.6278358367135136,8
1,0,0,0,0.758573602322752,1,0,1,2,0,0,0,2,0,1,0,3,0.7175076941527995,0.8768138574530868,0,74,5311,-0.47123991928147496,4
0,0,1,0,0.5142514200025698,1,2,2,1,1,1,1,1,1,2,0,3,-1.304899255049372,-0.5111917227985746,0,47,3146,-0.5980746376878314,9
0,0,1,0,0.6771328748826912,1,0,2,1,1,1,1,1,1,1,0,1,-1.5209328650709681,-0.6004650863801275,0,39,4066,-0.6180644910434065,8
0,0,1,0,-0.13727439951791576,1,0,2,1,1,1,1,1,1,2,1,3,-1.502653098069141,-0.7755705867780439,0,77,5758,-0.5869165441481237,8
1,0,1,1,0.3106496014024181,1,2,1,2,2,0,2,2,2,0,1,1,1.506861269231708,0.9659107478671946,0,39,2283,-0.35374272472210144,8
1,0,0,0,-0.30015585439803716,1,0,1,0,0,0,0,0,0,0,0,2,0.1657910900976468,-0.24282015340564828,0,26,3080,-0.3540492601863156,2
0,0,0,0,-0.4223169455581282,0,1,0,0,0,2,0,2,2,0,1,2,-0.47067716096597834,-0.5322582071623956,0,62,2854,-0.40939235601488566,4
1,0,0,0,1.6137012404433893,0,1,0,2,2,2,2,2,2,2,1,0,0.0278619390838584,1.0088819641402027,0,75,4369,-0.5586009427054583,7
1,0,1,1,0.025607055362205634,1,0,0,0,2,2,2,2,2,2,0,1,0.576254949138679,0.14266342173337762,0,32,2281,-0.3847752489413854,6
0,0,0,0,-0.38159658183809786,1,0,1,0,2,0,2,0,0,0,1,3,0.47654712912871167,-0.21881980263304393,0,75,3619,-0.2837495640906619,4
1,0,0,0,1.4915401492832983,1,2,0,2,2,2,2,2,2,2,0,3,0.8604222361670865,1.7834226960590285,0,55,6487,-0.5131551484329139,8
0,0,0,1,-1.1960038562387048,1,0,2,1,1,1,1,1,1,1,1,1,-1.4694171580658184,-0.9804559341824085,0,69,2774,-0.07259323697846813,8
1,0,0,0,0.9621754209229036,1,0,0,0,2,0,2,2,2,1,1,0,0.3652067301175816,0.8845345585288327,0,56,6487,-0.5092629122532321,5
1,0,0,0,1.3286586944031769,1,2,1,2,0,2,2,2,2,1,1,1,1.503537675231376,2.1436706082533306,0,78,6351,-0.470541699612987,8
1,0,1,0,1.5729808767233588,1,0,2,1,1,1,1,1,1,1,0,2,-1.4594463760648215,-0.32646843477487203,0,67,4837,-0.628431215700272,8
0,1,0,0,-0.748079855318371,1,2,1,0,0,2,0,0,0,0,1,0,0.5180920541328647,-0.5389641875253292,0,39,3276,-0.04746467859362341,4
0,0,0,0,-1.2367242199587352,1,0,1,0,0,0,0,0,0,0,1,2,0.179085466098976,-0.9511613883864356,0,75,4840,2.0193831350222022,2
1,0,0,0,0.3106496014024181,1,0,0,2,0,2,0,0,2,0,0,2,0.08934842809000525,0.19909071702411463,0,55,4714,-0.4730119093772396,4
1,0,0,0,-1.2774445836787656,1,0,2,1,1,1,1,1,1,0,0,1,-1.462769970065154,-0.9966252881496135,0,76,2791,0.5279124263247614,8
0,0,0,0,-1.0331224013585834,1,0,1,0,0,0,0,0,0,0,1,3,0.17077648109814536,-0.7863795682840882,0,80,4562,0.34016483230871597,2
0,0,1,0,-0.7073594915983407,1,2,0,0,0,0,0,0,0,0,1,2,-0.45405919096431707,-0.6920326011384735,0,33,4858,-0.29545393063873593,2
1,0,0,0,1.5729808767233588,1,2,2,1,1,1,1,1,1,2,0,0,-1.303237458049206,-0.16837053588952738,0,27,6305,-0.6209467908327961,9
0,0,1,1,0.880734693482843,1,2,0,2,0,0,2,0,0,2,0,0,-0.1582593249347472,0.4386309826856128,0,52,4798,-0.5365551955427555,4
1,0,1,0,-0.055833672077855064,1,2,1,2,2,0,2,0,0,0,1,1,0.8570986421667539,0.286775822098657,0,48,5722,-0.33719552358314303,6
0,0,0,0,-0.8702409464784621,1,0,1,2,0,0,0,0,0,0,0,2,0.3868100911197414,-0.6357597198692515,0,41,4033,0.06833689084528108,3
0,1,0,0,-0.5851984004382496,1,0,1,0,0,2,0,0,2,0,1,2,0.6709773781481484,-0.3688661132536822,0,74,3878,-0.14900477283152322,4
0,1,0,0,1.6137012404433893,1,2,1,2,2,0,2,2,2,2,1,0,1.506861269231708,2.4119318819166033,0,57,5232,-0.48870849946619016,8
0,1,0,0,1.5729808767233588,1,2,1,0,2,0,0,2,2,0,1,1,1.1595456961969886,2.0609488110131964,0,77,4241,-0.502947666858335,6
1,1,0,0,-1.1145631287986442,0,1,0,0,0,2,2,2,0,0,0,1,-0.6435040489832552,-0.9110358019384879,0,68,2599,0.205922913941009,4
1,0,1,0,0.22920887396235737,1,2,0,0,0,2,2,0,2,1,0,1,0.14086413509515497,0.1719359083834198,0,23,4487,-0.458782210459506,5
1,0,0,1,-1.1145631287986442,1,0,0,0,0,0,2,0,0,0,1,0,-0.5354872439724572,-0.9020136112528305,0,68,3307,0.2680277160328306,2
0,1,0,0,0.7992939660427822,1,2,0,2,0,2,0,0,0,2,0,0,-0.16324471593524553,0.3633210584781946,0,71,5085,-0.5321597586985738,4
0,0,0,0,1.4508197855632678,1,2,0,0,2,2,0,2,2,2,1,2,0.5280628361338618,1.3458133590857524,0,70,5914,-0.5276199591943669,6
1,0,1,1,1.4915401492832983,1,0,2,1,1,1,1,1,1,1,1,1,-1.4694171580658184,-0.386756080603482,0,32,5366,-0.6279739605639916,8
0,0,1,0,0.3920903288424788,1,2,0,2,2,0,2,0,0,0,1,1,0.05445069108651675,0.19767893168454975,0,38,3773,-0.48458471747417886,5
0,0,0,0,0.7178532386027215,1,0,1,0,2,0,2,2,2,2,1,3,1.1778254631988159,1.2170982425801034,0,53,5419,-0.43637000760228334,6
1,0,1,0,0.025607055362205634,1,0,0,0,0,0,0,0,0,0,1,1,-0.6717545979860794,-0.36050569694594603,0,28,2422,-0.511401601079733,1
0,0,0,0,-1.0331224013585834,1,0,2,1,1,1,1,1,1,0,0,3,-1.4760643460664828,-0.9393376861675792,0,52,3098,-0.36997969314892193,8
1,0,1,1,1.2879383306831464,1,2,1,2,2,2,0,0,0,0,1,2,0.898643567170907,1.623890952688188,0,37,5371,-0.49970523271362,6
1,0,0,0,1.0843365120829946,1,0,2,1,1,1,1,1,1,2,1,0,-1.481049737066981,-0.4797574398473236,0,65,5216,-0.6230328752107522,8
0,0,1,0,-1.0738427650786138,1,2,0,0,0,0,0,0,0,0,0,2,-0.47898614596680894,-0.8670057466608058,0,74,3442,0.16306377579412554,2
0,0,0,0,-1.1960038562387048,1,0,2,1,1,1,1,1,1,0,0,3,-1.5275800530716328,-0.9810735902684682,0,67,3010,-0.12275480789878564,8
0,0,1,0,-0.7073594915983407,1,0,2,1,1,1,1,1,1,0,0,1,-1.4727407520661506,-0.8598365242333275,0,78,5184,-0.5150899518826976,8
1,0,1,1,-0.7888002190384014,1,0,0,0,0,0,0,2,2,1,1,2,-0.00038860991896550476,-0.6187080000648186,0,73,4741,-0.13135393434226866,3
0,0,0,0,-0.38159658183809786,1,2,1,0,2,0,0,2,2,0,1,1,1.1279715531938321,-0.013515331455995956,0,71,5781,-0.19011463170606918,6
1,1,1,0,-0.055833672077855064,1,2,1,2,0,0,0,2,0,0,0,2,0.8205391081630994,0.23290738773588157,0,68,5597,-0.34113678986973933,5
1,0,0,0,-0.13727439951791576,1,0,0,2,2,0,2,0,0,1,1,2,-0.19980424993890028,-0.25744536715770394,0,80,5198,-0.4371006523327754,4
0,0,1,0,0.6771328748826912,1,0,2,1,1,1,1,1,1,1,0,1,-1.46443176706532,-0.5504570025552251,0,50,4074,-0.6141662203890276,8
0,0,1,0,0.9621754209229036,1,2,1,0,0,0,0,2,0,0,1,0,0.6925807391503077,1.1572517796701078,0,20,6483,-0.48944972033082096,4
0,0,0,0,1.247217966963116,1,2,0,2,2,2,2,0,2,2,1,1,0.5164302571326987,1.198083258787838,0,74,5554,-0.5177771788962859,7
1,0,1,0,1.247217966963116,1,2,0,0,0,2,2,2,2,2,0,1,0.4998122871310375,1.2151570377382017,0,52,4073,-0.5186729212341488,6
1,1,1,1,-0.3408762181180675,1,2,1,2,0,0,0,0,0,0,1,2,0.5014740841312035,-0.18617226665560424,0,36,3412,-0.29542526688392434,4
1,1,1,0,0.14776814652229667,1,0,0,0,0,2,2,0,0,1,0,1,-0.3543513709543497,-0.12656845435084618,0,48,4017,-0.4939891675129347,3
0,0,1,0,-0.46303730927815856,1,0,0,2,0,2,2,2,2,1,0,3,0.5363718211346925,-0.24917318743369052,0,36,5733,-0.24001562303719018,6
1,0,1,1,-0.7888002190384014,1,2,2,1,1,1,1,1,1,1,0,0,-1.3381351950526947,-0.8541893828750676,0,59,5077,-0.4609871146757837,9
1,0,1,1,-1.2774445836787656,1,0,2,1,1,1,1,1,1,0,1,0,-1.4827115340671475,-0.9968899979007819,0,40,3960,0.4935159205508293,8
0,0,1,1,-0.30015585439803716,1,0,2,1,1,1,1,1,1,1,0,3,-1.4860351280674797,-0.7763205977396879,0,60,2010,-0.5732167392843182,8
1,0,1,1,1.5729808767233588,1,0,2,1,1,1,1,1,1,2,1,0,-1.5009913010689746,-0.3936605932797918,0,56,6444,-0.6304217542288562,8
1,0,0,0,1.369379058123207,1,2,1,2,2,2,2,2,2,1,1,0,1.6464522172456624,2.2517824824597032,0,52,5303,-0.46603535806051494,9
0,0,0,0,0.5142514200025698,1,0,1,2,2,0,0,2,2,1,1,2,1.1811490571991479,0.972462314208613,0,64,4868,-0.4116356063914465,6
0,0,1,0,-0.4223169455581282,1,0,1,0,0,0,0,2,0,0,1,1,0.5064594751317021,-0.25292324224190993,0,80,2640,-0.26283333141291454,3
0,0,1,0,1.4100994218432374,1,0,2,1,1,1,1,1,1,1,1,0,-1.4594463760648215,-0.42015362754256547,0,71,5972,-0.6264781461322262,8
0,0,1,0,1.4508197855632678,1,2,1,0,0,2,0,2,0,2,1,0,0.8371570781647607,1.629979276965062,0,64,5672,-0.5121664566002815,5
0,0,1,1,-1.318164947398796,1,0,2,1,1,1,1,1,1,2,0,3,-1.4876969250676457,-1.005779833710855,0,27,3763,1.6314669865717466,8
0,1,0,0,-1.1552834925186746,1,2,0,0,0,0,0,0,0,0,0,3,-0.532163649972125,-0.9264330857981182,0,25,3048,0.4562530392957364,2
1,0,1,0,1.247217966963116,1,2,0,2,2,2,2,0,2,1,0,1,0.5064594751317021,1.217870312687678,0,56,5540,-0.5183146242990037,7
1,0,0,0,-0.46303730927815856,1,0,2,1,1,1,1,1,1,1,1,3,-1.4760643460664828,-0.8192918140126962,0,40,3721,-0.5555775055540967,8
1,0,0,1,-1.2774445836787656,1,0,2,1,1,1,1,1,1,0,1,3,-1.479387940066815,-0.9968458796089206,0,48,2448,0.4992486715131514,8
0,0,0,0,-0.62591876415828,1,0,2,1,1,1,1,1,1,2,0,3,-1.5076384890696393,-0.8478142897010945,0,44,3561,-0.5380607665025573,8
1,0,0,0,-0.0965540357978854,1,2,1,2,0,0,0,2,2,0,1,0,1.1844726511994805,0.2896435110696483,0,37,3778,-0.2902990779589061,6
1,0,1,1,-0.4223169455581282,1,0,0,2,2,0,2,0,0,0,1,3,-0.22639300194155818,-0.44468339781750665,0,41,5036,-0.37275259986439285,4
0,0,0,0,-0.9516816739185228,1,0,0,0,0,0,2,2,0,0,1,0,-0.17487729493640844,-0.771930827699478,0,53,4011,0.020563966159264372,3
1,0,1,1,-1.2774445836787656,1,0,2,1,1,1,1,1,1,0,0,3,-1.5142856770703037,-0.9973091216734653,0,46,3007,0.4390547864087703,8
1,0,0,0,-0.5444780367182193,1,2,0,0,0,2,2,0,0,0,0,2,-0.1732154979362424,-0.5008018650652138,0,39,3949,-0.3202480785507786,4
0,0,1,0,1.6137012404433893,1,2,1,2,2,2,2,2,0,2,1,0,1.302460238211275,2.3281953639636566,0,56,5096,-0.49836779218352717,8
1,0,1,1,1.5322605130033284,1,2,0,2,0,2,0,2,0,2,0,1,0.13920233809498894,1.137795612959228,0,60,4858,-0.5502888409339264,5
0,0,0,0,1.369379058123207,1,2,1,2,2,2,2,0,2,0,1,0,1.2742096892084507,1.9038215145488024,0,46,6183,-0.48520157023305427,8
0,0,1,1,-1.0331224013585834,0,1,0,0,0,0,0,0,0,0,1,2,-1.33148800705203,-0.9400215196914309,0,52,3872,-0.30763602643367016,1
0,1,1,1,0.5549717837226001,1,2,1,2,2,0,2,2,2,0,1,2,1.5101848632320405,1.1878257559300616,0,55,4162,-0.39280397025157093,8
0,0,1,1,-0.015113308357824713,1,2,0,0,2,2,0,0,0,0,0,0,-0.07683127192660708,-0.10331811453988575,0,74,5442,-0.4446574604194725,4
1,0,0,0,-0.3408762181180675,1,0,1,0,2,2,0,0,2,0,1,2,0.8238627021634315,-0.04084661326413625,0,41,2007,-0.2509391194163056,5
0,0,0,0,0.18848851024232702,1,2,0,2,2,2,2,2,0,0,1,1,0.46989994112804756,0.30759965585724003,0,64,3801,-0.42357337155326114,7
1,0,0,1,-0.9924020376385531,1,0,2,1,1,1,1,1,1,0,0,3,-1.4760643460664828,-0.9269404461545244,0,42,4577,-0.40238566039426993,8
0,0,1,1,1.6137012404433893,1,2,0,2,0,2,0,2,0,2,1,0,0.2222921881032951,1.2115393378055666,0,30,5656,-0.5494128349987231,5
1,1,1,0,1.5729808767233588,0,1,0,2,2,2,2,0,0,2,0,1,-0.6119299059800988,0.4736829655694992,0,28,5421,-0.587824229717158,5
0,0,1,0,-0.6666391278783103,1,0,1,0,2,0,0,2,2,0,1,0,0.9933659961803764,-0.36114541217793633,0,36,3050,-0.023274717670256757,5
0,0,1,0,1.002895784642934,0,1,0,2,0,2,2,0,2,0,1,0,-0.49394231896830415,0.22176751904087683,0,68,5866,-0.562990545591582,5
1,0,0,0,1.369379058123207,1,2,2,1,1,1,1,1,1,1,0,0,-1.3065610520495383,-0.2561438775477925,0,48,4163,-0.6180816037328463,9
0,0,0,1,-0.46303730927815856,1,0,2,1,1,1,1,1,1,0,0,3,-1.462769970065154,-0.8062769179135817,0,39,2143,-0.5534928688405251,8
1,0,1,0,1.369379058123207,1,2,0,2,2,2,0,0,0,2,1,1,0.04447990908551963,0.9479766622255331,0,73,5933,-0.5485185211601928,5
0,0,1,0,-0.62591876415828,1,2,0,0,2,0,0,2,2,0,1,0,0.35357415111641893,-0.4222933646978437,0,64,4852,-0.18135626218029943,5
0,0,1,1,-0.9924020376385531,1,0,2,1,1,1,1,1,1,0,0,1,-1.4527991880641573,-0.9441245208345416,0,78,2158,-0.39346804778621347,8
1,0,0,0,-0.21871512695797646,1,0,0,2,0,2,2,2,0,1,0,1,0.15249671409631763,-0.1554879946659971,0,60,2450,-0.3776574846163175,5
1,0,1,0,0.06632741908223598,1,2,1,0,2,0,0,0,2,0,0,3,0.8005975441611056,0.31787921786094747,0,70,4014,-0.3705734423557339,5
1,0,0,0,-0.0965540357978854,1,0,1,0,2,0,0,2,2,1,1,0,1.071470455188184,0.3271661182977733,0,23,4126,-0.302874144585935,5
1,0,0,0,0.025607055362205634,1,0,0,0,2,2,0,2,0,0,1,1,0.05445069108651675,-0.015147708254867859,0,69,3843,-0.4377188901816532,4
1,0,1,1,-0.748079855318371,1,2,0,2,2,0,0,0,2,0,0,3,0.14751132309581955,-0.589016389642093,0,24,2871,-0.13269157623347713,5
0,0,0,1,-0.6666391278783103,1,2,1,0,0,0,2,0,0,1,1,1,0.4898415051300408,-0.44803638799897344,0,64,5040,-0.12545257305752539,4
0,0,0,0,0.6771328748826912,1,0,1,0,0,2,2,2,2,2,0,1,1.1927816362003112,1.1638474643033878,0,52,5499,-0.43083284461397,6
0,0,1,1,1.5322605130033284,1,2,0,2,2,2,2,2,0,2,0,0,0.4964886931307054,1.5280660227652165,0,41,4848,-0.5329291021043598,7
0,0,1,1,-0.015113308357824713,1,0,0,2,2,0,2,0,0,0,0,0,-0.11172900893009581,-0.18312810451716727,0,51,2649,-0.4483055746682229,4
0,0,0,0,-0.5851984004382496,1,0,1,0,0,0,0,0,0,0,1,2,0.16745288709781284,-0.4668087211860012,0,68,2421,-0.2404270644938162,2
1,0,0,0,0.18848851024232702,0,1,0,2,2,0,2,0,0,2,1,3,-0.8046983579993692,-0.39216057135650406,0,24,4050,-0.5392844238717079,4
0,0,0,0,-1.1552834925186746,1,2,1,0,0,0,0,0,0,0,1,2,0.36188313611724954,-0.8723881782678972,0,31,5396,1.0730970428415838,3
0,0,1,0,-0.6666391278783103,1,2,1,2,2,2,0,0,0,0,0,2,0.8620840331672525,-0.3991974389083981,0,73,4839,-0.04991514861281194,6
1,0,1,0,-0.62591876415828,1,2,1,0,2,0,0,0,0,0,1,0,0.5230774451333633,-0.41596238981573197,0,76,3591,-0.1488706733938081,4
0,0,0,1,-0.5444780367182193,1,0,0,2,2,2,0,0,0,0,1,2,-0.1383177609327537,-0.43321264193354136,0,33,2463,-0.31422869004034043,4
1,0,1,0,1.125056875803025,1,2,1,0,0,2,0,2,2,2,0,1,1.2093996062019723,1.6710534066880298,0,35,5301,-0.47151282136070277,6
1,0,1,1,0.758573602322752,1,2,2,1,1,1,1,1,1,2,1,3,-1.3231790220511994,-0.4665440114348328,0,37,5461,-0.6066210381609253,9
1,0,1,1,-0.1779947632379461,1,0,2,1,1,1,1,1,1,2,1,1,-1.477726143066649,-0.7905046285731294,0,73,2948,-0.5813748848845457,8
1,0,0,0,0.43281069256250915,1,0,0,0,2,0,0,0,2,2,1,2,-0.1582593249347472,0.11859689352298133,0,73,4614,-0.505285644839181,3
1,0,1,0,0.3920903288424788,1,0,2,1,1,1,1,1,1,2,0,2,-1.479387940066815,-0.6371715052088165,0,61,5940,-0.6076388834793697,8
0,0,0,0,-1.2774445836787656,1,0,0,0,0,0,0,0,0,0,0,3,-0.6651074099854147,-0.9860368981028763,0,30,4118,1.9037726572820415,1
0,0,0,0,1.247217966963116,1,2,1,2,2,2,0,2,0,2,0,1,1.1047063951915064,1.7376940865446822,0,75,5989,-0.4860679001359424,7
1,0,1,0,1.4508197855632678,1,2,1,2,2,0,2,2,2,0,1,2,1.4270950132237343,2.224076195170741,0,53,5015,-0.4826718683158712,8
0,0,0,0,1.125056875803025,1,2,1,0,2,2,0,2,2,2,0,2,1.327387193213767,1.788584536206813,0,75,6186,-0.46484027515865584,7
1,1,0,0,0.5142514200025698,1,2,1,0,0,0,0,2,2,0,1,0,0.9684390411778845,0.847298720197807,0,58,3960,-0.427587609069212,5
0,0,1,0,1.5322605130033284,1,0,0,2,2,2,2,2,2,2,0,1,0.720831288153132,1.6193467686264633,0,54,5950,-0.5220288009788179,7
1,0,0,0,-1.1552834925186746,1,0,2,1,1,1,1,1,1,0,0,3,-1.5076384890696393,-0.9645733491123027,0,54,4402,-0.21677192368086648,8
0,0,1,0,1.4508197855632678,1,2,2,1,1,1,1,1,1,2,1,1,-1.3231790220511994,-0.2933135384410262,0,72,6146,-0.6201748080643192,9
1,0,1,1,-0.4223169455581282,1,0,1,2,0,0,0,0,0,0,0,0,0.3402797751150897,-0.3113799789582715,0,48,4040,-0.28775833559692326,3
1,0,1,0,-0.5851984004382496,1,0,1,0,0,2,2,0,0,0,0,2,0.44663478312572175,-0.3577924219964696,0,79,2831,-0.18973747703749536,4
1,0,0,0,-0.13727439951791576,1,0,1,0,0,0,2,2,2,0,1,2,0.9784098231788811,0.14464874486714085,0,60,4561,-0.30161663792323207,5
1,0,0,0,-0.055833672077855064,0,1,0,0,0,2,0,2,2,1,1,2,-0.4889569279678058,-0.33368177549421174,0,35,4529,-0.4823057823169186,4
0,0,1,0,0.6364125111626608,1,2,0,0,0,2,2,0,2,1,1,3,0.15914390209698223,0.509948201479574,0,75,2478,-0.4988934679776679,5
1,0,0,0,0.7178532386027215,1,0,1,2,2,2,2,0,0,1,1,1,0.8421424691652587,1.0013597953778333,0,25,6435,-0.459076197688343,6
1,0,0,0,-1.0331224013585834,1,0,0,0,0,0,0,0,0,0,1,0,-0.6684310039857471,-0.863498342457824,0,65,4300,-0.021715072187860424,1
1,0,1,1,1.4508197855632678,1,0,1,2,0,2,0,0,0,2,0,1,0.5180920541328647,1.3656445312774539,0,33,5954,-0.5281184592780471,4
0,1,1,0,-0.2594354906780068,1,2,1,0,0,2,0,2,2,0,1,0,1.1080299891918384,0.1018981200534394,0,38,3114,-0.24505349509498833,6
1,0,0,0,1.002895784642934,0,1,0,0,0,2,2,2,2,2,0,1,-0.3792783259568415,0.3574974439524892,0,42,5461,-0.5561705487570956,5
0,0,0,0,-1.1960038562387048,1,0,2,1,1,1,1,1,1,0,0,2,-1.502653098069141,-0.9788456165294672,0,46,3889,-0.10125699179007815,8
1,0,1,1,-0.5444780367182193,1,0,0,2,0,0,0,0,0,1,1,0,-0.5255164619714603,-0.5841854366832692,0,35,2394,-0.38101523875139176,2
0,0,0,0,-1.1960038562387048,1,0,0,0,0,0,0,2,0,0,1,2,-0.3510277769540174,-0.9438377519374425,0,68,3167,0.8919421124322086,2
0,0,0,0,1.0843365120829946,1,2,2,1,1,1,1,1,1,2,0,2,-1.3397969920528607,-0.3470496179282175,0,26,6196,-0.6149114780141295,9
1,0,1,0,0.3920903288424788,0,1,0,2,0,0,0,2,0,0,1,0,-0.8179927340006982,-0.2883943488984796,0,68,4348,-0.5545776071304359,3
1,0,1,0,1.4100994218432374,1,2,2,1,1,1,1,1,1,2,0,1,-1.3015756610490399,-0.21831244227663774,0,38,4879,-0.6184691558172174,9
1,0,0,0,-1.2774445836787656,1,0,1,0,0,0,0,0,0,0,1,2,0.1857326540996401,-0.9747426153863566,0,32,2722,3.3713569036364732,2
1,0,1,0,1.369379058123207,1,2,0,2,2,2,2,2,2,2,0,0,0.895319973170575,1.6748034614962493,0,39,5453,-0.5047100361943888,8
0,0,0,0,1.1657772395230555,1,2,1,0,0,2,0,0,2,0,0,3,0.8122301231622688,1.4209909284175868,0,23,5536,-0.4966781126024981,5
1,0,1,1,-1.1552834925186746,1,2,2,1,1,1,1,1,1,1,0,1,-1.3514295710540236,-0.9735293623601681,0,21,4463,-0.10899620558921283,9
0,0,1,1,1.2879383306831464,1,2,0,0,2,0,0,0,0,1,1,0,-0.3626603559551803,0.4941759121391217,0,36,4954,-0.5666461247198107,3
0,1,1,0,0.880734693482843,1,2,1,2,2,2,2,2,2,1,1,0,1.6896589392499817,1.8314895750420292,0,45,4337,-0.42064939426817255,9
1,0,0,0,-1.2774445836787656,1,0,2,1,1,1,1,1,1,0,1,1,-1.4960059100684764,-0.9970664710682275,0,33,5809,0.4705849167015414,8
1,0,1,1,0.880734693482843,1,2,2,1,1,1,1,1,1,2,1,0,-1.3530913680541898,-0.46272777918882124,0,41,4039,-0.6114978853956559,9
0,0,0,1,-0.5851984004382496,1,2,2,1,1,1,1,1,1,2,0,1,-1.3115464430500368,-0.8051960197629773,0,78,3416,-0.508961188518373,9
1,0,0,0,-1.1960038562387048,1,0,1,0,2,0,0,0,2,0,0,2,0.6493740171459885,-0.9020797886906227,0,43,5828,1.7547211322616694,4
0,0,1,1,1.6137012404433893,1,2,0,2,2,2,2,2,2,2,0,1,0.830509890164096,1.904218579175555,0,60,5096,-0.5206705493520127,8
1,1,1,0,1.125056875803025,1,0,1,0,2,2,0,2,2,1,1,2,1.1030445981913404,1.5826403497977743,0,29,6150,-0.4775275108949423,6
0,0,1,1,-0.8702409464784621,1,0,2,1,1,1,1,1,1,1,1,3,-1.4876969250676457,-0.9191535676409864,0,72,5837,-0.470541699612987,8
1,0,1,1,1.1657772395230555,1,0,1,0,2,2,2,2,2,1,0,1,1.300798441211109,1.8394749858689432,0,28,4079,-0.46949377739406795,7
0,0,0,0,0.26992923768238775,1,0,2,1,1,1,1,1,1,2,0,1,-1.46443176706532,-0.6693999174135729,0,45,3733,-0.602299425897021,8
1,0,0,0,0.18848851024232702,1,0,2,1,1,1,1,1,1,1,0,1,-1.4827115340671475,-0.6591203554098655,0,65,4422,-0.6008360657829546,8
0,0,1,0,1.6137012404433893,1,2,2,1,1,1,1,1,1,2,1,3,-1.288281285047711,-0.22223897025230283,0,20,5374,-0.620797364104897,9
1,1,1,0,1.6137012404433893,1,2,0,0,2,2,2,2,0,2,0,1,0.4183842341228973,1.3749534908602106,0,29,6202,-0.5401461964568876,6
0,0,0,0,-0.9924020376385531,1,0,0,2,0,0,2,0,2,0,0,0,0.042818112085353605,-0.7523202469670834,0,59,4157,0.17980704844598655,4
0,0,1,1,-0.4223169455581282,1,0,2,1,1,1,1,1,1,0,0,3,-1.491020519067978,-0.8291743113896509,0,43,5657,-0.5624318817046992,8
0,0,0,0,0.22920887396235737,1,2,0,0,2,0,2,0,2,0,0,1,0.11261358609233106,0.16613435300364518,0,66,3371,-0.46128110190462074,5
1,0,0,1,-0.62591876415828,1,0,0,0,2,2,2,2,2,1,0,2,0.534710024134526,-0.3678513925408699,0,24,3913,-0.14664127024179405,6
0,1,0,0,1.5322605130033284,1,2,0,0,2,2,2,2,0,2,1,0,0.356897745116751,1.2939523070026708,0,62,6024,-0.5397115116935858,6
0,0,0,0,-0.1779947632379461,1,0,1,0,0,0,0,0,2,0,1,2,0.5264010391336954,-0.015346240568244301,0,70,2951,-0.342971517279017,3
0,0,0,0,-0.7073594915983407,1,0,1,0,2,0,0,2,0,0,1,0,0.612814483142334,-0.5072431356769789,0,36,4096,-0.06542729827556563,4
1,0,1,1,1.6137012404433893,1,2,0,2,2,2,2,2,2,2,1,0,0.7573908221567865,1.84565154672954,0,43,5341,-0.524125906096426,8
0,0,1,0,1.002895784642934,1,2,1,0,2,2,2,2,2,1,1,0,1.4835961112293827,1.7528046015072132,0,65,6026,-0.4453703103301479,8
0,0,1,0,0.5549717837226001,0,1,0,2,2,0,0,2,0,0,0,2,-0.6385186579827569,-0.09599447809089245,0,27,5565,-0.5505156084277911,4
1,0,1,0,-0.0965540357978854,1,0,2,1,1,1,1,1,1,1,0,1,-1.46443176706532,-0.7467613421925465,0,78,2492,-0.5850734338924953,8
1,1,1,0,-0.9109613101984924,1,0,1,2,0,0,0,0,0,0,0,2,0.3502505571160864,-0.687929599995363,0,41,4254,0.12323232430266738,3
1,0,0,0,-0.015113308357824713,1,0,1,2,2,2,0,0,2,0,1,1,0.9518210711762233,0.30863643571598326,0,66,3224,-0.3371249499444023,6
1,0,0,0,-0.7888002190384014,1,0,1,2,0,0,0,0,0,0,1,1,0.29873485011093664,-0.5837221946187243,0,78,2070,-0.05764713625527147,3
0,0,0,0,0.47353105628253944,1,0,1,0,2,2,0,2,0,0,1,1,0.7773323861587803,0.7471281385264871,0,59,4112,-0.4370369550998606,5
1,1,0,0,-0.9516816739185228,1,0,0,0,0,0,2,0,0,0,0,3,-0.5172074769706297,-0.8081740044636221,0,22,2145,-0.09753070366456887,2
0,0,1,0,1.4100994218432374,1,0,2,1,1,1,1,1,1,2,0,3,-1.4993295040688086,-0.41671240077737587,0,26,4994,-0.628501470001281,8
0,0,1,0,1.5729808767233588,1,2,1,0,2,2,0,2,2,2,1,0,1.3423433662152622,2.3273571164182902,0,32,5707,-0.4941892973325652,7
1,0,0,0,-1.2774445836787656,1,0,0,0,0,0,2,0,0,0,0,1,-0.5238546649712943,-0.9841618706987666,0,45,5289,2.1474145731807264,2
1,0,1,0,-0.62591876415828,0,1,0,0,2,0,0,2,2,0,1,3,-0.4972659129686364,-0.6367964997279946,0,24,5575,-0.344421178441903,4
1,0,0,0,-1.2774445836787656,1,0,2,1,1,1,1,1,1,0,0,0,-1.4561227820644893,-0.9965370515658908,0,62,2285,0.5393779282494053,8
0,1,1,0,-0.015113308357824713,1,2,1,0,0,2,0,0,0,0,0,3,0.4831943171293762,0.12806026712725263,0,27,5242,-0.3861139127133358,4
1,0,1,1,0.35136996512244845,1,0,2,1,1,1,1,1,1,1,0,0,-1.504314895069307,-0.6536276280731206,0,72,2446,-0.608400710849778,8
0,0,0,0,-1.2774445836787656,1,0,0,0,0,0,0,0,0,0,0,0,-0.6850489739874083,-0.9863016078540446,0,64,3103,1.8693761515081095,1
1,0,1,1,1.2064976032430856,1,2,1,2,2,0,0,2,2,0,1,2,1.3539759452164248,1.856261995922208,0,56,4271,-0.46963173914277717,7
0,0,0,1,-0.62591876415828,1,2,1,0,2,2,2,0,0,0,1,1,0.9285559131738974,-0.31892420686657186,0,41,2347,-0.07116004923788762,6
0,0,1,1,1.6137012404433893,1,2,2,1,1,1,1,1,1,2,1,0,-1.2799723000468803,-0.1286861323601936,0,36,5098,-0.6204047099293954,9
1,0,1,1,0.9621754209229036,1,2,1,0,2,0,2,2,0,0,1,1,1.069808658188018,1.3908140167843854,0,66,6484,-0.46661929105981936,6
0,0,0,0,-0.9516816739185228,1,0,2,1,1,1,1,1,1,0,1,1,-1.4727407520661506,-0.9406832940693519,0,41,2392,-0.4271638839980839,8
1,0,1,0,1.6137012404433893,1,2,1,2,2,2,2,2,2,2,1,0,1.6963061272506461,2.711142137320652,0,80,6479,-0.47975598426475574,9
1,0,0,0,-0.5037576729981889,1,0,1,2,2,2,2,2,2,0,1,0,1.4437129832253957,-0.03354503596107385,0,67,2102,-0.07088706109682466,8
1,0,1,1,-0.5444780367182193,1,0,2,1,1,1,1,1,1,2,0,3,-1.481049737066981,-0.8348655710397721,0,60,4821,-0.5458318289181493,8
1,0,0,0,0.8400143297628127,0,1,0,0,0,2,2,2,2,1,0,1,-0.32776261895169184,0.3379530406578867,0,80,5677,-0.545067462123173,5
1,0,0,0,-1.0738427650786138,1,0,2,1,1,1,1,1,1,0,0,0,-1.4827115340671475,-0.9482054628317216,0,76,5761,-0.33159073581194426,8
1,0,1,1,-0.9516816739185228,1,2,1,0,0,2,0,2,0,1,1,2,0.8504514541660894,-0.6669954705071263,0,27,2993,0.3742747005345318,5
0,0,1,1,-0.9924020376385531,1,2,0,0,2,0,0,0,0,0,0,2,-0.2995120699488677,-0.8086593056740976,0,38,5681,0.04859074864172749,3
0,0,1,1,1.5729808767233588,1,2,1,2,2,2,2,2,2,2,0,0,1.656422999246659,2.567912102792601,0,71,4071,-0.47914082605647,9
0,0,1,0,1.5729808767233588,0,1,0,2,2,2,2,2,2,1,0,0,0.06774506708784545,1.0629930491082158,0,42,4698,-0.5552590193895233,7
1,0,1,0,1.4508197855632678,1,0,1,0,2,0,2,2,2,1,1,2,1.1811490571991479,1.9741240126299515,0,39,5757,-0.49496820371331557,6
1,0,0,0,0.06632741908223598,1,2,1,0,2,0,2,2,2,0,1,2,1.3489905542159264,0.55629446707998,0,74,5503,-0.3165217904252693,7
1,0,0,0,-0.2594354906780068,1,0,1,0,2,2,2,0,0,1,1,2,0.6792863631489789,-0.04197162970660216,0,52,5156,-0.2998331154016208,5
1,0,0,0,-1.0331224013585834,1,0,2,1,1,1,1,1,1,0,1,3,-1.5225946620711341,-0.9481834036857908,0,26,4097,-0.39004432151704893,8
0,0,1,0,-0.5037576729981889,1,0,1,0,0,0,0,0,0,0,1,0,0.16745288709781284,-0.32620372502370365,0,33,5456,-0.2805419534331722,2
0,0,1,0,1.125056875803025,1,2,1,0,2,2,0,2,2,0,1,2,1.3755793062185846,1.822754153253471,0,32,4115,-0.4621148689634536,7
1,0,1,1,1.6137012404433893,1,0,2,1,1,1,1,1,1,2,0,2,-1.4694171580658184,-0.37376324365029817,0,41,5809,-0.6293572251308298,8
0,1,1,0,1.6137012404433893,1,2,1,0,2,2,0,2,2,1,1,1,1.3622849302172555,2.360379657876552,0,53,5832,-0.4955406821199163,7
1,0,0,0,-1.1552834925186746,1,2,2,1,1,1,1,1,1,0,0,3,-1.3132082400502028,-0.9608232943040833,0,43,3962,-0.08262555116253167,9
1,0,1,1,-0.6666391278783103,1,0,2,1,1,1,1,1,1,0,0,2,-1.4960059100684764,-0.8675131070172118,0,68,3677,-0.5284312436442777,8
0,1,1,0,1.2064976032430856,1,2,1,2,0,2,0,2,2,1,1,2,1.332372584214265,1.779363813207779,0,68,5061,-0.47081468775404994,7
0,0,0,0,-0.9109613101984924,1,0,0,0,0,0,2,0,2,0,1,3,-0.12668518193159078,-0.7280331272973801,0,28,4323,-0.02634035989609746,3
1,0,0,0,-0.055833672077855064,1,2,1,0,2,0,0,0,0,0,1,2,0.544680806135523,0.1591857220354739,0,25,3031,-0.3708754354867847,4
0,0,1,0,1.5729808767233588,1,0,2,1,1,1,1,1,1,2,0,1,-1.517609271070636,-0.4002783370590025,0,72,4241,-0.6312179696402898,8
1,0,0,0,1.0436161483629645,1,0,2,1,1,1,1,1,1,2,0,3,-1.461108173064988,-0.4709558406209733,0,80,4758,-0.6212126458091562,8
1,0,1,1,1.5322605130033284,1,2,0,2,2,2,2,2,2,2,1,1,0.8438042661654253,1.7459000888309035,0,49,5824,-0.5160538211025951,8
0,0,1,0,1.5729808767233588,1,2,0,2,2,2,2,2,2,2,0,2,0.8421424691652587,1.7784814473705508,0,80,5054,-0.518155381216717,8
1,1,0,0,1.4915401492832983,1,2,0,2,0,2,2,0,2,2,0,1,0.31036742911209936,1.2138114298364289,0,34,4204,-0.5402628708404651,6
0,0,1,1,1.6137012404433893,1,2,1,2,2,2,2,2,2,2,1,0,1.7943521502604476,2.8203569688235604,0,49,5475,-0.47512266499383793,9
0,0,1,0,-0.2594354906780068,1,0,1,0,0,0,2,0,2,0,0,1,0.7025515211513048,-0.03674361212102571,0,67,4038,-0.29686057786560194,4
0,0,1,0,0.025607055362205634,1,2,1,0,0,2,2,0,2,0,1,1,1.0049985751815391,0.32136456291799853,0,76,4639,-0.34127378575670664,6
0,0,1,1,-0.9109613101984924,1,0,2,1,1,1,1,1,1,2,0,3,-1.4827115340671475,-0.9083666452808727,0,74,2836,-0.4516062494647113,8
0,1,0,0,1.002895784642934,1,2,1,2,0,2,2,0,2,2,0,1,1.2143849972024705,1.5440809627109067,0,48,4421,-0.4613824768111162,7
0,0,0,0,-0.9109613101984924,1,0,2,1,1,1,1,1,1,0,1,2,-1.4478137970636586,-0.9075504568814369,0,34,2066,-0.44066190671846023,8
0,0,1,1,0.26992923768238775,1,2,2,1,1,1,1,1,1,1,1,3,-1.3481059770536914,-0.6022739363464452,0,67,3109,-0.5922671117129574,9
0,0,0,0,-0.8702409464784621,1,0,2,1,1,1,1,1,1,0,0,0,-1.477726143066649,-0.8971164808562146,0,72,4188,-0.46767532413182605,8
0,0,1,1,1.4508197855632678,1,2,0,0,2,2,2,2,2,2,0,0,0.682609957149311,1.447197193783261,0,43,4732,-0.5198932078973243,7
1,0,0,0,-0.5851984004382496,1,2,1,0,0,2,0,2,0,1,1,1,0.8255244991635975,-0.2853281276141119,0,36,2269,-0.12094446548963139,5
1,0,0,0,-0.5851984004382496,1,2,0,2,0,0,0,0,0,0,0,3,-0.28289409994720643,-0.577898580093019,0,47,2277,-0.32219419664061943,3
0,0,1,1,0.7992939660427822,1,0,0,0,0,2,0,0,0,1,1,0,-0.4590445819648154,0.1459943527689138,0,73,4298,-0.551413148722976,2
1,0,1,1,0.9621754209229036,1,2,1,2,2,2,2,2,2,2,0,3,1.697967924250812,1.8918654574543616,0,75,4937,-0.42860210046757874,9
1,0,0,0,0.5142514200025698,1,2,1,0,0,2,2,2,2,0,1,0,1.2924894562102784,1.0888904864308608,0,21,2183,-0.40328572998980355,7
0,0,0,0,1.4100994218432374,1,2,2,1,1,1,1,1,1,2,1,3,-1.2849576910473786,-0.22949642926350394,0,42,6466,-0.6176261042051113,9
1,0,1,0,-1.1960038562387048,0,1,0,2,0,0,2,0,0,0,0,3,-0.9858342310174765,-0.9611762406389747,0,35,3610,0.34446439553045743,3
1,1,0,0,1.3286586944031769,1,0,1,0,2,2,0,2,2,0,1,0,1.141265929195161,1.8602105830438036,0,52,4574,-0.48947714976126266,6
1,0,1,0,1.247217966963116,1,2,0,0,2,0,2,0,2,2,0,3,0.08270124008934066,0.8622548211388232,0,36,6438,-0.5411560539145054,5
0,0,1,1,-0.8702409464784621,1,2,2,1,1,1,1,1,1,2,0,3,-1.3215172250510334,-0.8731161300836102,0,65,5409,-0.42276877492697035,9
1,0,0,1,-1.2774445836787656,1,0,0,0,0,0,2,0,2,0,1,3,-0.1732154979362424,-0.9795073909073883,0,47,5824,2.7522197997056974,3
1,0,0,0,0.9214550572028734,1,2,0,0,0,2,0,2,2,2,1,0,0.43334040712439253,0.9016083374791968,0,59,6483,-0.502344818046821,5
1,0,1,1,-0.30015585439803716,1,2,0,0,0,0,2,0,0,1,1,3,-0.32111543095102724,-0.3589615567307968,0,40,2499,-0.418652953723252,3
0,0,1,0,1.6137012404433893,1,2,2,1,1,1,1,1,1,2,1,1,-1.3497677740538576,-0.22204043793892647,0,68,5613,-0.6237030050036082,9
0,0,0,1,1.3286586944031769,0,1,0,0,2,0,2,2,0,2,0,3,-0.6484894399837535,0.2886287903568359,0,37,5712,-0.58302522228279,4
1,0,1,1,-1.0331224013585834,1,0,2,1,1,1,1,1,1,0,0,3,-1.479387940066815,-0.942095079408917,0,45,4954,-0.3714128808895024,8
0,0,1,0,1.6137012404433893,1,2,0,2,2,0,2,0,0,2,0,0,-0.00038860991896550476,1.1139937945,0,30,4675,-0.5599359669021635,5
1,0,1,0,-0.46303730927815856,1,0,0,0,0,0,0,2,0,0,0,0,-0.33773340095268845,-0.5093608136863264,0,43,5763,-0.3770804869545253,2
0,0,0,0,-1.2367242199587352,1,0,2,1,1,1,1,1,1,0,1,0,-1.46443176706532,-0.9881986944040851,0,46,2107,0.1294862344433823,8
1,1,0,0,-1.1552834925186746,1,0,1,0,0,2,0,2,2,0,1,2,0.9966895901807084,-0.8194241688882804,0,44,2757,1.5110792163629845,5
1,0,1,0,1.6137012404433893,1,2,1,2,2,2,2,2,2,2,0,1,1.6963061272506461,2.6702224216191985,0,41,5130,-0.47975598426475574,9
0,0,0,0,-1.0738427650786138,1,0,0,2,0,0,0,0,0,0,1,2,-0.5088984919697991,-0.8669836875148751,0,60,3672,0.14832241617672615,2
1,0,0,0,0.7992939660427822,1,0,1,0,0,2,0,0,2,0,1,1,0.6327560471443273,0.9051598599740396,0,40,6339,-0.4803486698126825,4
1,1,1,0,1.4915401492832983,1,2,1,0,2,2,0,0,2,0,1,0,1.0166311541827018,1.80984955288401,0,21,6132,-0.5054568828549387,6
0,1,0,0,-0.9924020376385531,1,0,1,0,0,2,0,0,0,0,1,0,0.3087056321119333,-0.7410039051046331,0,79,4899,0.2817226211094888,3
0,1,0,0,1.247217966963116,1,2,1,0,0,2,0,0,2,0,1,0,0.8255244991635975,1.4378441159086432,0,38,4438,-0.5011163714120377,5
1,0,0,0,1.125056875803025,1,2,1,2,2,2,2,2,2,1,1,1,1.722894879253304,2.104339151058888,0,74,5680,-0.4424731484532028,9
0,0,1,0,-0.8295205827584317,1,0,0,2,0,0,2,0,0,0,0,0,-0.3510277769540174,-0.7011430284078537,0,31,4474,-0.18361016426804994,3
0,0,0,0,-0.7888002190384014,1,0,2,1,1,1,1,1,1,0,1,3,-1.5109620830699715,-0.882557444541951,0,23,5917,-0.5035732646816043,8
1,0,0,0,-0.4223169455581282,1,2,0,2,2,2,0,0,0,0,0,3,0.00958217208203114,-0.37596915824336846,0,30,4709,-0.33735909392310054,5
0,0,1,1,1.6137012404433893,1,2,2,1,1,1,1,1,1,2,1,0,-1.3530913680541898,-0.25173204836165197,0,36,4755,-0.6238600666738087,9
0,0,0,0,-1.2367242199587352,1,0,2,1,1,1,1,1,1,0,0,0,-1.5292418500717988,-0.9823309615865182,0,23,5355,0.05496047193319635,8
0,0,1,1,0.3106496014024181,1,0,2,1,1,1,1,1,1,2,0,0,-1.4827115340671475,-0.6628262919262236,0,29,3556,-0.6052846510932546,8
1,0,1,1,0.47353105628253944,1,0,2,1,1,1,1,1,1,1,0,0,-1.4876969250676457,-0.6259875182219504,0,72,3743,-0.6106756120253025,8
1,1,1,0,1.5729808767233588,1,0,0,2,2,0,2,2,0,1,1,0,0.2073360151017999,1.2054730726746234,0,55,5247,-0.548570809933481,5
1,1,0,0,-0.2594354906780068,1,2,1,0,0,0,0,2,2,0,1,2,0.9584682591768874,0.05486802092918174,0,54,4030,-0.26416266496939506,5
0,0,0,0,-1.2774445836787656,0,1,0,0,0,0,0,0,0,0,0,3,-1.341458789053027,-0.9950149704966722,0,61,5092,0.7371578364495144,1
1,0,0,0,-1.1960038562387048,1,2,0,0,0,0,2,2,0,0,1,3,0.016229360082695727,-0.9131755390937659,0,43,2562,1.208676603100499,4
1,0,0,0,-0.7888002190384014,1,0,0,0,0,0,2,0,0,0,1,3,-0.47233895796614456,-0.7363273661673242,0,29,5530,-0.24764688243508642,2
0,0,0,0,-1.2774445836787656,1,0,1,0,0,0,0,0,0,0,1,3,0.19736523310080326,-0.9745882013648418,0,28,4056,3.3914215320046006,2
1,0,1,1,-1.1552834925186746,1,0,0,0,0,0,0,0,0,0,0,3,-0.6484894399837535,-0.9372420673041625,0,57,2776,0.37599452582322845,1
1,0,0,0,-1.2367242199587352,1,0,1,0,0,0,0,0,0,0,1,2,0.18407085709947407,-0.9422494934304319,0,37,2980,2.025115885984524,2
1,0,1,0,1.6137012404433893,1,2,1,2,2,0,2,2,2,2,1,1,1.4686399382278874,2.468535650374786,0,21,5758,-0.49051470867349706,8
0,0,1,1,0.18848851024232702,1,2,2,1,1,1,1,1,1,0,0,3,-1.2733251120462157,-0.6035974851022874,0,72,5359,-0.5818274704868343,9
0,0,0,0,-0.38159658183809786,1,0,2,1,1,1,1,1,1,1,1,1,-1.4993295040688086,-0.7948502803214779,0,58,5916,-0.567759601349031,8
0,0,1,1,0.3920903288424788,1,0,2,1,1,1,1,1,1,1,1,2,-1.5192710680708021,-0.6696646271647413,0,80,5091,-0.6108385584350844,8
0,0,0,0,-0.015113308357824713,1,2,0,2,0,0,0,2,2,1,0,3,0.3319707901142591,0.0014187103390895855,0,66,2830,-0.401922407791254,5
0,0,1,1,-0.4223169455581282,1,2,1,0,0,0,0,0,0,0,1,0,0.36686852711774764,-0.29322530185730344,0,37,4479,-0.2837703349274818,3
1,0,1,0,0.3920903288424788,0,1,0,0,0,0,0,0,0,0,1,1,-1.3181936310507012,-0.5217359945534504,0,57,4959,-0.5947068638666899,1
0,0,0,0,-0.9924020376385531,1,0,0,0,0,0,0,0,0,0,0,3,-0.6750781919864114,-0.8428509818666865,0,65,4909,-0.09536499774546942,1
0,0,1,1,1.3286586944031769,1,2,1,2,0,2,0,2,2,2,1,1,1.3140928172124378,1.9613076488442134,0,76,4997,-0.48044372400245233,7
0,0,1,1,1.5322605130033284,1,2,0,2,2,2,2,2,2,2,1,0,0.8055829351616043,1.7706725097110823,0,46,5650,-0.5179109094425021,8
1,0,0,1,-0.4223169455581282,1,0,2,1,1,1,1,1,1,0,0,1,-1.4827115340671475,-0.8149682214102786,0,78,2722,-0.5611856314954987,8
0,0,1,1,1.4100994218432374,0,1,0,2,2,0,0,0,0,2,0,0,-0.950936494013988,0.06825792250911811,0,39,6314,-0.6006807668017772,3
0,0,0,0,-0.30015585439803716,1,0,2,1,1,1,1,1,1,0,1,1,-1.5142856770703037,-0.7710264027163193,0,23,2159,-0.5769650764519904,8
0,0,1,0,-0.5037576729981889,1,0,2,1,1,1,1,1,1,0,0,0,-1.5126238800701375,-0.8402259435009329,0,68,4137,-0.556532964047817,8
0,0,0,1,-1.2367242199587352,1,0,0,2,0,0,0,0,2,0,1,1,-0.11837619693076015,-0.9502128451114156,0,31,5056,1.6773289942703227,3
1,0,0,0,0.758573602322752,1,0,2,1,1,1,1,1,1,2,0,3,-1.4727407520661506,-0.5457804636179161,0,65,6097,-0.6165431071341749,8
0,0,1,1,0.5549717837226001,0,1,0,2,2,0,0,0,0,0,0,0,-0.9874960280176428,-0.2909532098264411,0,33,4829,-0.5761300276211447,3
1,0,0,1,-0.7888002190384014,1,0,0,0,0,0,0,0,0,0,0,3,-0.6900343649879066,-0.7148858763226814,0,24,5611,-0.3012890521539565,1
1,0,1,1,-0.2594354906780068,1,0,0,0,0,2,0,0,0,1,0,3,-0.47898614596680894,-0.43850683695691,0,48,3386,-0.44782301987341466,2
1,0,0,1,-0.5444780367182193,1,0,2,1,1,1,1,1,1,0,1,2,-1.4876969250676457,-0.8392112227881205,0,31,5188,-0.5469783791106138,8
0,0,1,0,1.6137012404433893,1,2,0,2,2,0,2,2,2,2,1,0,0.719169491152966,1.6673254110257412,0,27,6114,-0.5259321153037329,7
1,1,0,0,-0.5851984004382496,1,2,0,2,2,0,0,0,0,0,1,1,-0.2114368289400632,-0.5800824355401585,0,54,2812,-0.3092200760416802,4
1,0,0,0,-0.3408762181180675,1,2,1,0,0,0,0,2,2,0,1,2,0.9750862291785486,0.019021908791790207,0,69,3192,-0.23007190591345353,5
0,0,1,0,0.5549717837226001,1,2,1,0,2,2,2,2,2,2,1,1,1.4669781412277214,1.1358544081173263,0,45,5119,-0.39597527929455756,8
0,1,0,0,1.6137012404433893,1,2,1,2,2,2,2,0,2,2,1,0,1.4171242312227377,2.4128363068997625,0,56,5294,-0.4929491645616063,8
0,1,1,0,1.5322605130033284,1,2,1,2,0,0,0,0,2,0,1,2,0.8670694241677506,1.848717768013908,0,64,5129,-0.5149234195043907,5
0,0,0,0,-1.2367242199587352,1,0,2,1,1,1,1,1,1,0,0,2,-1.491020519067978,-0.9804559341824085,0,40,2822,0.09891156264433164,8
1,0,1,0,-0.055833672077855064,1,0,0,0,0,2,2,0,2,0,1,1,0.05445069108651675,-0.11467857469419752,0,79,3282,-0.42372423342069065,4
0,0,1,1,-0.6666391278783103,1,0,1,2,0,2,0,2,2,0,0,0,1.1944434332004772,-0.3339906035372416,0,72,3337,0.017528980355682146,6
1,0,0,1,0.7992939660427822,1,2,2,1,1,1,1,1,1,2,0,1,-1.3015756610490399,-0.41702122882040576,0,76,5662,-0.6062528607587733,9
1,0,1,1,-0.7888002190384014,1,0,2,1,1,1,1,1,1,0,1,3,-1.4926823160681442,-0.8946017382201145,0,31,2928,-0.49906896035406556,8
0,0,0,0,0.10704778280226633,1,0,2,1,1,1,1,1,1,1,0,3,-1.462769970065154,-0.6967532583676439,0,67,4261,-0.5955475192080639,8
0,0,0,0,1.0843365120829946,1,0,1,0,0,2,0,2,2,2,0,2,1.0315873271841969,1.489308103364972,0,45,5470,-0.47856755096023784,5
1,0,1,0,1.6137012404433893,1,0,1,0,0,2,0,2,2,0,1,2,0.9933659961803764,1.9710357321996532,0,20,5943,-0.5129745275121832,5
0,0,1,0,0.6771328748826912,1,2,1,2,2,2,2,0,2,2,0,1,1.392197276220246,1.277055001219753,0,57,5948,-0.41707424230439716,8
0,0,0,0,-1.2367242199587352,1,0,0,0,0,0,0,0,0,0,1,3,-0.62854787598176,-0.9591909175052115,0,65,2245,1.0906774791260379,1
1,1,0,0,-0.46303730927815856,1,2,1,0,2,2,0,2,2,0,1,2,1.3157546142126038,-0.0034784200575263256,0,22,4934,-0.11780379570405303,7
1,1,0,0,0.880734693482843,0,1,0,0,2,2,0,2,2,1,1,2,-0.3094828519498643,0.30318782667109956,0,58,4521,-0.5460402925895065,5
1,0,0,0,-1.2774445836787656,1,2,0,2,2,0,0,0,0,0,0,2,-0.12003799393092641,-0.9788014982376059,0,28,4592,2.8439438151028495,4
1,0,0,0,-1.0738427650786138,1,0,1,2,2,0,0,0,0,0,1,2,0.47156173812821356,-0.7874163481428311,0,35,4093,0.6315114258581518,4
1,0,0,1,0.6771328748826912,1,2,1,2,2,2,0,2,2,1,1,1,1.476948923228718,1.328276338070844,0,44,6005,-0.4112268363228287,8
0,0,1,1,0.9621754209229036,1,0,0,2,2,2,0,0,0,2,1,1,-0.1150526029304281,0.4707711583066465,0,72,4173,-0.5383289653779875,4
0,1,0,0,0.9621754209229036,1,2,1,2,2,0,0,0,2,0,1,2,1.0664850641876853,1.2970405874329691,0,57,5679,-0.4668204402163921,6
0,0,1,1,-1.0738427650786138,0,1,0,0,2,2,2,0,0,2,0,3,-0.8046983579993692,-0.9098225489122992,0,30,2866,0.0025467488491094743,4
1,0,0,0,-0.015113308357824713,1,0,2,1,1,1,1,1,1,1,0,3,-1.4943441130683104,-0.737672974069097,0,38,4636,-0.5928403868091897,8
1,0,1,1,0.7178532386027215,1,2,1,2,2,2,0,2,2,1,1,2,1.4453747802255617,1.3904610704494942,0,71,4972,-0.4182724996624041,8
1,0,1,1,1.0436161483629645,1,2,1,0,0,2,2,2,2,1,1,0,1.3390197722149297,1.6434574151287213,0,75,5870,-0.45748916493606184,7
0,0,1,1,1.3286586944031769,1,2,0,2,2,2,2,2,2,2,1,3,0.8537750481664219,1.6227438770997913,0,25,5509,-0.5045039060715916,8
0,0,0,0,1.2879383306831464,1,2,0,2,2,2,2,2,2,2,1,1,0.719169491152966,1.395159668532734,0,33,6474,-0.5092304189279396,8
0,0,1,0,1.369379058123207,1,2,0,2,2,2,0,0,0,2,0,0,0.07106866108817798,0.9222998163621955,0,61,5546,-0.5471495060050113,5
1,0,1,0,0.22920887396235737,1,2,1,2,0,2,2,2,2,1,1,2,1.5268028332337018,0.9480428396633255,0,60,5461,-0.3361895360344663,8
0,0,1,0,-0.5037576729981889,1,0,2,1,1,1,1,1,1,1,1,3,-1.4876969250676457,-0.822049207254034,0,71,3585,-0.5524381419318727,8
1,1,0,0,1.2879383306831464,1,2,1,0,0,2,2,2,2,1,0,2,1.2409737492051283,1.9448956442717706,0,47,6100,-0.4815368219714918,7
0,0,0,0,1.125056875803025,1,0,0,0,2,2,2,2,0,1,1,1,0.179085466098976,0.8580856425579205,0,62,4260,-0.5297801262236477,5
0,0,1,1,0.7178532386027215,1,2,0,2,2,2,2,0,2,1,1,0,0.5081212721318681,0.7775697599108564,0,26,5823,-0.48166998089278856,7
0,0,1,0,1.6137012404433893,0,1,0,2,2,2,0,0,2,2,1,2,-0.5172074769706297,0.574074138700126,0,33,4700,-0.5843590566183572,5
1,0,1,0,1.125056875803025,1,0,2,1,1,1,1,1,1,2,1,0,-1.4710789550659844,-0.4768897508763323,0,63,5848,-0.6231017935283321,8
1,0,0,0,0.5549717837226001,0,1,0,2,0,2,2,0,0,2,0,3,-0.8811410200070108,-0.231349397521683,0,73,2653,-0.5683237284384084,4
0,0,1,1,1.4915401492832983,0,1,0,0,2,2,0,2,2,2,1,1,-0.32610082195152557,0.6585827267606473,0,23,4175,-0.5716292082485983,5
1,1,0,0,-0.055833672077855064,1,2,1,0,0,2,2,2,0,0,1,0,1.0581760791868549,0.26392254691444916,0,40,3364,-0.31551855900686293,6
1,0,1,1,-0.5444780367182193,1,0,2,1,1,1,1,1,1,1,0,3,-1.491020519067978,-0.8479687037226095,0,29,5964,-0.5475516542068459,8
0,0,1,1,1.5729808767233588,1,0,2,1,1,1,1,1,1,2,0,1,-1.491020519067978,-0.3893149415314434,0,53,6015,-0.629944024981996,8
1,0,1,0,-0.8295205827584317,1,0,1,2,2,2,0,0,0,0,1,2,0.6593447991469852,-0.5822883501332287,0,31,2499,0.08450618843131744,5
1,0,0,0,0.47353105628253944,1,2,0,0,2,2,2,2,2,1,1,0,0.6809481601491449,0.6284278742733771,0,57,2292,-0.4444258341179646,7
0,0,1,1,0.9621754209229036,1,2,0,2,2,2,2,2,0,2,0,1,0.5480044001358552,1.0326617234534998,0,62,5907,-0.4981997086417336,7
0,0,1,0,1.6137012404433893,1,2,1,2,2,2,2,2,2,2,1,0,1.6863353452496495,2.6616634729980864,0,44,4697,-0.48022716927535747,9
0,0,0,0,-0.8702409464784621,1,2,1,2,0,0,0,0,0,0,1,0,0.4732235351283796,-0.5957885474428187,0,33,3885,0.09317881168200966,4
0,1,1,0,-0.7073594915983407,1,0,1,0,2,0,0,2,2,0,1,2,0.9933659961803764,-0.4388377241458705,0,70,5868,0.016622699872668015,5
1,0,0,0,1.6137012404433893,1,0,2,1,1,1,1,1,1,2,1,3,-1.461108173064988,-0.33465237791516267,0,57,4626,-0.6289645709553283,8
1,0,1,0,0.9621754209229036,1,2,0,0,2,2,0,0,0,2,0,1,-0.17487729493640844,0.4894993732018128,0,71,5477,-0.5419496501962963,4
1,1,0,0,1.2879383306831464,1,0,2,1,1,1,1,1,1,2,1,0,-1.4860351280674797,-0.47722063806529286,0,44,4309,-0.6262667347279595,8
0,0,1,0,0.06632741908223598,1,2,1,0,0,2,0,2,2,0,1,2,1.1861344481996465,0.5007054193346098,0,42,3744,-0.33257349311977086,6
1,0,0,0,0.10704778280226633,1,0,2,1,1,1,1,1,1,1,0,0,-1.4677553610656522,-0.6731279130758616,0,70,2858,-0.5960252484549242,8
1,0,0,0,-0.4223169455581282,1,0,2,1,1,1,1,1,1,1,0,1,-1.477726143066649,-0.7996812332803017,0,55,2768,-0.5604378813699784,8
1,0,0,0,-0.9516816739185228,0,1,0,2,2,2,0,0,0,1,0,3,-0.8379342980026917,-0.8412186050678145,0,67,3755,-0.20817279723738352,4
1,0,0,0,-0.38159658183809786,1,0,2,1,1,1,1,1,1,1,0,3,-1.4727407520661506,-0.7935267315656358,0,43,3434,-0.5639377673741497,8
1,0,1,0,1.4508197855632678,1,2,2,1,1,1,1,1,1,2,0,0,-1.3132082400502028,-0.24332751376205436,0,70,4571,-0.6196763079806391,9
1,0,1,0,0.025607055362205634,1,0,1,0,0,0,0,2,2,0,0,2,0.8803638001690798,0.30190839620711896,0,57,3296,-0.3539195599382993,4
1,0,0,0,-0.055833672077855064,1,0,0,2,2,2,2,2,0,0,1,0,0.25552812810661757,-0.054479165449310425,0,77,3175,-0.4020472688444106,6
0,0,0,0,0.9621754209229036,1,0,2,1,1,1,1,1,1,2,0,0,-1.4976677070686424,-0.5416995216207361,0,56,4831,-0.6220070145122315,8
1,0,1,1,1.369379058123207,1,0,0,2,2,2,2,2,0,1,1,2,0.3436033691154218,1.205870137301376,0,23,6123,-0.5331171006644023,6
1,0,1,1,1.6137012404433893,1,2,2,1,1,1,1,1,1,2,0,0,-1.3215172250510334,-0.23860685653288402,0,41,4275,-0.622367980806903,9
1,1,0,0,0.06632741908223598,1,0,1,0,0,0,0,0,0,0,0,1,0.14584952609565352,-0.0020445755720306645,0,63,4478,-0.4351078389030158,2
0,0,1,1,1.0436161483629645,1,0,1,0,2,2,0,2,0,0,1,2,0.8903345821700764,1.4258659996682717,0,49,6423,-0.48372378798397603,5
1,0,0,0,0.18848851024232702,0,1,0,0,0,0,0,2,0,2,0,1,-0.9625690730151509,-0.42478604818801297,0,68,5658,-0.5536163012775129,2
0,0,0,0,1.5729808767233588,1,2,1,2,2,2,2,2,2,2,1,1,1.608230886241842,2.520727589646828,0,35,4955,-0.4814498507496275,9
1,0,1,1,-1.2774445836787656,1,0,2,1,1,1,1,1,1,1,0,1,-1.4926823160681442,-0.9970223527763662,0,20,2618,0.47631766766386346,8
1,1,1,1,1.5729808767233588,1,0,2,1,1,1,1,1,1,2,0,1,-1.4943441130683104,-0.39321941036117775,0,69,5819,-0.6301032680642826,8
1,0,1,1,0.10704778280226633,1,0,2,1,1,1,1,1,1,1,0,2,-1.491020519067978,-0.711952009913898,0,30,2334,-0.5982546516069382,8
0,0,1,1,-1.0738427650786138,1,0,2,1,1,1,1,1,1,1,0,3,-1.4976677070686424,-0.9641101070477581,0,51,4122,-0.33896141562064397,8
0,0,1,1,1.4915401492832983,1,0,0,0,2,2,2,0,0,1,0,0,-0.18817167093773737,0.8183791798826561,0,71,5846,-0.5648318035361308,4
0,0,1,0,0.8400143297628127,1,2,1,0,0,0,2,0,2,1,1,2,0.8770402061687477,1.1394721080499615,0,44,6439,-0.4680999723512572,5
0,0,1,0,-1.1145631287986442,1,0,1,0,0,0,0,0,0,0,1,2,0.13920233809498894,-0.8507040378180165,0,57,5536,0.6559438644832861,2
0,0,0,1,-1.2367242199587352,1,0,0,0,2,0,0,0,0,0,0,3,-0.43910301796282214,-0.958926207754043,0,72,4057,1.3085220156942738,2
1,0,0,1,1.2064976032430856,1,2,2,1,1,1,1,1,1,2,1,3,-1.341458789053027,-0.38238836970920287,0,66,4889,-0.6172273274108134,9
0,0,1,0,-0.5444780367182193,1,0,1,0,0,2,0,2,2,0,1,2,1.0648232671875193,-0.23677594742063576,0,66,3249,-0.10670310520428408,5
1,0,0,0,-0.9516816739185228,1,0,1,0,0,0,0,0,0,0,0,3,0.17576187209864347,-0.7157020647221174,0,63,3522,0.14152501146425855,2
1,0,0,0,0.8400143297628127,1,0,2,1,1,1,1,1,1,2,0,1,-1.504314895069307,-0.5423171777067959,0,57,5625,-0.6202301969625059,8
1,0,0,0,-1.1145631287986442,1,0,1,0,0,0,0,0,2,0,0,3,0.464914550127549,-0.817681496359755,0,66,2610,0.8432137292524714,3
0,1,1,1,1.5729808767233588,1,2,0,2,2,0,0,2,0,1,0,2,0.14751132309581955,1.1924140582836475,0,65,5546,-0.5514371854146419,5
0,0,0,0,-1.2774445836787656,1,0,2,1,1,1,1,1,1,0,1,3,-1.502653098069141,-0.9971547076519502,0,58,5607,0.45911941477689744,8
1,0,0,0,1.6137012404433893,1,2,1,0,2,2,0,2,2,2,1,2,1.2924894562102784,2.3625635133236913,0,63,6088,-0.49883897719412895,7
0,0,1,0,-1.1552834925186746,1,0,0,2,2,0,0,0,0,0,0,3,-0.33440980695235617,-0.9020797886906227,0,37,3475,0.5926925121990001,3
1,0,0,0,1.0843365120829946,1,2,0,0,0,2,0,0,0,2,0,1,-0.35268957395418365,0.36901231812831586,0,64,4293,-0.5581572434871416,3
0,1,1,0,-0.055833672077855064,1,2,1,0,0,0,0,0,2,0,1,2,0.6676537841478158,0.15603126416738342,0,30,5603,-0.35761844888641514,4
1,0,1,0,-1.1960038562387048,1,0,2,1,1,1,1,1,1,0,0,0,-1.4876969250676457,-0.9838751018016674,0,44,3985,-0.08835830212485365,8
1,0,1,0,0.6771328748826912,1,0,1,0,0,2,2,2,2,1,1,1,1.1462513201956595,1.1651930722051607,0,43,4995,-0.43404318515287027,6
1,0,0,0,-1.2367242199587352,1,0,2,1,1,1,1,1,1,0,0,3,-1.5093002860698053,-0.9853310054330938,0,52,5863,0.07789147578248437,8
0,0,1,0,0.9214550572028734,1,0,1,2,0,0,0,2,2,1,1,2,0.9966895901807084,1.3219453631887326,0,63,6021,-0.4676412006141932,5
1,0,1,1,1.6137012404433893,1,2,1,2,2,2,2,2,2,2,1,1,1.638143232244832,2.6512736152647256,0,72,6254,-0.4825045634932663,9
0,1,0,0,0.14776814652229667,1,2,1,0,0,0,0,0,0,0,1,0,0.33695618111475767,0.1675240791972793,0,23,5041,-0.42953445399061163,3
0,0,1,1,-0.9109613101984924,1,0,2,1,1,1,1,1,1,0,1,0,-1.4943441130683104,-0.9189770944735407,0,49,3196,-0.45525436371346173,8
0,0,1,1,1.6137012404433893,1,2,0,2,2,2,2,0,2,2,0,0,0.534710024134526,1.5640003714863309,0,56,6317,-0.5346490379998664,7
0,0,0,0,-0.1779947632379461,1,0,0,0,2,0,2,0,0,0,0,0,-0.33607160395252245,-0.33628475471403463,0,73,3185,-0.44556799139781417,3
1,0,1,0,0.22920887396235737,1,2,1,2,0,0,0,2,0,0,0,0,0.895319973170575,0.5291175992933546,0,36,3676,-0.3920471095135012,5
0,0,0,0,1.1657772395230555,1,2,1,2,2,2,2,2,2,1,1,2,1.789366759259949,2.2438411899246504,0,76,5536,-0.4423094421856378,9
1,0,1,1,0.7992939660427822,1,2,2,1,1,1,1,1,1,2,0,3,-1.3364733980525287,-0.41854330988962424,0,28,5535,-0.6085243281212027,9
1,0,0,0,1.4100994218432374,1,0,2,1,1,1,1,1,1,1,1,3,-1.505976692069473,-0.4781471221943823,0,57,5343,-0.6288386906461234,8
0,0,0,1,0.06632741908223598,1,2,1,2,2,2,2,2,2,2,1,1,1.7079387062518092,0.7355250277669376,0,46,5104,-0.2811425273435106,9
0,0,0,0,0.880734693482843,1,0,0,2,0,2,2,2,2,2,0,2,0.5264010391336954,0.8912846571836278,0,53,4231,-0.4936116792431799,6
0,0,1,0,-1.2774445836787656,1,0,2,1,1,1,1,1,1,0,1,0,-1.477726143066649,-0.9968238204629898,0,54,4215,0.5021150469943124,8
0,0,0,1,0.5549717837226001,1,0,1,0,2,2,0,2,2,0,1,2,1.1645310871974868,0.9315646576530906,0,46,2405,-0.4181744425954641,6
0,0,1,1,0.9214550572028734,1,2,0,2,2,0,2,2,0,1,1,1,0.3402797751150897,0.8533208670368887,0,65,5011,-0.5080775690091429,6
0,0,0,0,-1.2774445836787656,1,0,2,1,1,1,1,1,1,0,0,3,-1.491020519067978,-0.9970002936304354,0,54,5057,0.47918404314502433,8
1,1,1,0,1.2879383306831464,1,0,1,2,0,2,0,0,0,1,0,1,0.5164302571326987,1.207943697018862,0,34,4270,-0.5199903515033748,4
0,0,1,0,1.0436161483629645,1,2,0,2,0,2,2,2,2,2,1,2,0.6493740171459885,1.1632518673632586,0,69,5724,-0.4978127522134115,7
1,0,1,0,0.9621754209229036,0,1,0,0,0,2,2,2,2,1,1,0,-0.35601316795451593,0.30003336880300924,0,27,6445,-0.5529122792295084,5
1,0,1,1,1.6137012404433893,1,0,1,2,0,2,2,2,2,2,1,1,1.3340343812144315,2.3293644986979842,0,35,5169,-0.49687570631662137,7
1,1,1,0,1.6137012404433893,1,2,1,0,2,0,0,2,2,1,1,1,1.0797794401890146,2.1412220430550226,0,69,6156,-0.5088909240869675,6
1,0,0,0,-0.4223169455581282,1,2,1,0,0,0,0,0,2,0,0,2,0.6078290921418354,-0.21195940824859547,0,59,5357,-0.24762907886066926,4
0,0,0,0,0.26992923768238775,0,1,0,0,2,2,2,0,0,0,0,0,-0.7864185909975417,-0.301188653538287,0,42,3618,-0.5438253660813366,4
0,0,0,0,-0.8295205827584317,1,0,0,0,0,0,0,0,0,0,1,0,-0.6567984249845842,-0.7744455703355781,0,35,4998,-0.26475063942706906,1
1,0,1,0,0.880734693482843,1,0,0,2,2,0,0,2,2,2,1,0,0.32532360211359457,0.8434163105140033,0,59,4544,-0.5062237313602882,5
0,0,0,0,-0.5851984004382496,0,1,0,2,2,0,2,0,0,1,1,3,-0.8163309370005319,-0.6916796548035823,0,48,4624,-0.41904751553037534,4
1,0,1,0,-0.015113308357824713,1,0,0,2,2,0,2,0,2,1,0,3,0.19071804510013865,-0.03440534265237117,0,61,5870,-0.41668858451238644,5
0,0,0,0,0.35136996512244845,1,0,2,1,1,1,1,1,1,1,1,3,-1.4960059100684764,-0.6497672775352477,0,39,5678,-0.6077182404971206,8
1,0,1,1,1.4100994218432374,1,2,2,1,1,1,1,1,1,2,0,0,-1.3331498040521963,-0.2908649732427182,0,62,4444,-0.6200709538802193,9
1,0,1,0,1.3286586944031769,1,2,1,2,0,2,0,2,2,0,1,2,1.3124310202122718,1.9999773316607345,0,70,5089,-0.4805305838655177,7
0,0,0,0,-0.30015585439803716,1,2,0,2,2,2,2,2,0,0,1,0,0.4516201741262198,-0.1949297475900931,0,63,4855,-0.3161249076663393,7
0,0,1,0,1.4100994218432374,1,2,1,0,2,2,2,2,2,1,1,1,1.4935668932303794,2.234466052904102,0,24,4017,-0.47666787466095856,8
0,1,0,0,0.43281069256250915,0,1,0,2,2,0,0,0,0,0,1,1,-1.0406735320229585,-0.343895160060127,0,79,4757,-0.5744695257708397,3
0,0,0,0,-0.3408762181180675,1,0,1,2,0,0,0,2,2,0,1,2,0.9917041991802098,0.0015069469228125157,0,42,3667,-0.22777880552852472,5
1,0,1,1,1.4915401492832983,1,0,2,1,1,1,1,1,1,2,0,0,-1.481049737066981,-0.39849154623861566,0,78,5463,-0.628547235660224,8
0,0,0,1,0.18848851024232702,1,0,2,1,1,1,1,1,1,1,0,0,-1.477726143066649,-0.6725102569898018,0,43,4186,-0.6003834801806661,8
1,0,1,1,-0.5037576729981889,0,1,0,2,0,2,2,0,0,2,1,1,-0.84291968900319,-0.6416274526868184,0,29,3899,-0.44651874319944723,4
1,0,0,0,-1.0331224013585834,1,0,1,0,0,0,0,0,0,0,0,0,0.14584952609565352,-0.7901958005300996,0,20,4320,0.3294159242543622,2
1,0,0,0,0.35136996512244845,0,1,0,0,0,2,0,2,2,1,1,2,-0.44575020596348647,-0.0902811592948406,0,59,5622,-0.5214539879212275,4
0,0,0,0,0.880734693482843,1,0,1,2,2,0,0,2,2,1,1,1,1.1728400721983174,1.332335220922093,0,69,4478,-0.45306549516421146,6
1,1,0,0,1.4915401492832983,1,0,2,1,1,1,1,1,1,2,0,1,-1.477726143066649,-0.40740344119461946,0,21,4042,-0.6283834427755861,8
0,0,0,0,0.8400143297628127,1,0,1,0,2,2,2,0,2,1,1,1,0.9867188081797118,1.2189953291301439,0,64,5452,-0.4610932767306415,6
1,0,1,1,-0.5851984004382496,0,1,0,0,2,2,0,2,0,1,0,1,-0.6102681089799328,-0.6473628306288011,0,35,4003,-0.38163377240785284,4
1,0,1,0,1.2879383306831464,1,0,1,2,2,0,2,2,2,2,1,1,1.3057838322116073,1.9084759943401808,0,36,4337,-0.4780971713940986,7
0,0,0,0,-0.5037576729981889,0,1,0,0,0,0,0,0,0,0,0,1,-1.3248408190513656,-0.7825633360380766,0,20,5942,-0.5256853041077034,1
1,0,1,1,1.002895784642934,1,0,0,2,2,0,2,0,0,1,0,3,-0.17155370093607614,0.5425075008732909,0,28,4778,-0.5438154820279533,4
1,1,1,0,1.247217966963116,1,2,1,2,2,2,0,2,2,2,0,1,1.4536837652263923,2.0789270149467187,0,49,6453,-0.46725731104082335,8
1,0,1,1,-0.7888002190384014,0,1,0,2,2,0,2,0,0,2,0,3,-0.8046983579993692,-0.7453274977070509,0,27,2898,-0.32954332475397213,4
0,1,1,0,0.6364125111626608,1,0,0,0,2,0,0,0,2,1,1,0,-0.1931570619382357,0.22498815434675926,0,49,4815,-0.5236963905085306,3
1,0,1,1,1.002895784642934,1,0,2,1,1,1,1,1,1,2,0,3,-1.462769970065154,-0.5102652386694851,0,68,4937,-0.6206145768163015,8
1,0,1,0,1.5729808767233588,1,2,1,0,2,2,2,2,2,1,1,0,1.608230886241842,2.5030582137563355,0,75,4068,-0.4814498507496275,8
0,0,1,1,-1.0331224013585834,1,2,0,0,0,0,0,0,0,0,0,2,-0.5305018529719588,-0.8514540487796605,0,51,4785,0.03776221904623031,2
0,0,0,0,-0.6666391278783103,1,2,0,0,0,0,0,0,2,0,1,0,-0.056889707924613786,-0.5350156004037333,0,73,3214,-0.23639816521069829,3
1,0,1,0,0.06632741908223598,1,2,1,0,0,2,0,2,2,0,0,2,1.1994288242009752,0.5504046751164825,0,76,5891,-0.3312631500426687,6
1,0,0,0,-0.6666391278783103,1,2,1,0,2,0,0,0,0,0,1,3,0.5247392421335293,-0.45478648665376836,0,24,5183,-0.11837093951583354,4
1,0,0,1,0.6364125111626608,1,2,0,2,2,2,0,0,0,1,1,0,-0.012021188920128179,0.3333647383043006,0,45,2545,-0.5109439444903039,5
1,0,1,1,1.0436161483629645,1,0,0,0,2,0,2,2,2,1,1,1,0.3469269631157543,0.8916596626644498,0,46,4559,-0.5154968314531165,5
0,0,1,0,1.6137012404433893,1,2,0,2,0,2,2,2,2,2,1,0,0.6693155811479823,1.6701269225589406,0,65,4447,-0.5282880403567419,7
0,0,0,0,-1.0331224013585834,1,0,2,1,1,1,1,1,1,0,0,3,-1.5109620830699715,-0.9418303696577486,0,57,4764,-0.3850281644250172,8
0,0,0,0,-0.0965540357978854,1,0,0,2,2,2,2,2,0,1,0,1,0.32864719611392706,0.01273505220154,0,59,5616,-0.38553671491361025,6
1,0,1,0,-0.055833672077855064,1,2,0,0,0,0,0,2,0,0,1,1,-0.18983346793790365,-0.17512063454432233,0,59,5841,-0.4500590581538574,3
0,1,0,0,0.5549717837226001,1,2,0,0,0,2,2,0,2,1,1,1,0.14418772909548702,0.43042498039939153,0,30,3856,-0.49306612537984085,5
1,0,1,0,0.7178532386027215,1,0,2,1,1,1,1,1,1,2,0,3,-1.4694171580658184,-0.5347508906525649,0,78,4745,-0.6154341700136352,8
1,0,1,0,-0.1779947632379461,1,0,1,0,0,0,2,0,0,0,0,0,0.39179548212023946,-0.0945606336053968,0,71,2085,-0.35898368375998535,3
0,0,0,0,1.369379058123207,0,1,0,2,2,2,2,2,2,2,1,0,-0.07516947492644105,0.8191291908442999,0,57,4165,-0.554679089358509,7
0,0,1,1,0.35136996512244845,1,0,1,0,0,2,0,2,2,0,1,0,1.001674981181207,0.6918920371160081,0,53,3539,-0.4025676524883119,5
1,1,1,0,1.6137012404433893,1,2,1,0,2,2,2,2,2,2,1,0,1.5583769762368582,2.5337645448918735,0,36,4406,-0.4862740435780807,8
0,0,0,0,-1.0331224013585834,1,0,2,1,1,1,1,1,1,1,0,3,-1.491020519067978,-0.9293890113528323,0,46,2750,-0.3764290379815342,8
0,0,1,1,0.22920887396235737,1,0,2,1,1,1,1,1,1,0,0,3,-1.4727407520661506,-0.6611056785436287,0,43,5587,-0.601513010059882,8
1,0,0,0,0.47353105628253944,1,0,1,2,2,2,0,2,2,1,1,2,1.3722557122182522,0.9843080755734003,0,60,4588,-0.3914297363329434,7
1,0,1,1,0.5956921474426305,1,2,1,2,2,2,2,2,2,1,1,0,1.6182016682428386,1.3403426908949383,0,35,3729,-0.39064148307562413,9
1,0,1,1,0.8400143297628127,1,0,1,0,2,0,2,2,0,0,1,2,0.9235705221733989,1.1028318666590646,0,27,4700,-0.4651274348152385,5
1,0,1,0,-1.1552834925186746,1,2,0,0,0,2,0,2,0,0,0,2,0.0278619390838584,-0.8954399857654812,0,44,4552,0.8426404541562391,4
1,1,0,0,-0.5037576729981889,1,2,1,0,0,0,0,2,0,0,1,2,0.6510358141461546,-0.2358274041456155,0,70,4915,-0.20110240438385302,4
1,1,1,0,1.002895784642934,1,2,0,0,2,2,0,2,0,1,1,1,0.21065960910213194,0.8207615676431722,0,40,5462,-0.5210821592463316,5
0,1,1,0,0.47353105628253944,1,0,1,2,2,0,2,0,0,0,1,2,0.677624566148813,0.6135820690620143,0,45,2672,-0.44468062304962336,5
1,0,0,0,-0.3408762181180675,1,0,0,0,0,2,0,0,0,0,1,3,-0.5005895069689685,-0.49056642135336787,0,48,5832,-0.4336992200951309,2
1,0,1,1,-0.7073594915983407,0,1,0,2,0,0,0,0,0,0,1,0,-1.1486903370337564,-0.7985782759837665,0,78,5825,-0.44522204952939815,2
0,0,0,0,-0.3408762181180675,1,0,0,2,0,0,2,0,0,0,0,1,-0.27957050594687416,-0.3964179865211296,0,42,5128,-0.40320098497557794,3
0,0,0,0,0.025607055362205634,1,2,1,0,2,2,0,2,2,0,0,2,1.422109622223236,0.6025524960966631,0,33,4800,-0.29895259482897657,7
0,0,1,1,1.0436161483629645,1,0,2,1,1,1,1,1,1,2,1,3,-1.4926823160681442,-0.4945150084749636,0,46,6440,-0.623058785949565,8
0,0,1,1,1.6137012404433893,1,2,1,2,2,0,0,2,0,2,1,0,1.0349109211845293,2.062272359769038,0,30,4213,-0.5110112566346756,6
0,0,1,0,1.5729808767233588,1,2,2,1,1,1,1,1,1,2,0,3,-1.3597385560548543,-0.26807787549630263,0,77,6166,-0.6236539232316705,9
1,0,1,0,0.758573602322752,1,0,0,2,2,2,2,2,2,2,1,1,0.6344178441444933,0.8944391150517185,0,53,5703,-0.4767521798221692,7
1,1,1,0,1.6137012404433893,1,0,1,2,2,0,2,0,0,2,1,1,0.6659919871476498,1.703811238395123,0,54,4240,-0.5284451020269426,5
1,0,0,1,-0.748079855318371,1,0,0,2,2,2,2,0,2,2,0,0,0.37683930911874425,-0.5404200911567555,0,33,2045,-0.07995026738011474,6
0,0,1,1,1.6137012404433893,1,2,0,2,2,0,2,2,0,2,0,3,0.32532360211359457,1.3901301832605337,0,25,4703,-0.5445439232225043,6
0,0,1,1,-0.4223169455581282,0,1,0,0,2,0,0,2,0,0,0,2,-0.8495668770038544,-0.6308184711807742,0,25,3288,-0.4662213655544255,3
0,0,0,0,-1.2367242199587352,1,2,1,0,2,0,0,0,0,0,0,2,0.4915033021302069,-0.938830325811173,0,24,5965,2.378635528661047,4
0,0,0,0,-0.7073594915983407,1,0,2,1,1,1,1,1,1,0,0,3,-1.5009913010689746,-0.8736896678778086,0,35,3195,-0.5211809997801647,8
1,0,1,1,0.758573602322752,1,0,2,1,1,1,1,1,1,2,0,1,-1.502653098069141,-0.5263242969070365,0,40,5974,-0.6185275209288248,8
1,0,1,0,1.5322605130033284,0,1,0,2,0,2,2,0,0,2,1,1,-0.8512286740040206,0.1822154703871272,0,60,5840,-0.5984116518289111,4
0,0,1,1,1.5729808767233588,1,0,2,1,1,1,1,1,1,2,0,0,-1.4843733310673135,-0.39271205000477166,0,23,5043,-0.6296255388174226,8
0,0,1,1,0.26992923768238775,1,2,1,0,0,0,2,2,2,0,1,1,1.1695164781979852,0.6563326938757157,0,43,4447,-0.3751391690150117,6
0,0,1,1,1.1657772395230555,1,2,0,2,2,0,0,0,0,0,0,2,-0.16490651293541178,0.6007877644222068,0,53,5381,-0.5510467830193583,4
0,0,0,0,0.7992939660427822,1,0,0,2,0,0,0,0,0,0,1,0,-0.4989277099688025,0.11286151558099869,0,26,6334,-0.5540091114228953,2
1,0,1,0,1.2879383306831464,1,2,1,2,0,2,2,2,2,1,1,3,1.4536837652263923,2.0299336518346287,0,22,4576,-0.47024771238415,8
1,0,1,0,1.2064976032430856,1,0,0,0,2,2,2,0,0,2,1,1,-0.15327393393424887,0.6500678964313961,0,80,4404,-0.5521651537908098,4
1,0,1,0,-0.0965540357978854,1,0,2,1,1,1,1,1,1,2,0,3,-1.5192710680708021,-0.7245036639484677,0,28,2347,-0.5911760397556124,8
1,1,1,0,1.247217966963116,1,0,0,2,2,2,2,2,2,1,1,0,0.6394032351449919,1.3455265901886535,0,42,5688,-0.5111486855961012,7
0,0,0,0,-1.2774445836787656,1,0,0,0,0,0,0,0,0,0,1,1,-0.6717545979860794,-0.986125134686599,0,45,5825,1.8923071553573974,1
1,0,1,0,-0.7073594915983407,1,2,1,0,0,2,2,2,2,0,1,2,1.285842268209614,-0.32644637562894135,0,53,5640,0.07968296045821,7
1,0,1,1,-0.21871512695797646,1,0,1,2,2,0,0,0,0,1,1,1,0.5280628361338618,-0.03087587930345877,0,31,5856,-0.331385994706147,4
0,0,0,1,-1.1552834925186746,0,1,0,2,2,2,0,2,2,0,1,3,-0.25131995694405,-0.9070651556709615,0,26,2421,0.6500200218222202,6
0,0,1,0,1.6137012404433893,1,2,1,2,2,2,0,2,2,2,1,2,1.5284646302338678,2.4141377965096735,0,34,4848,-0.4876875986098862,8
1,1,1,0,0.5142514200025698,1,2,2,1,1,1,1,1,1,1,0,1,-1.33148800705203,-0.4876766732364458,0,61,5644,-0.6000686380225523,9
0,1,0,0,0.5142514200025698,1,2,1,2,2,0,2,2,0,0,1,2,1.07313225218835,0.9288293235576836,0,34,4735,-0.4197362327512493,7
0,0,0,0,0.14776814652229667,1,0,0,2,2,2,2,2,0,1,1,3,0.3851482941195749,0.14409726621887328,0,38,4771,-0.4250412167498728,6
1,0,0,0,-1.2774445836787656,1,0,2,1,1,1,1,1,1,0,0,3,-1.5242564590713006,-0.9974414765490495,0,69,4480,0.4218565335218043,8
1,1,0,0,-0.6666391278783103,1,2,1,0,0,0,0,0,0,0,1,0,0.32200000811326246,-0.44929375931702353,0,47,5111,-0.15951185818661492,3
0,0,1,0,1.5729808767233588,1,0,0,2,2,2,2,2,2,2,1,1,0.6526976111463211,1.6277733623719917,0,21,5619,-0.5272322369070601,7
1,0,1,1,-0.9109613101984924,1,2,2,1,1,1,1,1,1,0,1,3,-1.341458789053027,-0.8937634906747478,0,54,4458,-0.40730771930131404,9
1,0,1,1,-0.5037576729981889,1,0,2,1,1,1,1,1,1,2,0,3,-1.4860351280674797,-0.8293066662652352,0,24,4328,-0.5521651537908098,8
0,0,0,0,-1.1552834925186746,1,0,0,0,0,0,0,2,0,0,0,1,-0.3078210549496983,-0.9054768971639509,0,66,2328,0.6110373152784304,2
1,1,1,0,-0.13727439951791576,1,2,1,0,0,0,0,0,2,0,1,2,0.6493740171459885,0.03441919265142058,0,67,2217,-0.33945279427455727,4
1,0,0,0,-1.2367242199587352,1,0,1,2,2,0,0,2,2,0,0,2,1.1778254631988159,-0.9182050243659662,0,23,4855,3.1678442444740424,6
0,0,0,0,-0.13727439951791576,1,0,2,1,1,1,1,1,1,2,0,3,-1.5076384890696393,-0.761254201069018,0,35,2265,-0.5874898192443558,8
1,0,0,0,-0.7888002190384014,1,0,2,1,1,1,1,1,1,0,1,2,-1.4744025490663168,-0.8947561522416294,0,54,2486,-0.4945646560265268,8
0,0,1,0,1.0843365120829946,1,2,1,2,2,0,0,2,0,0,1,2,0.9966895901807084,1.46380773066908,0,26,5238,-0.48057401379705056,6
1,0,1,0,-0.5851984004382496,1,0,0,0,0,0,0,0,0,0,1,0,-0.6784017859867437,-0.6669292930693342,0,44,2935,-0.394004445537074,1
0,0,1,1,-0.62591876415828,1,0,0,2,2,0,0,2,2,0,0,3,0.32532360211359457,-0.46938964125989346,0,22,4451,-0.186770526978048,5
1,0,1,0,0.5956921474426305,1,0,0,0,2,2,0,2,2,2,0,2,0.2937494591104381,0.548353174544927,0,51,4795,-0.4858290355125124,5
1,0,1,1,-0.5444780367182193,1,2,0,0,0,0,0,0,0,0,0,1,-0.48729513096763954,-0.6041048454586935,0,76,5749,-0.3744225751447215,2
0,1,1,1,1.4508197855632678,0,1,0,0,2,2,0,2,2,2,1,2,-0.39091090495800446,0.6072952124717641,0,31,5583,-0.573565050240223,5
0,0,1,0,-1.2367242199587352,1,0,2,1,1,1,1,1,1,0,0,0,-1.4926823160681442,-0.9828383219429244,0,80,4107,0.09700064565689108,8
1,0,0,0,-1.0331224013585834,0,1,0,0,0,0,0,0,0,1,1,1,-1.343120586053193,-0.9392273904379257,0,26,4665,-0.3126521835257019,1
0,0,0,0,-0.5851984004382496,1,0,2,1,1,1,1,1,1,0,1,3,-1.502653098069141,-0.8340493826403362,0,28,2386,-0.5436594180271641,8
0,0,1,0,1.5729808767233588,1,2,2,1,1,1,1,1,1,2,0,1,-1.3198554280508674,-0.17913539910371015,0,52,6334,-0.6217430062442298,9
1,1,1,0,-0.7888002190384014,1,2,1,2,2,0,0,0,2,0,0,1,0.9651154471775519,-0.44944817333853837,0,43,5870,0.10655523059409437,6
1,0,1,0,1.6137012404433893,1,2,1,0,2,2,0,2,2,2,1,0,1.2958130502106107,2.2352381230116767,0,45,4655,-0.4986819155239283,7
1,0,1,1,1.369379058123207,0,1,0,0,2,2,0,2,2,2,1,1,-0.2662761299455452,0.6303029016774868,0,46,5748,-0.5645188857863751,5
1,0,1,1,-0.3408762181180675,1,0,2,1,1,1,1,1,1,1,1,1,-1.461108173064988,-0.7985782759837665,0,48,4654,-0.5662404223440156,8
0,0,1,1,0.9621754209229036,1,2,2,1,1,1,1,1,1,2,1,3,-1.3397969920528607,-0.39436648594957435,0,52,5577,-0.6124524295750281,9
0,1,1,0,-0.4223169455581282,1,2,2,1,1,1,1,1,1,1,0,0,-1.3015756610490399,-0.7636586479754646,0,75,2628,-0.5340173769349292,9
0,0,0,0,0.3920903288424788,1,0,0,2,2,2,0,0,0,0,0,0,-0.1698919039359101,0.11330269849961275,0,80,3048,-0.5025828891000735,4
0,0,1,1,1.6137012404433893,1,2,0,2,0,2,2,2,2,2,1,0,0.6161380771426661,1.6601561885982627,0,61,4505,-0.5308010270799516,7
0,0,0,0,-0.8295205827584317,1,2,1,0,0,0,2,0,0,0,1,1,0.4915033021302069,-0.5830163019489419,0,62,3445,0.039967123262507995,4
1,0,1,0,1.5729808767233588,1,2,2,1,1,1,1,1,1,2,0,0,-1.3397969920528607,-0.24224661561144992,0,72,4766,-0.6226984647379501,9
0,0,1,0,-0.2594354906780068,1,0,2,1,1,1,1,1,1,1,0,3,-1.5142856770703037,-0.8030121643158379,0,39,3656,-0.5801009402262519,8
0,0,0,1,-1.0331224013585834,0,1,0,2,0,0,0,0,0,0,0,3,-1.1619847130350858,-0.9166829432967478,0,56,4236,-0.23454345166406465,2
0,0,1,1,-1.0738427650786138,1,0,0,0,0,0,0,0,0,0,0,3,-0.640180454982923,-0.8799544653221281,0,51,5450,0.08362422674480635,1
1,0,1,0,0.758573602322752,0,1,0,0,2,0,0,0,0,0,1,1,-1.153675728034255,-0.3310126188365967,0,21,5045,-0.595376026657909,2
1,0,1,1,1.6137012404433893,0,1,0,2,2,2,2,2,2,2,1,0,0.0295237360840249,1.0521178901643797,0,47,4934,-0.558522411870358,7
0,0,0,0,0.5956921474426305,1,2,0,2,2,0,2,0,2,2,0,3,0.3087056321119333,0.5367280046394469,0,75,2831,-0.48475414470707695,6
1,1,0,0,1.2064976032430856,1,2,1,0,2,2,2,2,2,1,1,0,1.5284646302338678,2.1060377052955523,0,43,5166,-0.4600771542055739,8
0,0,1,1,-0.6666391278783103,1,0,2,1,1,1,1,1,1,2,0,3,-1.4976677070686424,-0.8727411246027884,0,43,5293,-0.5287684642891204,8
1,0,0,0,-1.0738427650786138,1,0,0,0,0,0,2,0,0,0,1,1,-0.5072366949696331,-0.8678219350602416,0,75,5552,0.1491413805999149,2
0,0,1,1,1.4915401492832983,0,1,0,2,0,2,0,0,2,2,1,1,-0.6916961619880726,0.30016572367859334,0,73,4479,-0.5896464255587531,4
0,0,1,0,1.2879383306831464,1,2,1,0,2,2,2,2,2,0,1,2,1.541759006235197,2.0619414725800778,0,55,5455,-0.4655733154456413,8
1,0,0,0,-0.30015585439803716,1,0,2,1,1,1,1,1,1,0,0,3,-1.4677553610656522,-0.7668792832813471,0,50,2305,-0.5707913446464128,8
0,0,0,0,-1.0738427650786138,1,0,2,1,1,1,1,1,1,2,0,1,-1.4993295040688086,-0.9542276096708033,0,27,3945,-0.3397803800438329,8
1,0,1,0,1.369379058123207,1,2,1,2,2,2,2,2,2,1,0,0,1.6963061272506461,2.498161083359719,0,42,5845,-0.46346845464454994,9
0,0,0,0,1.1657772395230555,1,2,0,0,2,2,2,2,2,2,0,1,0.7939503561604415,1.3418647719641568,0,79,4730,-0.49769521357968427,7
0,1,1,0,0.43281069256250915,1,2,1,2,2,0,0,2,0,0,1,2,0.9883806051798778,0.8281293223840267,0,32,4745,-0.4153856865664041,6
0,0,0,0,-0.8295205827584317,1,0,2,1,1,1,1,1,1,0,0,3,-1.4843733310673135,-0.9071313331087536,0,32,5179,-0.4843590993683273,8
1,1,0,0,-0.38159658183809786,0,1,0,0,0,0,0,0,2,0,1,0,-1.0007904040189717,-0.6667528199018885,0,67,2307,-0.496100214320006,2
1,1,1,0,1.5729808767233588,0,1,0,0,2,2,0,2,2,0,1,0,-0.41417606296033027,0.6552959140169727,0,51,5491,-0.578349266321098,5
0,0,0,0,0.06632741908223598,1,2,0,0,0,0,2,2,0,0,0,3,0.00792037508186511,-0.053927686801042866,0,55,5567,-0.4487026483279508,4
0,0,1,0,0.35136996512244845,0,1,0,0,2,0,2,0,0,1,0,3,-0.9742016520163136,-0.39180762502161276,0,80,2954,-0.5648591023502371,3
0,0,1,1,1.6137012404433893,1,0,2,1,1,1,1,1,1,2,0,1,-1.4976677070686424,-0.3970356426071893,0,33,5451,-0.630692249327535,8
1,1,0,0,-0.748079855318371,1,2,1,0,0,0,0,2,2,0,1,2,1.0249401391835322,-0.4440216234395856,0,78,3502,0.06910125764025726,5
0,0,0,0,0.35136996512244845,1,0,2,1,1,1,1,1,1,2,1,3,-1.4926823160681442,-0.6482231373200984,0,40,3523,-0.6074452523560577,8
0,0,1,1,-0.38159658183809786,1,2,1,2,0,0,0,0,0,1,0,1,0.5679459641378485,-0.20686374553860323,0,80,5939,-0.2706120098020073,4
1,0,1,1,1.5729808767233588,1,0,1,2,2,2,2,2,2,2,0,1,1.48027251722905,2.427880644424502,0,61,5737,-0.4875807094176663,8
1,0,1,0,1.6137012404433893,1,2,2,1,1,1,1,1,1,2,0,3,-1.3082228490497045,-0.2129300106695464,0,46,6011,-0.6217397341261006,9
1,0,1,1,-1.0738427650786138,1,0,1,0,0,0,0,0,0,0,1,2,0.16745288709781284,-0.8390788679125364,0,62,2651,0.481640936414591,2
1,0,1,1,-0.38159658183809786,1,0,2,1,1,1,1,1,1,1,1,1,-1.4876969250676457,-0.8093210800520187,0,62,2170,-0.5660875489850205,8
0,0,0,0,1.6137012404433893,1,0,1,2,2,2,2,2,2,2,1,2,1.5002140812310438,2.3578869743863824,0,37,5234,-0.48902262280659126,8
0,0,1,0,-1.0331224013585834,1,0,0,2,0,0,0,0,0,0,1,0,-0.4806479429669752,-0.849115779311006,0,42,2547,0.059260035154937815,2
1,0,1,1,-0.9516816739185228,1,0,1,0,2,0,2,2,2,0,1,2,1.221032185203135,-0.6056931039657041,0,60,2757,0.5021150469943124,6
0,0,0,0,-0.8295205827584317,1,2,1,0,2,0,0,0,2,0,1,2,0.8105683261621028,-0.5392068381305668,0,80,4041,0.1246354451675715,5
0,0,0,0,-1.2774445836787656,1,0,2,1,1,1,1,1,1,0,1,3,-1.5076384890696393,-0.9972208850897424,0,25,2742,0.4505202883334143,8
0,1,1,1,0.6364125111626608,0,1,0,0,2,0,0,0,0,1,0,0,-1.1586611190347533,-0.39308705548559353,0,49,2617,-0.5916704376332056,2
1,0,0,0,-0.5037576729981889,1,0,1,0,0,0,0,2,0,0,0,2,0.466576347127715,-0.28166630938961534,0,80,2317,-0.23140408804184073,3
0,0,0,0,-0.9109613101984924,1,0,2,1,1,1,1,1,1,1,1,3,-1.5109620830699715,-0.9240727571835331,0,38,4190,-0.4604659554973907,8
1,0,1,1,-0.5037576729981889,1,2,1,0,2,0,2,2,0,0,0,3,1.0648232671875193,-0.19987099627857047,0,26,3222,-0.1331283572591779,6
1,0,1,0,-0.5037576729981889,1,0,2,1,1,1,1,1,1,1,0,3,-1.4660935640654862,-0.8215859651894892,0,40,4147,-0.5488892960980544,8
1,0,1,1,-0.5444780367182193,1,0,2,1,1,1,1,1,1,1,0,3,-1.4943441130683104,-0.8537923182483149,0,27,4464,-0.5481249293030781,8
1,0,1,0,-0.4223169455581282,1,0,1,2,2,0,2,2,2,0,1,2,1.3240635992134344,-0.04375842052698894,0,68,2429,-0.14020231082759177,7
0,0,0,0,0.10704778280226633,1,2,1,0,0,0,2,0,0,0,0,1,0.5081212721318681,0.24537080518672846,0,31,3999,-0.40668522361601145,4
0,0,0,0,-1.2774445836787656,1,0,0,0,0,0,0,0,0,0,0,3,-0.6518130339840859,-0.9858604249354307,0,48,4131,1.9267036611313295,1
1,0,0,0,0.26992923768238775,1,2,1,0,0,0,0,0,0,0,1,1,0.2787932861089434,0.19902453958632246,0,62,3271,-0.4519580319101265,3
0,1,1,0,0.880734693482843,1,0,1,0,0,2,2,2,2,1,1,2,1.141265929195161,1.3929758130855945,0,54,4118,-0.45504590004210455,6
1,0,0,0,0.9621754209229036,1,2,1,2,0,0,2,2,2,0,1,3,1.3489905542159264,1.550632529052325,0,31,5680,-0.44972276190771243,7
1,0,0,1,-0.5851984004382496,1,0,0,0,0,0,0,0,0,0,1,1,-0.6351950639824246,-0.6761279569224371,0,75,4403,-0.38615962843073864,1
0,0,1,1,-0.6666391278783103,1,2,1,0,2,0,0,0,0,0,1,1,0.5047976781315361,-0.44638195205417075,0,65,3855,-0.12241758725394317,4
0,0,0,0,1.4508197855632678,1,0,0,2,0,2,0,0,0,1,1,1,-0.3427187919531868,0.6155453330498467,0,45,6309,-0.5711556331691022,3
0,1,1,0,0.8400143297628127,1,2,2,1,1,1,1,1,1,2,0,1,-1.3181936310507012,-0.4430069027267733,0,70,5295,-0.6083400468184306,9
0,0,1,1,1.6137012404433893,1,2,0,2,0,2,2,2,2,2,0,1,0.6626683931473177,1.5945081703084922,0,49,6375,-0.5286021636971432,7
1,0,0,0,-0.9516816739185228,1,2,1,0,0,0,0,0,0,0,1,2,0.36853032411791364,-0.6860766317371839,0,70,5212,0.20802492262719366,3
0,0,0,0,-0.0965540357978854,1,0,0,2,0,0,0,0,0,0,1,3,-0.5305018529719588,-0.3277919835307142,0,71,4864,-0.4811442067691094,2
0,0,0,0,-0.5851984004382496,0,1,0,0,0,2,2,0,0,0,1,2,-0.9825106370171443,-0.7378494472365427,0,32,5381,-0.44921988901628057,3
0,1,1,1,0.9214550572028734,1,2,0,2,0,2,2,2,0,1,0,2,0.3818247001192428,0.8271366608171451,0,42,4319,-0.5055183051866778,6
1,1,0,0,0.025607055362205634,1,2,2,1,1,1,1,1,1,1,1,0,-1.3248408190513656,-0.6317449553098637,0,52,5756,-0.5776654577912785,9
1,0,1,0,0.47353105628253944,0,1,0,0,2,2,0,2,2,2,0,0,-0.3477041829536853,0.048845874090099925,0,64,3222,-0.5232830084663493,5
0,0,1,1,-0.0965540357978854,1,0,0,2,0,0,2,0,2,0,0,0,0.051127097086184216,-0.15716448975673047,0,80,4631,-0.4164195991299901,4
0,0,1,0,1.5729808767233588,1,0,2,1,1,1,1,1,1,2,1,0,-1.4577845790646555,-0.347005499636356,0,53,4030,-0.6283515941591288,8
1,0,1,0,-1.2774445836787656,1,0,1,0,0,2,0,0,0,0,0,1,0.35191235411625243,-0.9725367007932865,0,70,3514,3.6579944517525735,3
1,1,1,0,-0.38159658183809786,1,2,1,0,2,2,0,2,2,0,1,2,1.3190782082129364,-0.04186133397694865,0,37,5883,-0.16264520001160954,7
0,0,0,1,-0.4223169455581282,0,1,0,0,0,2,0,2,2,1,1,1,-0.5088984919697991,-0.5507437714523241,0,28,5941,-0.4151251069772077,4
0,0,0,1,0.6771328748826912,1,0,2,1,1,1,1,1,1,1,0,1,-1.505976692069473,-0.5993180107917311,0,34,4170,-0.6170325958701885,8
0,0,1,1,0.3920903288424788,1,0,1,0,0,2,0,2,2,0,1,2,0.9102761461720702,0.7039804490860331,0,33,5697,-0.4159250257161363,5
0,0,1,1,-1.0331224013585834,1,0,2,1,1,1,1,1,1,2,0,3,-1.4926823160681442,-0.9421833159926397,0,60,3973,-0.3771456318518244,8
0,0,1,1,1.4100994218432374,1,2,1,2,0,2,2,0,2,1,1,0,1.1794872601989819,1.9452927088985232,0,64,5588,-0.49260155012976525,7
1,0,0,0,-0.7073594915983407,1,2,1,0,2,0,2,0,2,0,0,2,1.0282637331838649,-0.3655793005100076,0,23,4999,0.02414693551071562,6
1,0,1,0,1.4100994218432374,1,2,1,0,2,2,0,0,2,2,1,2,0.9435120861753926,1.803761228607136,0,59,4001,-0.504572883021673,6
1,0,1,1,0.8400143297628127,1,0,0,2,2,0,2,2,0,2,1,3,0.16412929309748078,0.6396559795521046,0,27,4590,-0.5136434938852598,5
1,0,1,1,-0.46303730927815856,1,0,2,1,1,1,1,1,1,1,0,3,-1.4943441130683104,-0.8513216939040763,0,47,3243,-0.5584438810352577,8
0,0,1,1,0.3106496014024181,1,0,0,2,2,0,2,0,2,0,1,3,0.21896859410296257,0.2503561721670671,0,43,5807,-0.4621057002294075,5
0,0,1,1,-0.4223169455581282,1,0,2,1,1,1,1,1,1,1,0,0,-1.462769970065154,-0.8062107404757897,0,59,2258,-0.5581946309934176,8
1,0,0,0,0.26992923768238775,0,1,0,0,0,0,2,0,2,0,1,2,-0.803036560999203,-0.3464319618421578,0,58,4436,-0.545258553821917,3
0,0,1,0,-1.2367242199587352,1,0,2,1,1,1,1,1,1,0,0,3,-1.4760643460664828,-0.9873163285668571,0,74,5761,0.11610981553129777,8
0,0,1,1,1.002895784642934,1,0,2,1,1,1,1,1,1,2,0,0,-1.4960059100684764,-0.44457310208785317,0,80,4235,-0.6225913874929642,8
1,0,1,1,-0.9924020376385531,1,0,0,0,0,0,0,2,0,0,1,2,-0.34438058895335305,-0.79617382907732,0,62,4854,0.03139249575476145,2
0,0,1,1,-1.0331224013585834,1,0,2,1,1,1,1,1,1,0,0,3,-1.4727407520661506,-0.939271508729787,0,75,4484,-0.36854650540834144,8
1,0,0,0,0.6771328748826912,1,2,0,0,0,0,2,2,0,2,1,0,0.046141706085686136,0.4055643229354899,0,33,6138,-0.5099448078940135,4
0,0,0,0,1.3286586944031769,1,2,1,2,2,0,2,0,0,1,1,2,0.8338334841644282,1.5727799115667502,0,77,6421,-0.5055462244283774,6
0,0,0,0,0.9214550572028734,1,0,0,0,0,0,0,0,0,1,0,0,-0.6551366279844181,0.08067722166810365,0,39,4055,-0.5693975301954087,1
1,0,1,1,1.5729808767233588,1,2,0,2,2,2,2,2,2,2,0,0,0.7341256641544608,1.7577017319038293,0,60,6452,-0.5233307813910355,8
1,0,0,0,0.10704778280226633,1,2,1,2,2,2,2,0,0,0,1,3,1.0631614701873533,0.49574211150020164,0,37,5154,-0.3534980341322462,7
1,0,0,0,-0.62591876415828,1,2,1,2,2,2,2,2,0,0,1,0,1.392197276220246,-0.26807787549630263,0,25,2754,0.01769759067810343,8
0,0,1,0,1.6137012404433893,1,2,1,2,0,2,2,2,2,2,1,1,1.5085230662318745,2.471270984470193,0,21,4498,-0.48862996863108976,8
0,0,1,1,-0.1779947632379461,1,0,1,2,0,0,0,0,2,1,1,0,0.6011819041411709,0.018117483808631527,0,75,5802,-0.3340758692340346,4
0,0,1,0,-0.5851984004382496,1,0,2,1,1,1,1,1,1,2,0,3,-1.4843733310673135,-0.8423215623643496,0,30,4329,-0.5403404569437145,8
0,0,0,0,0.7992939660427822,1,0,0,0,0,2,0,0,2,0,1,2,-0.17653909193657447,0.3370486156747279,0,40,6107,-0.533025079598547,3
0,0,1,0,0.5956921474426305,1,0,0,0,2,0,0,2,0,0,1,0,-0.2047896409393986,0.19573772684264787,0,33,2613,-0.5216587290270249,3
0,0,0,0,-0.38159658183809786,1,0,0,0,0,2,0,0,0,0,0,1,-0.5005895069689685,-0.5287508029594138,0,47,4790,-0.42420196266755084,2
1,0,1,1,1.369379058123207,1,0,0,2,2,2,2,0,0,2,0,3,0.03617092408468901,0.8017686429968373,0,53,5500,-0.548946338396187,5
0,0,0,0,-0.9924020376385531,1,2,1,0,0,0,0,0,0,0,1,2,0.29042586511010604,-0.7268639925630528,0,61,5777,0.27471592548887297,3
0,0,1,1,1.5729808767233588,1,2,1,2,2,2,2,2,2,2,0,1,1.624848856243503,2.5972728260263658,0,27,6208,-0.48065363533819383,9
0,1,0,0,0.7178532386027215,1,2,1,2,2,0,0,0,0,0,1,2,0.6194616711429987,0.809114338591761,0,68,4977,-0.47413871982464,5
1,0,1,0,0.5549717837226001,1,0,0,2,2,2,2,0,0,2,0,3,0.0295237360840249,0.33857069674394646,0,79,2680,-0.5014822916862285,5
0,0,0,0,1.369379058123207,0,1,0,2,0,2,2,2,2,2,1,0,-0.11339080593026184,0.8442766172053007,0,67,4824,-0.5566470486440821,6
0,0,1,0,0.3920903288424788,1,2,1,0,0,2,2,0,0,0,1,1,0.7025515211513048,0.6397221569898968,0,25,2219,-0.43258999944381654,5
0,0,0,0,-1.1145631287986442,1,0,1,0,0,0,2,0,0,0,1,3,0.36188313611724954,-0.8295493168704728,0,40,2296,0.7839753026418108,3
1,0,0,0,-0.13727439951791576,1,2,0,0,2,2,0,0,2,1,0,1,0.20401242110146783,-0.13903187180169307,0,29,2064,-0.3906653695379671,5
0,0,1,1,-0.21871512695797646,1,0,0,0,2,0,0,0,0,0,0,3,-0.49560411596847015,-0.41629327700469254,0,75,5580,-0.457506515877231,2
0,0,1,1,-0.30015585439803716,1,0,2,1,1,1,1,1,1,2,0,3,-1.4843733310673135,-0.7913428761184962,0,46,5306,-0.5729962488626905,8
1,0,1,0,1.002895784642934,1,2,1,2,2,2,2,2,0,0,1,2,1.2725478922082847,1.6085598462663497,0,22,5586,-0.45792305812695644,8
0,1,1,0,0.5956921474426305,1,2,1,0,0,2,0,2,2,0,0,2,1.1612074931971548,1.0886037175337615,0,67,4787,-0.4234853687972606,6
0,0,0,0,-0.7888002190384014,1,0,1,0,0,0,0,2,0,0,1,3,0.5696077611380149,-0.5518467287488593,0,71,2054,0.00909846423462041,3
1,0,1,1,1.5729808767233588,1,2,0,2,0,0,0,2,0,1,1,2,0.04780350308585216,1.064493071031504,0,62,4756,-0.5562144778832436,4
0,0,0,0,-1.2774445836787656,1,0,2,1,1,1,1,1,1,0,0,2,-1.4960059100684764,-0.9970664710682275,0,38,3666,0.4705849167015414,8
1,1,0,0,-1.2367242199587352,1,2,1,0,0,0,0,0,0,0,1,3,0.2605135191071156,-0.9377053093687071,0,47,5098,2.1130180674067947,3
1,1,0,0,0.9214550572028734,1,2,1,2,2,2,2,2,2,0,1,2,1.7195712852529719,1.8100922034892477,0,58,4222,-0.4231100101032991,9
1,1,0,0,1.5729808767233588,1,2,1,0,2,0,2,2,2,2,1,2,1.397182667220744,2.3574457914677684,0,28,6423,-0.49156178647483434,7
1,0,1,1,0.7178532386027215,1,2,2,1,1,1,1,1,1,2,0,3,-1.3231790220511994,-0.44924964102516207,0,57,6019,-0.6055423644315894,9
1,0,0,0,-1.2774445836787656,1,0,1,0,0,0,0,2,2,0,1,2,0.8138919201624348,-0.9664042582245511,0,28,5579,4.4548468355153314,4
1,0,0,0,-1.1145631287986442,1,0,2,1,1,1,1,1,1,0,1,3,-1.5126238800701375,-0.967816043564116,0,27,3056,-0.29378187827472535,8
0,0,0,0,1.369379058123207,1,2,1,2,2,2,2,2,0,1,1,0,1.3224018022132684,1.9850212307197184,0,53,4494,-0.482720230264288,8
0,0,1,1,0.6771328748826912,1,0,0,2,2,2,2,2,2,1,1,3,0.7457582431556239,0.9111599476671908,0,68,4567,-0.46167504479126237,7
0,1,1,0,-1.1960038562387048,0,1,0,0,2,0,0,0,0,0,1,2,-1.1304105700319294,-0.9692278289036811,0,27,4133,0.21977706209995387,2
1,0,1,1,1.369379058123207,1,2,2,1,1,1,1,1,1,1,1,1,-1.2982520670487077,-0.2493496606011362,0,43,5517,-0.6176537864968521,9
1,0,0,1,-0.8702409464784621,1,2,1,0,0,0,0,0,2,0,0,2,0.7125223031523015,-0.6117152508047858,0,41,3157,0.16197182322987372,4
1,0,0,0,-0.1779947632379461,0,1,0,0,0,0,2,0,0,0,1,1,-1.152013931034089,-0.6480466641526529,0,31,2653,-0.5426293956219557,2
1,0,1,0,1.3286586944031769,1,2,1,2,2,2,0,2,0,2,1,2,1.1495749141959914,1.794650801337756,0,80,6300,-0.4890428504459353,7
0,0,0,0,1.2064976032430856,1,0,2,1,1,1,1,1,1,2,1,1,-1.5142856770703037,-0.5100446472101781,0,64,4937,-0.6266909163009958,8
0,0,1,0,-1.2367242199587352,1,0,2,1,1,1,1,1,1,0,0,0,-1.4843733310673135,-0.9867427907726587,0,26,4158,0.10655523059409437,8
0,0,0,0,-1.2367242199587352,1,0,2,1,1,1,1,1,1,0,0,1,-1.4760643460664828,-0.990294313267502,0,40,3746,0.11610981553129777,8
0,0,1,1,0.9214550572028734,1,2,2,1,1,1,1,1,1,2,1,1,-1.2999138640488739,-0.3934179426745541,0,42,4466,-0.6091173047200683,9
1,1,1,0,0.35136996512244845,1,0,1,0,2,0,0,2,2,0,1,2,0.9900424021800438,0.6934141181852265,0,45,4914,-0.4035231109820322,5
0,0,0,0,-0.0965540357978854,1,0,1,0,0,0,2,2,2,1,1,0,0.9850570111795457,0.15810482388486938,0,68,4584,-0.3124903720066041,5
1,0,0,0,-0.62591876415828,1,0,0,2,2,0,0,0,0,1,0,3,-0.28787949094770476,-0.5880016689292806,0,56,5025,-0.304291921705649,3
0,0,1,1,-0.6666391278783103,1,0,0,2,2,0,2,0,2,2,0,0,0.11593718009266311,-0.5139270568939818,0,43,3559,-0.20132721814708132,5
1,0,0,0,1.6137012404433893,1,2,2,1,1,1,1,1,1,2,0,0,-1.329826210051864,-0.22153307758252036,0,35,5398,-0.6227606349824045,9
1,0,0,0,-0.9516816739185228,1,2,1,0,0,0,0,0,0,0,1,2,0.3818247001192428,-0.7036357118980231,0,62,2062,0.21261112339705138,3
0,0,0,0,-1.2774445836787656,1,0,1,0,2,0,0,0,0,0,0,2,0.31867641411292996,-0.9729778837119004,0,80,4237,3.600666942129353,3
1,0,0,1,-0.38159658183809786,1,0,0,0,2,0,2,0,0,0,0,2,-0.35268957395418365,-0.4267493121758455,0,80,2496,-0.40294301118227344,3
1,0,0,1,-0.9924020376385531,1,0,2,1,1,1,1,1,1,0,0,0,-1.505976692069473,-0.9355435130674984,0,20,4119,-0.41385116231891395,8
1,0,1,1,-0.5444780367182193,0,1,0,2,2,0,0,0,0,0,1,3,-0.9908196220179748,-0.7365700167725618,0,79,3422,-0.4612737522238997,3
0,0,0,0,-1.0331224013585834,1,2,0,2,0,0,0,0,0,0,1,2,-0.3693075439558449,-0.8273875205692641,0,51,4389,0.10727182446438459,3
1,0,0,0,1.1657772395230555,1,2,1,2,0,2,0,2,2,1,0,2,1.304122035211441,1.8016656097437191,0,22,4344,-0.46930884994367045,7
0,0,1,0,1.002895784642934,1,0,0,2,2,0,2,2,0,2,1,1,0.1857326540996401,0.8139452915505848,0,32,5779,-0.5225647672538286,5
1,0,0,1,-0.7073594915983407,1,0,0,2,0,2,0,0,2,1,0,3,0.0029349840813665527,-0.5863251738385473,0,51,4442,-0.1969222734738266,4
0,0,0,0,-1.2774445836787656,1,0,2,1,1,1,1,1,1,0,0,3,-1.4993295040688086,-0.9971105893600889,0,73,4639,0.4648521657392193,8
0,0,1,0,-0.8295205827584317,1,0,0,0,0,0,0,0,0,0,0,0,-0.626886078981594,-0.7825633360380766,0,60,5790,-0.2568129842484694,1
1,0,0,0,0.880734693482843,1,0,2,1,1,1,1,1,1,2,0,3,-1.4876969250676457,-0.49857389132621277,0,41,6094,-0.619940664085621,8
1,0,1,1,-1.1552834925186746,1,0,0,0,0,0,0,0,0,0,0,2,-0.6634456129852487,-0.9309331515679815,0,63,2114,0.36567557409104867,1
0,0,1,0,-0.5037576729981889,1,0,2,1,1,1,1,1,1,1,0,3,-1.4760643460664828,-0.8323287692577414,0,57,4390,-0.5505272249444321,8
0,0,0,1,-0.2594354906780068,0,1,0,2,0,0,2,0,2,0,0,3,-0.6302096729819263,-0.49974302606054005,0,45,3287,-0.46714451385753697,4
0,0,1,0,0.8400143297628127,1,2,1,0,2,2,2,2,2,1,1,0,1.4686399382278874,1.5169923315080036,0,36,4163,-0.43030628082187516,8
0,0,0,0,1.4508197855632678,0,1,0,2,2,2,2,2,2,2,0,1,-0.013682985920294679,0.997014143629485,0,40,4146,-0.5547051304076563,7
1,0,1,1,1.6137012404433893,1,2,0,2,2,2,2,2,2,2,1,1,0.8654076271675846,1.8167320064143893,0,46,5028,-0.5190214018149064,8
1,0,0,0,-0.8295205827584317,1,2,2,1,1,1,1,1,1,1,0,1,-1.3231790220511994,-0.8820721433314754,0,71,4443,-0.44158395757254004,9
0,0,1,0,1.4508197855632678,1,2,1,2,2,0,0,0,0,2,1,0,0.6626683931473177,1.5138378736399134,0,41,5520,-0.5208902080646847,5
0,0,0,1,0.7178532386027215,1,0,0,2,0,2,2,2,0,1,1,1,0.2006888271011353,0.5287205346666018,0,34,4798,-0.5024652539914075,5
0,1,0,0,0.35136996512244845,1,2,1,0,2,2,0,2,2,0,1,2,1.3174164112127704,0.8180482926936955,0,61,4477,-0.37663377908733137,7
1,1,1,0,-0.0965540357978854,1,2,1,0,0,0,2,2,2,0,1,2,1.221032185203135,0.28143750878342705,0,73,4828,-0.2862306740501614,6
1,0,0,0,-1.2774445836787656,1,2,0,0,2,0,0,0,0,0,0,2,-0.3477041829536853,-0.981823601230112,0,78,3259,2.4512503741837923,3
1,1,1,1,-0.13727439951791576,1,2,1,0,0,2,0,2,2,0,1,2,1.302460238211275,0.3022392833960795,0,58,3733,-0.26435375666813904,6
0,0,1,1,-0.38159658183809786,1,2,0,2,2,2,2,2,2,2,1,1,0.8753784091685812,-0.03592742372158956,0,71,5991,-0.22642205446744187,8
1,0,0,1,1.125056875803025,1,0,2,1,1,1,1,1,1,2,0,3,-1.4893587220678117,-0.4808162788519973,0,74,5316,-0.6241355682920294,8
0,0,1,0,1.6137012404433893,1,2,2,1,1,1,1,1,1,2,0,1,-1.2733251120462157,-0.16113513602425694,0,55,5534,-0.6200905865889943,9
1,0,0,0,1.6137012404433893,1,0,0,2,2,2,2,2,0,2,1,0,0.3436033691154218,1.348526634035229,0,55,6284,-0.5436800840364011,6
0,1,0,0,1.369379058123207,1,2,1,0,2,2,0,2,2,1,0,0,1.440389389225063,2.187766840968805,0,20,4722,-0.4766452255131706,7
0,0,1,0,1.6137012404433893,1,2,1,0,2,2,2,2,2,2,1,2,1.5085230662318745,2.5231540956992053,0,70,5065,-0.48862996863108976,8
0,0,0,0,0.758573602322752,1,2,1,0,2,2,2,2,2,1,1,2,1.5533915852363596,1.5103966468747236,0,47,4363,-0.415786578242091,8
0,0,1,1,1.5322605130033284,1,2,1,0,2,2,0,2,2,1,1,2,1.3872118852197473,2.25765021527727,0,41,6319,-0.48965086948739367,7
1,0,0,0,-0.9516816739185228,1,0,2,1,1,1,1,1,1,1,1,2,-1.491020519067978,-0.9331611253069825,0,31,3643,-0.4334699100566381,8
1,0,1,1,1.0843365120829946,1,2,1,2,2,0,2,2,2,2,1,3,1.5400972092350305,1.8862624343879633,0,76,4952,-0.4493305210523956,8
1,0,0,1,-1.1960038562387048,1,0,0,0,0,0,2,2,2,0,0,3,0.19736523310080326,-0.9062269081255947,0,56,2584,1.3648940668237735,4
1,1,1,0,0.22920887396235737,0,1,0,0,0,0,0,0,0,0,1,2,-1.3265026160515319,-0.584119259245477,0,33,3511,-0.5885775719910528,1
0,0,0,0,0.18848851024232702,1,2,1,2,2,2,0,0,0,0,0,0,0.8787020031689138,0.48643315191744524,0,44,5135,-0.3864613521655977,6
1,0,0,0,0.18848851024232702,1,0,0,2,2,2,2,0,0,2,0,0,0.0278619390838584,0.015029203378333179,0,27,3183,-0.46370262828951514,5
0,0,1,1,-0.748079855318371,1,0,0,2,2,0,2,0,0,0,0,0,-0.17653909193657447,-0.6612821517110744,0,26,5723,-0.20721733874366313,4
1,0,1,0,1.6137012404433893,1,2,1,2,2,0,2,2,2,2,1,1,1.5018758782312098,2.4585649164141086,0,59,6258,-0.48894409197149097,8
1,0,1,1,1.6137012404433893,0,1,0,2,2,2,0,0,0,2,0,1,-0.8728320350061801,0.2132085704197642,0,58,4710,-0.6011646553298217,4
0,1,1,0,-0.62591876415828,1,2,1,0,0,0,0,2,2,0,1,2,0.9235705221733989,-0.293401775024749,0,23,3689,-0.07211550773160799,5
0,0,0,0,-0.9109613101984924,1,2,2,1,1,1,1,1,1,0,1,3,-1.3381351950526947,-0.8865942682472695,0,78,5594,-0.40626540094452823,9
1,0,1,1,-1.318164947398796,1,0,2,1,1,1,1,1,1,1,1,3,-1.4976677070686424,-1.005779833710855,0,69,4890,1.5970704807978144,8
1,0,0,0,-1.2774445836787656,1,0,2,1,1,1,1,1,1,0,0,3,-1.4677553610656522,-0.9966914655874056,0,52,5370,0.5193132998812785,8
0,0,0,0,-0.13727439951791576,1,0,0,2,0,2,2,0,0,1,0,1,-0.22473120494139212,-0.24054806137478588,0,63,2810,-0.4399670278139363,4
0,1,1,1,1.3286586944031769,1,2,1,0,2,2,0,2,2,1,1,2,1.4187860282229037,2.10345678522166,0,32,6211,-0.4749715526293268,7
0,0,0,0,-0.9924020376385531,1,2,0,2,2,2,0,0,0,0,1,0,0.02453834508352634,-0.7529158439072124,0,38,3033,0.1728003528253708,5
1,0,1,0,1.1657772395230555,1,2,2,1,1,1,1,1,1,2,0,0,-1.3065610520495383,-0.3269757951312782,0,41,6015,-0.6145693622308941,9
0,1,0,0,0.5142514200025698,1,2,1,0,0,2,0,2,2,1,1,0,1.1761636661986499,0.9618077467240838,0,21,2636,-0.41200948145420657,6
1,0,1,1,1.6137012404433893,1,2,1,0,2,2,0,2,2,1,1,1,1.3190782082129364,2.2850035562313415,0,29,4750,-0.49758248383252407,7
1,0,1,1,-0.8295205827584317,1,0,2,1,1,1,1,1,1,0,1,2,-1.4494755940638249,-0.8707558014690251,0,40,5209,-0.47509850165996087,8
1,0,0,0,-1.0331224013585834,1,2,1,0,0,0,0,2,2,0,0,2,1.044881703185526,-0.7235551206734474,0,38,4329,0.7170932080813874,5
1,0,0,0,-0.9516816739185228,1,0,0,0,0,0,0,0,0,0,1,3,-0.6767399889865777,-0.8521820005953736,0,31,5457,-0.15256511290286012,1
1,0,1,1,1.0436161483629645,1,2,1,0,0,2,2,0,2,2,0,0,0.9833952141793793,1.4488075114362022,0,49,4777,-0.4782825328332976,6
1,0,1,1,-1.2367242199587352,1,0,2,1,1,1,1,1,1,0,0,3,-1.477726143066649,-0.9880222212366395,0,38,5113,0.11419889854385702,8
0,0,1,0,0.3106496014024181,1,2,1,2,0,2,0,2,2,1,0,0,1.3622849302172555,0.8597841967945847,0,41,4078,-0.3659073426177603,7
1,0,0,0,-0.9516816739185228,1,2,1,2,0,0,0,0,0,0,1,2,0.544680806135523,-0.6596938932040637,0,68,4544,0.268792082827807,4
1,0,0,0,0.35136996512244845,1,0,1,0,2,0,2,2,0,1,1,2,0.8238627021634315,0.6397221569898968,0,66,5549,-0.41717251803517985,5
0,0,0,0,-0.2594354906780068,1,0,0,0,2,2,0,0,0,0,1,1,-0.3327480099521901,-0.3850795855127485,0,23,4020,-0.42913849821843925,3
0,0,1,0,0.025607055362205634,1,0,0,0,2,0,2,0,0,1,1,1,-0.3659839499555126,-0.1863707989689806,0,49,3160,-0.4803773017542257,3
1,0,1,1,1.4508197855632678,1,0,1,0,2,2,2,2,2,1,0,1,1.3622849302172555,2.2247820878405236,0,39,4437,-0.4859121188597924,7
0,1,1,0,1.3286586944031769,1,0,1,0,2,2,2,2,2,2,1,1,1.3656085242175875,1.961395885427936,0,80,4872,-0.4777510682474223,7
1,0,0,0,0.9214550572028734,1,0,0,0,2,0,2,0,2,1,1,2,-0.018668376920792765,0.5945229669778874,0,40,5151,-0.5301896084352421,4
1,0,0,0,-0.5444780367182193,1,0,1,0,0,0,2,0,2,1,1,1,0.7623762131572851,-0.244320175328936,0,78,4446,-0.15887113896141428,4
0,0,0,0,0.5142514200025698,1,2,1,0,0,2,0,0,2,0,1,1,0.8155537171626008,0.8437251385570331,0,32,5470,-0.4390531109938561,5
0,0,1,1,1.5322605130033284,1,0,2,1,1,1,1,1,1,2,1,1,-1.4827115340671475,-0.3831824989627081,0,67,5219,-0.6290939809230288,8
0,0,1,0,-0.8295205827584317,1,0,2,1,1,1,1,1,1,2,1,2,-1.4860351280674797,-0.8890648925915082,0,74,5453,-0.4848000802115828,8
1,0,0,1,1.6137012404433893,0,1,0,2,2,2,2,2,2,2,0,1,0.08103944308917463,1.0552944071784007,0,25,5592,-0.5560879559822487,7
1,0,0,0,-0.8295205827584317,1,2,1,0,0,0,0,2,2,0,0,2,0.9900424021800438,-0.48802961957133706,0,25,5674,0.1722613762391696,5
1,1,1,0,1.5729808767233588,1,2,1,2,2,2,0,2,2,0,1,2,1.42044782522307,2.397306668164548,0,64,5775,-0.4904470848988273,8
1,1,0,0,0.10704778280226633,1,0,0,0,0,2,2,2,2,1,1,2,0.27380789510844483,0.08449345391411522,0,59,2715,-0.42913849821843925,5
1,0,1,1,1.5322605130033284,1,2,1,2,2,2,2,2,2,2,0,1,1.6614083902471577,2.4541089689361066,0,72,5035,-0.47632827922284254,9
0,0,0,0,-0.055833672077855064,1,2,1,0,0,0,0,0,0,0,1,2,0.37517751211857825,-0.022912527622475094,0,63,2421,-0.38914857917918616,3
1,1,1,0,-0.0965540357978854,1,2,1,0,0,0,0,0,0,0,0,3,0.4366640011247251,0.031639740264151985,0,49,2009,-0.3735164306377738,3
0,0,0,0,0.025607055362205634,1,2,1,2,0,0,0,0,2,0,1,2,0.8604222361670865,0.31318061977770784,0,44,4460,-0.35594288380735406,5
1,1,1,0,0.880734693482843,1,2,1,0,2,2,2,2,2,2,1,2,1.5184938482328711,1.6756196498956852,0,77,4425,-0.4313852733430664,8
0,0,0,0,1.0843365120829946,1,2,0,2,0,0,2,0,2,1,0,0,0.1308933530941583,0.7902537688210104,0,29,4244,-0.53035340131988,5
1,1,0,0,0.9214550572028734,0,1,0,2,2,0,0,2,0,0,1,2,-0.6617838159850825,0.08793468067930489,0,49,5829,-0.569807012407003,4
1,1,1,0,1.4915401492832983,0,1,0,0,0,2,0,0,0,1,1,1,-1.1619847130350858,-0.06416313051288873,0,43,5681,-0.6128231187349978,2
0,0,0,0,1.369379058123207,1,2,1,0,2,0,0,2,0,1,1,0,0.8022593411612722,1.6413617962653047,0,27,5868,-0.5095015892375236,5
1,0,1,1,0.18848851024232702,1,0,0,2,0,2,2,0,0,1,1,3,-0.19980424993890028,-0.03380974571224224,0,31,3483,-0.48437070412736033,4
1,1,1,0,-0.9516816739185228,1,0,2,1,1,1,1,1,1,1,0,1,-1.4926823160681442,-0.9249771821666918,0,59,5601,-0.43404318515287027,8
1,0,1,1,1.4915401492832983,1,2,0,2,0,2,2,2,2,2,0,0,0.7357874611546272,1.7269512824764301,0,49,4667,-0.5192973816068304,7
1,0,0,0,-0.9109613101984924,1,0,0,0,2,0,0,2,0,0,1,3,-0.1698919039359101,-0.723886007862408,0,20,2385,-0.0398904985343131,3
1,0,0,1,-0.7888002190384014,1,0,0,0,0,0,0,2,2,0,0,1,0.05445069108651675,-0.6388259411536192,0,43,3660,-0.11784102135965252,3
0,0,1,1,1.4915401492832983,1,0,2,1,1,1,1,1,1,2,0,0,-1.4827115340671475,-0.4156976800645636,0,23,4554,-0.6286291321025428,8
0,1,1,0,1.369379058123207,1,2,1,0,2,2,2,2,2,1,1,1,1.440389389225063,2.162773828629319,0,35,5360,-0.4766452255131706,8
1,0,1,1,0.5549717837226001,1,0,0,2,0,2,2,0,0,1,0,3,-0.2612907389450469,0.1236925562329735,0,44,4258,-0.5228276410140231,4
0,0,1,1,0.9621754209229036,1,2,1,2,0,2,2,2,2,0,1,3,1.4902432992300467,1.6205820807985827,0,67,5012,-0.4411739227533726,8
1,0,1,1,1.5322605130033284,1,2,2,1,1,1,1,1,1,2,0,1,-1.3165318340505352,-0.21599623195391396,0,39,5114,-0.6210196837929978,9
0,0,1,1,0.025607055362205634,1,2,0,0,0,2,2,2,2,1,1,2,0.47820892612887816,0.11103060646875035,0,73,3555,-0.3947232579642382,6
0,0,1,1,1.6137012404433893,1,2,0,2,2,0,2,0,0,2,0,1,0.06608327008767942,1.0943832137676057,0,65,6063,-0.5567947334981515,5
0,0,0,1,-0.5444780367182193,1,0,0,0,0,0,2,0,0,0,0,3,-0.5305018529719588,-0.5850457433745665,0,74,3749,-0.3818751513957401,2
0,0,1,0,1.5729808767233588,1,0,0,0,2,2,2,2,2,2,1,1,0.5297246331340278,1.511190776128229,0,24,5617,-0.5331242309516688,6
1,0,0,0,-1.2774445836787656,1,0,2,1,1,1,1,1,1,0,0,1,-1.4694171580658184,-0.9967135247333362,0,28,4801,0.5164469244001174,8
0,0,0,0,1.1657772395230555,1,2,1,2,2,2,2,2,2,1,1,3,1.6730409692483204,2.079699085054293,0,53,4785,-0.4487819029495498,9
0,0,1,1,1.5729808767233588,0,1,0,2,2,0,2,2,2,2,0,0,-0.16823010693574386,0.8130629257133567,0,63,6420,-0.5665652782318805,6
0,0,1,0,1.4508197855632678,1,2,1,0,2,2,0,0,0,1,0,1,0.720831288153132,1.5367352671159824,0,39,4480,-0.5179822909098836,5
1,0,0,0,0.5549717837226001,0,1,0,0,0,2,2,0,0,1,0,1,-1.0323645470221279,-0.3273066823202388,0,22,3007,-0.5794233100888616,3
1,0,0,0,0.025607055362205634,1,2,1,2,0,0,0,0,0,1,0,0,0.5097830691320341,0.14275165831710054,0,54,3957,-0.3915196618382348,4
0,0,1,1,0.8400143297628127,1,2,1,2,2,2,2,0,2,2,1,0,1.3057838322116073,1.4500207644623908,0,43,4190,-0.44071016219794107,8
0,1,1,0,0.7178532386027215,1,2,1,2,2,2,0,2,2,0,0,0,1.461992750227223,1.3906816619088012,0,54,5211,-0.4171484308462625,8
0,0,0,0,1.002895784642934,0,1,0,2,0,2,2,0,0,1,1,1,-0.7864185909975417,-0.009478507750677361,0,41,5281,-0.5803864795462143,4
0,0,1,1,0.880734693482843,1,0,2,1,1,1,1,1,1,2,1,0,-1.4760643460664828,-0.5238536725627979,0,79,5646,-0.6192110412358709,8
0,1,1,0,1.125056875803025,1,2,1,0,2,2,0,2,2,0,1,2,1.3672703212177542,1.8183423240673304,0,40,5084,-0.462584766583316,7
0,0,1,1,-0.9109613101984924,1,0,0,0,2,0,2,0,2,0,1,2,0.02453834508352634,-0.7336140912178477,0,44,3137,0.021085125337657214,4
1,0,0,1,0.43281069256250915,0,1,0,2,2,2,0,0,0,0,1,2,-0.8080219519997013,-0.16186308783997017,0,72,3176,-0.5562289545270878,4
1,1,1,0,-0.7888002190384014,1,0,1,0,0,0,0,0,0,0,0,0,0.18905624809997262,-0.6311714175156655,0,53,5225,-0.08467296222050376,2
0,0,1,0,0.43281069256250915,1,0,0,2,0,2,2,2,2,2,1,2,0.466576347127715,0.5208454195693412,0,24,3972,-0.4562966820702475,6
1,0,1,1,-1.2774445836787656,1,0,1,0,0,0,0,2,2,0,1,2,0.8421424691652587,-0.9660292527437292,0,47,4142,4.503575218695069,4
0,0,0,0,1.4915401492832983,1,0,0,2,0,2,2,2,2,2,1,1,0.5878875281398422,1.4451236340657752,0,80,4631,-0.5265861649732112,6
0,0,1,0,1.1657772395230555,1,0,2,1,1,1,1,1,1,2,0,1,-1.479387940066815,-0.4415951173872083,0,55,5974,-0.6241855896515632,8
1,0,1,0,0.43281069256250915,1,2,0,2,2,0,2,0,0,0,0,0,0.04946530008601819,0.27689332472170225,0,29,2168,-0.48899942051440254,5
1,0,1,0,0.9621754209229036,1,0,1,0,0,0,0,2,2,0,0,3,0.82884809316393,1.1793771030386022,0,49,5955,-0.48120260491134026,4
0,0,1,0,1.5322605130033284,0,1,0,2,2,2,2,2,2,2,0,0,-0.007035797919630092,0.9817050963535772,0,30,4858,-0.5573942224083537,7
1,0,1,1,0.6771328748826912,1,2,1,0,2,2,0,2,0,1,1,2,0.9601300561770538,0.9884331358624414,0,65,5542,-0.44688454730847155,6
0,0,1,1,-0.015113308357824713,1,0,0,2,2,2,2,0,2,2,0,3,0.2937494591104381,0.01637481128010591,0,42,4343,-0.40591796149226633,6
0,1,1,0,1.6137012404433893,1,2,1,2,0,2,2,2,2,2,1,3,1.4952286902305454,2.556926648119111,0,34,6010,-0.4892582153118922,8
1,0,0,1,0.18848851024232702,1,0,0,2,2,0,2,0,0,2,0,1,-0.11006721192992953,0.009977658960202189,0,77,5447,-0.4762241632861658,4
0,0,1,0,1.4915401492832983,1,0,1,2,2,0,2,2,2,1,1,1,1.3838882912194153,2.1936345737863716,0,26,4328,-0.4873577691024649,7
0,0,1,0,-0.2594354906780068,1,0,0,0,2,2,2,2,2,0,0,0,0.5696077611380149,-0.08875907822562201,0,55,3350,-0.3138465066428523,6
0,0,1,1,1.0436161483629645,1,2,1,0,2,2,0,2,2,1,1,1,1.3440051632154282,1.7407603078290497,0,59,4605,-0.45719766912441834,7
1,0,0,0,-0.3408762181180675,1,2,0,0,0,0,2,0,0,1,0,0,-0.33773340095268845,-0.4577203530625518,0,51,3398,-0.4112268363228287,3
1,0,1,1,-1.1145631287986442,1,0,2,1,1,1,1,1,1,1,0,2,-1.4694171580658184,-0.9619041924546878,0,54,3629,-0.26893995743799665,8
0,0,1,1,-0.0965540357978854,1,0,2,1,1,1,1,1,1,2,0,3,-1.4976677070686424,-0.7414009697313858,0,38,5045,-0.5887719829004451,8
0,0,1,0,0.9214550572028734,1,2,0,2,2,0,2,0,0,1,1,1,0.042818112085353605,0.5216395488228462,0,68,5501,-0.5264018979779937,5
1,0,1,1,0.47353105628253944,0,1,0,2,2,2,2,0,2,2,1,1,-0.35601316795451593,0.04211783458123567,0,68,4896,-0.5239199807954964,6
0,0,0,0,0.5956921474426305,1,0,0,2,2,0,2,0,0,1,1,3,-0.19481885893840195,0.23528977549639749,0,40,5774,-0.5209421351567347,4
0,0,1,0,1.2879383306831464,1,0,1,2,0,0,2,2,2,1,1,3,1.068146861187852,1.7800035284397697,0,55,5369,-0.490709223511207,6
1,0,0,0,-1.2774445836787656,1,0,2,1,1,1,1,1,1,0,0,3,-1.517609271070636,-0.9973532399653268,0,30,2091,0.4333220354464485,8
1,0,0,0,-0.5037576729981889,1,0,0,0,0,0,2,0,0,0,0,3,-0.4906187249679718,-0.5632513071950325,0,46,5741,-0.3886452572941013,2
0,0,1,0,0.18848851024232702,0,1,0,2,0,0,2,2,0,2,0,2,-0.6435040489832552,-0.30293132606681256,0,33,4051,-0.5246508227310439,4
1,0,1,1,-0.0965540357978854,1,2,1,0,0,0,0,2,0,0,0,2,0.6875953481498096,0.10156723286447886,0,21,3409,-0.34559238562775374,4
0,0,0,0,0.22920887396235737,1,2,0,2,2,2,0,2,2,1,0,0,0.642726829145324,0.40055689680922046,0,78,2604,-0.4143901389051151,7
0,0,1,0,0.7992939660427822,0,1,0,2,2,2,2,2,2,2,0,1,0.04946530008601819,0.46340340356579174,0,23,4275,-0.5183146242990037,7
1,0,0,1,1.5729808767233588,1,0,0,2,2,2,2,2,0,2,1,1,0.4034280611214026,1.430741070918957,0,26,4633,-0.5391754680785643,6
1,0,0,0,1.369379058123207,1,2,0,2,2,2,0,0,2,2,1,1,0.32698539911376057,1.1111922829668008,0,78,4838,-0.5339727351363907,6
1,0,1,0,1.6137012404433893,1,2,1,2,2,2,2,2,2,2,1,1,1.7345274582544672,2.7859226420257333,0,78,5949,-0.4779497750574488,9
1,0,0,1,-0.30015585439803716,0,1,0,2,0,0,0,2,0,1,1,1,-0.801374763999037,-0.5775897520499892,0,29,5079,-0.4823746855736773,3
1,0,1,1,1.4915401492832983,1,2,1,2,2,2,2,2,2,2,1,0,1.6481140142458286,2.376240183800727,0,51,6082,-0.474336234773762,9
1,0,1,1,0.8400143297628127,1,2,0,2,2,0,0,0,2,2,0,0,0.16412929309748078,0.6204424634464628,0,22,4975,-0.5136434938852598,5
1,0,0,0,-0.2594354906780068,1,0,1,0,0,2,2,2,2,0,1,2,1.1263097561936661,0.11350123081298899,0,62,4191,-0.24271792988811638,6
1,0,0,0,-0.46303730927815856,1,0,0,0,0,2,0,0,2,0,0,3,-0.10342002392926519,-0.39094731833031543,0,63,2926,-0.3403387648778252,3
0,0,0,1,-1.2774445836787656,1,0,1,0,0,0,0,2,2,0,1,2,0.8172155141627669,-0.9663601399326898,0,38,2432,4.460579586477653,4
1,0,0,0,0.6364125111626608,1,2,1,2,0,0,2,0,2,0,1,2,1.0182929511828682,0.9554105944041801,0,33,4334,-0.4384070955792909,6
0,0,1,0,-0.2594354906780068,0,1,0,2,0,2,0,0,0,1,0,1,-0.9758634490164798,-0.574038229555146,0,29,2519,-0.5113079286783879,3
1,0,1,0,1.125056875803025,1,0,2,1,1,1,1,1,1,2,0,3,-1.4893587220678117,-0.4507055446565884,0,72,5971,-0.6241355682920294,8
1,0,0,0,-0.5851984004382496,1,0,2,1,1,1,1,1,1,0,0,3,-1.5126238800701375,-0.8595938736280897,0,22,4769,-0.5454697604363183,8
0,0,0,1,-1.1552834925186746,1,0,2,1,1,1,1,1,1,1,1,3,-1.4744025490663168,-0.9683895813583143,0,24,5602,-0.19384091983157847,8
1,0,1,1,1.3286586944031769,1,2,2,1,1,1,1,1,1,2,0,1,-1.329826210051864,-0.24910700999589847,0,39,6263,-0.6186377661396387,9
1,0,1,1,1.5322605130033284,1,2,2,1,1,1,1,1,1,2,0,3,-1.3098846460498705,-0.2490849508499677,0,69,6059,-0.6206967119077966,9
1,0,0,1,1.2064976032430856,1,0,2,1,1,1,1,1,1,2,0,0,-1.4876969250676457,-0.45425706715143155,0,37,4402,-0.62523497954866,8
0,0,1,1,1.369379058123207,1,0,0,2,0,0,0,2,0,2,1,2,-0.16656830993557784,0.7575400554057787,0,80,5979,-0.5593850789544449,3
0,0,1,1,1.3286586944031769,1,2,0,2,2,0,2,2,2,2,1,0,0.5895493251400082,1.2950332051532756,0,26,5314,-0.5183146242990037,7
0,0,0,0,0.06632741908223598,1,0,2,1,1,1,1,1,1,0,0,3,-1.4760643460664828,-0.7087754928998767,0,68,2864,-0.5949696943094807,8
1,0,1,1,-0.6666391278783103,1,2,1,0,0,2,0,2,0,0,1,0,0.8654076271675846,-0.3695058284856726,0,66,5560,-0.0492407073231271,5
0,1,0,0,0.7178532386027215,1,2,1,0,0,2,2,2,2,0,1,2,1.3356961782145975,1.2982317813132274,0,39,5570,-0.4256913538489384,7
1,0,1,0,1.5729808767233588,1,0,1,0,2,2,2,2,2,2,1,2,1.3456669602155942,2.2112157130931416,0,31,6319,-0.49403005425027857,7
1,0,0,0,-0.5851984004382496,1,2,2,1,1,1,1,1,1,1,0,3,-1.3630621500551865,-0.8184976847591909,0,70,3076,-0.5183146242990037,9
1,0,0,0,-1.1552834925186746,1,0,0,0,0,0,2,2,0,0,1,2,-0.1150526029304281,-0.895748813808511,0,58,5281,0.7440371376043008,3
0,0,1,1,1.0436161483629645,1,2,0,2,0,2,2,2,0,2,0,3,0.36686852711774764,0.9423736391591347,0,62,4292,-0.5143308482065426,6
0,0,1,0,0.9621754209229036,1,2,1,2,0,0,0,2,2,1,1,2,1.1047063951915064,1.3195188571363554,0,25,4615,-0.464507224915806,6
1,0,1,1,0.9621754209229036,0,1,0,2,2,0,2,2,0,1,1,3,-0.42414684496132693,0.2669887681988169,0,55,5845,-0.5570358369392487,5
0,0,0,0,-1.1552834925186746,1,2,0,0,0,0,2,2,0,0,1,3,-0.012021188920128179,-0.8941605553015004,0,61,3334,0.8151232495370937,4
1,0,0,0,-0.9109613101984924,1,0,0,0,0,0,0,0,0,0,1,1,-0.6302096729819263,-0.8133358446114065,0,80,5586,-0.184251590949149,1
1,0,0,0,-1.1552834925186746,0,1,0,0,0,0,2,0,0,0,0,2,-1.1387195550327598,-0.9535437761469515,0,29,3030,0.03776221904623031,2
0,0,1,0,0.758573602322752,1,0,1,0,0,0,0,0,0,0,0,3,0.14584952609565352,0.6043613460629806,0,55,5187,-0.5091642718014512,2
0,0,0,0,-1.0738427650786138,0,1,0,0,0,0,2,2,2,1,1,3,-0.5155456799704636,-0.893013479713104,0,52,2979,0.14504655848397063,4
1,0,1,1,1.247217966963116,0,1,0,0,2,2,2,0,0,2,0,0,-0.844581486003356,0.05087531551572471,0,24,5374,-0.5911384763672504,4
0,0,1,0,0.6364125111626608,1,2,1,0,2,0,2,2,2,0,1,1,1.3406815692150957,1.2369955922095972,0,42,3109,-0.4157100815651998,7
0,0,0,1,0.10704778280226633,1,0,2,1,1,1,1,1,1,1,1,1,-1.4843733310673135,-0.7214374426641,0,72,3726,-0.5976176792777913,8
1,0,0,0,-1.2367242199587352,1,0,2,1,1,1,1,1,1,0,0,3,-1.4960059100684764,-0.9884413450093228,0,67,4064,0.09317881168200966,8
0,0,0,0,0.7178532386027215,1,0,2,1,1,1,1,1,1,1,0,0,-1.4960059100684764,-0.5694278680556292,0,71,4934,-0.6172326801194618,8
0,0,0,0,0.025607055362205634,1,0,1,0,0,0,0,0,0,0,1,0,0.1873944510998066,0.055750386766409844,0,29,4860,-0.42423006438795435,2
1,0,0,0,-0.055833672077855064,1,0,2,1,1,1,1,1,1,2,0,3,-1.4727407520661506,-0.7240624810298536,0,35,2598,-0.5883616751198757,8
0,0,1,1,-0.9516816739185228,1,0,2,1,1,1,1,1,1,2,0,3,-1.4760643460664828,-0.9214697779637102,0,70,5352,-0.42831043419054826,8
0,0,1,1,0.880734693482843,1,2,0,0,2,2,2,2,2,0,1,2,0.7125223031523015,0.9901537492450364,0,45,6275,-0.48193771364717863,7
0,0,0,0,0.5549717837226001,1,0,1,2,2,2,0,2,0,1,1,1,1.0266019361836989,1.0519855352887955,0,54,4727,-0.4282982368480752,6
1,0,0,1,0.06632741908223598,1,2,1,2,2,0,0,2,2,1,1,2,1.2974748472107767,0.5254778402147886,0,78,5382,-0.3215993698490402,7
1,0,1,1,1.5729808767233588,1,2,1,2,0,0,0,2,2,2,1,2,1.0781176431888486,2.0429264887878125,0,43,4603,-0.5068491223743598,6
0,0,1,1,1.247217966963116,1,0,0,2,2,2,2,0,0,2,0,3,-0.04027173792295256,0.7652166381896631,0,48,5733,-0.5477845472146902,5
0,0,0,0,0.758573602322752,1,2,2,1,1,1,1,1,1,2,0,0,-1.3231790220511994,-0.437536234535959,0,77,5458,-0.6066210381609253,9
0,0,1,0,1.2879383306831464,1,0,1,2,0,2,0,2,2,2,1,0,1.1379423351948288,1.807114218788603,0,68,5483,-0.4870049844278605,6
1,1,1,0,1.1657772395230555,1,2,1,0,2,0,2,0,0,1,1,0,0.6909189421501416,1.3112025591204803,0,62,4845,-0.5034279645420062,5
0,0,0,0,-0.7073594915983407,1,0,1,0,0,2,0,2,2,0,1,1,0.9717626351782166,-0.34160100888333395,0,77,4521,0.011964839715781349,5
0,0,0,0,-0.5851984004382496,1,2,0,0,0,0,0,0,0,0,1,2,-0.4806479429669752,-0.6028474741406434,0,65,5877,-0.35809932108884673,2
0,0,1,1,1.002895784642934,1,0,1,0,2,0,0,2,2,1,1,2,1.0049985751815391,1.4365205671528012,0,70,6245,-0.47383638407409157,5
1,0,1,1,-0.748079855318371,1,0,0,2,2,0,0,0,2,2,1,0,-0.11172900893009581,-0.6459731044351669,0,22,3186,-0.192312186241626,4
1,1,0,0,-0.5851984004382496,1,2,1,0,2,0,0,0,0,0,1,1,0.5247392421335293,-0.38298396664933176,0,27,5137,-0.17555646149911994,4
0,1,1,0,1.6137012404433893,1,2,1,2,0,0,0,0,0,2,0,0,0.45660556512671835,1.4658371720947048,0,69,6072,-0.5383399872495805,4
1,0,1,0,1.5322605130033284,1,2,1,2,2,2,2,2,2,2,0,1,1.6464522172456624,2.6314645022189542,0,24,4280,-0.47705496596454544,9
0,0,0,0,0.22920887396235737,1,0,2,1,1,1,1,1,1,2,0,3,-1.4860351280674797,-0.6786426995585372,0,62,2295,-0.6026889589752301,8
1,0,1,1,1.4508197855632678,1,0,0,2,2,2,2,0,0,2,0,1,-0.07018408392594272,0.9247483815605035,0,59,5215,-0.5575299642151774,5
1,1,1,0,1.3286586944031769,1,2,1,2,2,0,0,2,0,2,1,1,0.9285559131738974,1.6273762977452388,0,64,5205,-0.5005952122336448,6
0,0,0,0,-0.0965540357978854,1,2,1,0,0,2,0,2,2,0,0,2,1.1861344481996465,0.36051954694499544,0,32,3936,-0.2901141505085086,6
1,0,1,0,0.758573602322752,1,2,0,0,0,0,2,2,2,2,1,0,0.3469269631157543,0.7153850275322062,0,59,4708,-0.49582460129297123,5
0,0,0,0,-0.055833672077855064,1,2,1,2,0,2,0,0,0,0,1,1,0.6643301901474837,0.14720760579510242,0,35,3727,-0.35797674582156025,5
0,0,1,1,1.6137012404433893,1,2,0,2,2,2,2,0,2,2,1,0,0.4898415051300408,1.4920654966063098,0,78,4390,-0.5367693705475745,7
0,0,0,0,0.18848851024232702,1,0,2,1,1,1,1,1,1,1,1,2,-1.4943441130683104,-0.6991356461281598,0,31,5987,-0.6018920988549613,8
1,0,0,0,0.9214550572028734,1,0,1,2,2,0,0,2,2,1,1,3,1.2010906212011416,1.4436897895802796,0,22,5101,-0.45504962260766446,6
1,0,0,1,0.025607055362205634,1,2,1,2,0,2,0,0,2,0,1,0,1.0149693571825356,0.43916040218794977,0,38,3087,-0.34026212382217924,6
0,0,1,1,0.5549717837226001,1,0,1,0,0,2,2,0,2,1,0,0,0.8703930181680831,0.863335719289428,0,38,5187,-0.43976373877271924,5
0,0,0,1,-1.2774445836787656,1,0,0,2,0,0,2,0,0,0,0,2,-0.3410569949530208,-0.9817353646463893,0,54,4359,2.4627158761084367,3
0,0,1,1,-0.5444780367182193,1,0,0,0,0,2,0,0,0,0,1,0,-0.5039131009693008,-0.5809648013773866,0,27,5735,-0.37728895062588247,2
0,0,0,1,1.1657772395230555,1,2,2,1,1,1,1,1,1,2,1,1,-1.3215172250510334,-0.34473340760549376,0,54,4673,-0.6154015357576827,9
1,0,0,0,-0.2594354906780068,1,0,0,0,0,0,0,0,0,0,0,2,-0.641842251983089,-0.46173511762193964,0,68,5451,-0.4686307826255463,1
1,0,1,0,0.5142514200025698,1,2,1,0,2,2,0,2,2,0,1,0,1.4287568102239003,1.1484281212978267,0,27,3301,-0.39306647827436,7
1,0,1,1,1.2064976032430856,1,2,1,0,0,2,0,2,0,2,1,1,0.8089065291619363,1.3817477078068667,0,68,5995,-0.49947844256565993,5
0,0,0,0,-1.1960038562387048,1,0,0,0,0,0,0,0,0,0,0,3,-0.6651074099854147,-0.9404627026100449,0,20,3422,0.6210696294624939,1
0,0,1,1,0.35136996512244845,1,2,1,2,2,2,0,0,2,1,1,0,1.2243557792034672,0.728311687047598,0,52,3275,-0.3842774470370941,7
1,0,1,1,1.4100994218432374,1,0,1,0,2,2,2,2,2,2,0,0,1.2758714862086173,2.0363969815923246,0,40,4376,-0.4877118507795494,7
0,0,1,0,1.5729808767233588,1,2,1,2,2,0,0,2,0,1,0,3,1.0266019361836989,2.019389380079753,0,65,5856,-0.5093173901498038,6
0,0,1,1,0.18848851024232702,1,0,0,2,2,0,0,2,2,1,0,0,0.3436033691154218,0.16723731030018033,0,64,4131,-0.43503887347790515,5
1,0,1,0,1.125056875803025,1,0,0,2,2,0,2,0,0,2,1,3,-0.11339080593026184,0.6558032743733787,0,79,6174,-0.5463205224428063,4
0,0,0,0,-1.0738427650786138,1,0,2,1,1,1,1,1,1,0,0,1,-1.4976677070686424,-0.9486245866044049,0,74,5387,-0.33896141562064397,8
0,0,1,1,-0.8702409464784621,1,0,0,2,0,0,0,0,0,0,0,0,-0.4573827849646494,-0.7491437299530623,0,49,5777,-0.17434956655968367,2
0,0,1,1,-0.9109613101984924,1,0,1,0,0,0,0,2,2,0,1,2,0.8005975441611056,-0.5957223700050266,0,54,4531,0.2644664616471457,4
1,0,1,0,0.06632741908223598,1,0,2,1,1,1,1,1,1,2,0,1,-1.4860351280674797,-0.7062166319719153,0,29,2236,-0.5959524516173074,8
0,0,0,0,1.2064976032430856,1,0,0,2,0,0,2,0,2,2,1,3,0.011243969082197169,0.6913405584677406,0,47,5172,-0.5431565451357324,4
1,0,1,0,1.2879383306831464,1,2,0,0,2,0,2,0,2,1,1,3,0.179085466098976,0.9710284697231173,0,49,5037,-0.5378941737395496,5
1,0,0,0,-0.30015585439803716,1,0,2,1,1,1,1,1,1,2,1,3,-1.462769970065154,-0.7854530841549986,0,74,5161,-0.5701298733815294,8
0,0,0,0,-0.2594354906780068,1,0,0,0,2,2,0,0,0,1,1,3,-0.28954128794787104,-0.3205345245195131,0,46,3079,-0.42361807136583285,3
1,0,0,1,-0.9109613101984924,1,0,2,1,1,1,1,1,1,1,1,0,-1.4893587220678117,-0.9089401830750711,0,48,3044,-0.45369088617828296,8
0,0,0,0,0.8400143297628127,1,2,1,2,2,2,0,2,0,1,0,3,1.1246479591934997,1.337717652529185,0,20,4635,-0.4522818261774429,7
1,0,0,0,0.025607055362205634,1,0,1,0,2,2,0,0,0,0,1,1,0.4732235351283796,0.13106031097382825,0,21,4396,-0.3952290889315019,4
0,1,1,0,1.5729808767233588,1,0,1,0,2,2,0,0,2,2,0,1,0.8205391081630994,1.8333425433002082,0,72,6004,-0.5191904612515806,5
0,0,0,0,-0.13727439951791576,1,2,1,0,0,0,0,0,0,0,1,2,0.31369102311243185,-0.12639198118340053,0,55,3982,-0.37805331742085874,3
1,0,1,1,-0.3408762181180675,1,2,0,2,0,0,2,2,2,0,0,0,0.5396954151350245,-0.1570100757352156,0,50,3019,-0.29015113599858805,6
1,0,1,1,-0.5037576729981889,1,0,0,0,0,2,0,0,0,0,1,2,-0.5039131009693008,-0.5911561267973712,0,68,3235,-0.3908291624226049,2
0,0,0,0,-1.2774445836787656,1,2,1,0,0,0,0,2,0,0,1,2,0.6593447991469852,-0.9684557587961065,0,46,2196,4.1882739157673585,4
0,0,1,1,1.6137012404433893,1,2,0,2,0,2,2,2,2,2,1,0,0.6460504231456565,1.635383767718084,0,69,5598,-0.5293874720481462,7
1,0,1,0,0.7992939660427822,1,0,1,2,2,2,2,2,2,2,1,2,1.3805646972190828,1.4149908407244356,0,36,4969,-0.43167436918919383,8
0,0,0,0,-0.9516816739185228,1,0,1,0,0,0,0,0,0,0,0,2,0.142525932095321,-0.7183491622338016,0,50,5121,0.13005950953961448,2
0,0,0,0,-1.2774445836787656,1,0,0,0,0,0,0,0,0,0,1,3,-0.6435040489832552,-0.9857501292057771,0,50,4916,1.9410355385371345,1
1,0,1,1,1.4915401492832983,1,2,1,0,0,0,2,2,2,2,1,2,1.1495749141959914,2.019168788620446,0,73,4637,-0.49890516746942776,6
1,0,0,0,-1.2774445836787656,1,0,0,2,0,0,0,0,0,0,1,3,-0.46569176996548,-0.983389800591192,0,80,2250,2.2477377150213615,2
1,0,0,0,0.880734693482843,1,2,0,2,0,2,2,2,2,2,0,0,0.7424346491552913,1.0833095225103928,0,44,5418,-0.48006154060496414,7
1,0,0,1,0.025607055362205634,1,0,2,1,1,1,1,1,1,1,1,3,-1.4827115340671475,-0.704826905778281,0,57,5759,-0.5936834384212959,8
1,1,1,0,0.5142514200025698,1,2,1,0,2,2,2,2,0,1,1,0,1.1279715531938321,0.990925819352611,0,66,2535,-0.41562360706088786,7
0,0,0,1,-0.8702409464784621,0,1,0,0,0,0,0,0,0,0,0,2,-1.3148700370503688,-0.8641380576898144,0,57,5916,-0.4208578579395297,1
1,0,0,0,-1.0738427650786138,1,0,0,2,2,0,0,0,0,0,1,0,-0.3011738669490337,-0.8576967870780492,0,45,2482,0.2506929690753332,3
1,0,0,0,-0.46303730927815856,1,0,0,2,0,2,0,2,0,0,0,0,0.019552954083027783,-0.37735888443700266,0,45,2887,-0.32105587527728763,4
0,0,1,1,1.3286586944031769,1,2,2,1,1,1,1,1,1,2,1,0,-1.3115464430500368,-0.2343494413682585,0,51,4533,-0.6176823076459184,9
1,0,1,1,0.43281069256250915,1,2,2,1,1,1,1,1,1,2,0,3,-1.3464441800535252,-0.5302067065908401,0,51,4432,-0.5984428479769135,9
1,0,1,1,1.125056875803025,1,0,0,2,2,2,0,0,0,2,0,0,-0.14164135493308597,0.6241483999628207,0,43,6026,-0.5479181743503386,4
1,0,0,0,-0.62591876415828,0,1,0,0,0,0,0,0,0,0,0,1,-1.3181936310507012,-0.8368950124653969,0,33,4580,-0.5017533437411845,1
1,0,1,1,0.10704778280226633,1,0,2,1,1,1,1,1,1,1,0,0,-1.4860351280674797,-0.6763264892358134,0,49,3942,-0.5977769223600781,8
0,0,1,1,-0.8295205827584317,0,1,0,0,0,0,2,0,0,1,0,1,-1.1470285400335904,-0.8430495141800628,0,64,5988,-0.3948399881874529,2
1,0,0,0,-1.2774445836787656,1,0,2,1,1,1,1,1,1,0,0,3,-1.481049737066981,-0.9968679387548512,0,42,4496,0.49638229603199036,8
0,0,0,0,-0.1779947632379461,1,0,0,2,2,0,2,0,0,1,1,2,-0.1615829189350795,-0.275754458280187,0,69,4131,-0.42481147929285523,4
1,0,1,0,1.5322605130033284,1,2,2,1,1,1,1,1,1,2,0,0,-1.3165318340505352,-0.14950996611877676,0,30,4279,-0.6210196837929978,9
1,0,0,0,-0.5851984004382496,1,0,1,0,2,2,0,2,2,0,0,1,1.2143849972024705,-0.21401090882015075,0,80,5948,-0.050341111532613086,6
1,0,1,0,1.5322605130033284,1,2,0,2,0,0,2,2,2,2,1,1,0.40508985812156867,1.3279895691737449,0,47,6280,-0.5373699655258769,6
0,0,1,1,-0.9516816739185228,1,2,0,0,2,0,0,0,0,0,1,3,-0.31446824295036285,-0.7846589549014933,0,80,4291,-0.027591141924240527,3
0,1,0,0,1.4100994218432374,1,0,1,2,2,0,2,2,0,2,1,0,0.9202469281730669,1.7034582920602321,0,80,5857,-0.5057531552786216,6
0,0,0,0,-1.2774445836787656,1,0,0,2,0,0,0,0,0,0,1,0,-0.5421344319731216,-0.9844045213040044,0,27,5838,2.1158844428879555,2
0,0,1,1,-0.5851984004382496,1,0,2,1,1,1,1,1,1,2,0,3,-1.5093002860698053,-0.8693440161294602,0,36,2269,-0.5448663129666003,8
1,1,1,1,1.5729808767233588,1,0,1,2,2,2,0,0,0,1,1,0,0.7291402731539627,1.7204438344268729,0,44,4485,-0.5235696460144655,5
1,0,1,0,-1.2774445836787656,1,0,0,2,0,2,0,0,0,0,0,3,-0.3011738669490337,-0.9812059451440526,0,36,5664,2.5315088876563006,3
0,0,0,0,0.9214550572028734,1,2,1,2,0,2,0,0,0,1,1,1,0.6477122201458225,1.019183585289841,0,30,5735,-0.48913901672290067,5
1,0,0,0,1.0843365120829946,1,0,0,0,0,2,2,2,0,0,1,2,-0.003712203919297562,0.6422368996259967,0,38,5687,-0.5380926151190145,4
0,0,1,0,-1.0331224013585834,1,0,1,0,0,0,0,0,0,0,1,0,0.14751132309581955,-0.7950929309267156,0,73,2551,0.33013251812465244,2
1,0,1,1,0.5142514200025698,1,0,0,2,0,0,2,0,0,2,0,0,-0.33607160395252245,0.12086898555384354,0,39,5083,-0.5254182504914462,3
0,0,1,1,0.880734693482843,1,2,2,1,1,1,1,1,1,1,1,0,-1.329826210051864,-0.41364617949300825,0,70,6466,-0.6100386396961557,9
1,0,1,1,0.758573602322752,1,2,2,1,1,1,1,1,1,1,1,3,-1.3564149620545218,-0.46914699065465576,0,26,5895,-0.608825942377203,9
0,1,1,0,1.6137012404433893,1,2,1,0,2,2,0,2,2,1,0,1,1.3373579752147637,2.337526382692344,0,56,6423,-0.49671864464642085,7
1,0,1,0,0.47353105628253944,1,0,0,2,2,0,2,0,0,1,1,0,-0.16324471593524553,0.14303842721419952,0,35,5981,-0.5091422227592884,4
1,0,0,0,-1.2367242199587352,1,0,2,1,1,1,1,1,1,0,0,3,-1.4860351280674797,-0.9869413230860352,0,58,4394,0.10464431360665372,8
0,0,0,0,1.369379058123207,1,2,1,0,0,2,0,2,0,1,1,0,0.9102761461720702,1.6664209860425823,0,77,4928,-0.5039399651695993,5
1,0,1,1,1.4508197855632678,0,1,0,2,2,0,0,2,0,1,0,3,-0.6634456129852487,0.31055558141195433,0,68,4112,-0.5871907191941477,4
0,0,0,0,-0.055833672077855064,1,0,2,1,1,1,1,1,1,2,0,1,-1.4577845790646555,-0.7016503887642599,0,46,5581,-0.5867493389117225,8
0,1,0,0,-0.46303730927815856,1,2,1,0,0,0,0,2,2,0,1,0,1.0182929511828682,-0.11234030522554309,0,47,5691,-0.16444754217021834,5
1,0,0,1,-0.46303730927815856,1,2,1,2,0,0,0,0,0,0,0,2,0.5180920541328647,-0.23494503830838742,0,62,4579,-0.24288199851835127,4
0,0,1,1,0.9214550572028734,1,2,0,2,0,2,2,2,2,2,1,0,0.6759627691486464,1.0492281420474576,0,67,5661,-0.48739871732362433,7
1,1,1,0,1.5729808767233588,1,2,1,2,2,2,2,2,2,2,1,0,1.6713791722481544,2.531007151650536,0,53,4438,-0.4784242321861798,9
1,0,1,1,-0.4223169455581282,1,0,2,1,1,1,1,1,1,1,0,3,-1.4893587220678117,-0.8145270384916645,0,61,2233,-0.562182631662859,8
0,0,1,0,1.4100994218432374,1,2,0,0,2,2,2,2,2,2,0,0,0.7108605061521354,1.5900742819764213,0,31,5037,-0.5163756055911595,7
0,1,0,0,-0.748079855318371,1,0,1,2,2,0,0,0,0,0,0,2,0.46823814412788106,-0.54527310326151,0,44,5327,-0.058930180518267476,4
1,1,1,0,-0.46303730927815856,1,0,1,0,0,2,0,2,0,0,0,0,0.7241548821534641,-0.18639285811491127,0,67,5318,-0.21057012945799086,4
1,0,0,0,-1.1552834925186746,0,1,0,2,2,0,2,0,0,0,0,3,-0.7432118689932226,-0.9411906544257581,0,74,4282,0.3106411648527576,4
1,0,1,0,1.5322605130033284,1,2,2,1,1,1,1,1,1,2,0,0,-1.3464441800535252,-0.24511430458244124,0,75,4118,-0.6224730572764035,9
1,1,0,0,-0.46303730927815856,1,0,2,1,1,1,1,1,1,1,0,0,-1.4710789550659844,-0.81626971102019,0,62,5766,-0.5547957667865073,8
1,0,0,0,-0.5037576729981889,1,0,2,1,1,1,1,1,1,0,1,1,-1.5009913010689746,-0.8486525372464612,0,27,5909,-0.5546220470603763,8
1,0,1,1,-0.4223169455581282,1,0,2,1,1,1,1,1,1,1,0,0,-1.479387940066815,-0.7903722736975453,0,51,3339,-0.5606871314118185,8
0,0,0,0,1.247217966963116,1,0,2,1,1,1,1,1,1,2,1,3,-1.4677553610656522,-0.4328155773067887,0,23,6469,-0.6247288140371058,8
0,0,1,1,1.5322605130033284,1,0,2,1,1,1,1,1,1,2,0,0,-1.4943441130683104,-0.39749888467173405,0,22,5169,-0.629659181722131,8
0,0,0,0,-1.1145631287986442,1,0,1,0,0,0,0,2,0,0,0,2,0.5131066631323666,-0.8362552972334064,0,46,3391,0.8709220255703611,3
0,0,1,1,1.6137012404433893,1,2,1,2,2,2,2,2,2,2,1,1,1.7162476912526399,2.7633561357386247,0,74,6491,-0.47881361424355207,9
0,0,0,0,-0.7888002190384014,0,1,0,0,2,0,0,0,0,0,1,2,-1.1004982240289392,-0.8337405545973063,0,49,4959,-0.40243115841778043,2
1,0,1,0,1.1657772395230555,1,0,1,0,2,2,2,0,2,0,0,1,0.9767480261787151,1.5230144783470858,0,70,4806,-0.48752420380782263,6
1,0,0,0,-1.2774445836787656,1,0,2,1,1,1,1,1,1,0,0,2,-1.4660935640654862,-0.9966694064414748,0,56,2729,0.5221796753624394,8
0,1,1,0,0.9621754209229036,1,2,1,0,0,0,2,0,0,0,1,0,0.4017662641212361,0.8806080305531678,0,66,6035,-0.5070502715309324,4
0,0,0,0,-1.1552834925186746,1,0,2,1,1,1,1,1,1,0,0,3,-1.4827115340671475,-0.9684998770879678,0,75,5535,-0.19957367079390054,8
1,0,0,0,0.10704778280226633,1,2,0,2,0,0,0,0,0,2,0,3,-0.3161300399505289,-0.1568997800055621,0,24,5498,-0.4856697924302256,3
1,0,1,0,1.6137012404433893,1,2,0,0,2,2,0,2,2,2,0,0,0.5779167461388456,1.5461545224283926,0,70,4552,-0.5326072362872585,6
0,1,0,0,0.6771328748826912,1,2,1,2,2,2,2,0,2,1,0,0,1.2708860952081187,1.2734593604330482,0,75,5023,-0.4254440587093873,8
0,0,1,0,0.47353105628253944,1,2,1,2,2,2,2,0,0,0,1,1,1.0083221691818711,0.7856654664674244,0,20,2221,-0.41932912434957714,7
0,0,1,1,0.18848851024232702,1,2,1,0,2,2,0,0,2,0,1,2,1.0099839661820376,0.5528532403147903,0,22,3407,-0.37454326463866505,6
1,0,1,0,1.1657772395230555,1,2,0,0,2,2,0,2,2,1,1,2,0.4998122871310375,1.1625459746934763,0,24,6432,-0.5140612929398616,6
1,0,1,0,1.5322605130033284,1,2,0,2,0,2,2,0,2,2,1,1,0.33363258711442517,1.3394603250577102,0,60,6447,-0.5408419132917902,6
0,0,0,0,0.35136996512244845,1,0,2,1,1,1,1,1,1,0,0,2,-1.4727407520661506,-0.6635983620337982,0,80,2839,-0.60580732350968,8
1,0,1,1,1.5322605130033284,1,2,0,2,2,2,2,0,2,1,0,0,0.4516201741262198,1.3968802819153288,0,42,4422,-0.5351091623294681,7
1,0,0,0,0.758573602322752,1,0,2,1,1,1,1,1,1,1,0,2,-1.517609271070636,-0.5611556883316158,0,78,4120,-0.6195197278261498,8
0,0,1,1,0.3920903288424788,1,0,2,1,1,1,1,1,1,2,0,3,-1.4876969250676457,-0.6380318119001139,0,46,3413,-0.6083054824284769,8
1,0,0,0,0.6364125111626608,1,0,2,1,1,1,1,1,1,1,0,0,-1.4893587220678117,-0.5626115919630421,0,44,4254,-0.6149524262352888,8
0,0,0,0,0.6364125111626608,1,2,2,1,1,1,1,1,1,2,0,1,-1.3547531650543558,-0.48383838184450356,0,66,3948,-0.6054758379098178,9
0,0,0,0,-0.21871512695797646,1,0,2,1,1,1,1,1,1,1,0,3,-1.51594747407047,-0.7845927774637013,0,38,5606,-0.5832175548367207,8
0,1,0,0,0.5549717837226001,1,0,1,0,2,2,0,2,0,1,1,0,0.8820255971692458,0.814695302512229,0,43,3191,-0.4389099247996075,5
1,0,1,1,-0.30015585439803716,1,0,2,1,1,1,1,1,1,0,1,3,-1.51594747407047,-0.795070871780785,0,57,3829,-0.5771855668736181,8
1,0,0,0,-0.7888002190384014,1,0,2,1,1,1,1,1,1,2,0,3,-1.4960059100684764,-0.8885354730891714,0,41,2016,-0.4998879247772544,8
1,0,1,0,-0.055833672077855064,1,0,0,2,2,2,2,0,2,1,1,1,0.356897745116751,0.06384609332297761,0,61,5611,-0.3911192123224843,6
0,0,1,1,-0.38159658183809786,1,2,1,0,0,0,0,2,0,0,1,2,0.6310942501441613,-0.1896134934207938,0,78,3585,-0.26153515411166406,4
0,0,0,0,-1.2367242199587352,1,0,2,1,1,1,1,1,1,0,0,3,-1.5076384890696393,-0.9788456165294672,0,63,5816,0.07980239276992493,8
0,0,0,0,1.3286586944031769,1,2,2,1,1,1,1,1,1,2,0,0,-1.2716633150460497,-0.256408587298961,0,46,4404,-0.6155976709323467,9
0,0,1,1,0.9214550572028734,1,0,2,1,1,1,1,1,1,1,0,1,-1.51594747407047,-0.5654351626421721,0,29,5390,-0.6224254765968872,8
0,0,1,1,0.10704778280226633,0,1,0,0,0,0,2,2,0,1,0,3,-0.7930657789982063,-0.39535914751645596,0,78,5691,-0.5313725570465149,3
1,0,0,0,-1.0738427650786138,1,0,0,2,0,2,2,2,2,2,1,3,0.5147684601325326,-0.7881001816666828,0,26,2706,0.652804500861062,6
1,0,0,0,-0.62591876415828,1,0,1,0,0,0,0,0,0,0,1,2,0.2006888271011353,-0.47327205094369706,0,56,5420,-0.21065698932105636,2
1,0,1,1,-0.9109613101984924,1,0,0,0,0,2,0,2,0,0,0,3,-0.15161213693408263,-0.7571732590718381,0,52,5318,-0.034157747571991116,3
1,0,0,1,-0.7073594915983407,1,0,0,0,0,2,2,0,0,1,0,1,-0.31779183695069496,-0.6243551414230784,0,73,3608,-0.26607358195683567,3
0,0,1,1,-0.7888002190384014,1,0,0,2,0,0,2,0,0,1,0,0,-0.35268957395418365,-0.6964885486164756,0,43,4977,-0.21816416320028753,3
0,1,1,0,1.0436161483629645,1,2,1,0,0,0,2,2,2,0,1,0,1.1844726511994805,1.5309337117362078,0,64,4005,-0.46652553509701,6
0,0,0,0,0.5142514200025698,1,0,0,2,2,0,2,0,0,1,1,1,-0.07350767792627502,0.2279661390474041,0,80,2935,-0.5057274971860793,4
0,0,1,1,1.6137012404433893,1,2,0,2,2,2,2,0,0,2,1,0,0.18905624809997262,1.2732387689737412,0,48,4463,-0.550983451700729,6
1,0,1,1,1.4508197855632678,1,2,1,2,2,0,0,0,0,1,1,0,0.6892571451499756,1.5074627804659404,0,48,4380,-0.5195608745082042,5
0,0,1,1,0.22920887396235737,1,0,0,2,2,0,0,0,0,0,0,2,-0.3410569949530208,-0.08986203552215713,0,23,5499,-0.5014103586408747,3
1,0,0,0,-1.2367242199587352,1,0,2,1,1,1,1,1,1,0,0,3,-1.462769970065154,-0.9862795487081141,0,79,3976,0.13139715143082306,8
1,0,0,0,-0.8702409464784621,1,0,2,1,1,1,1,1,1,0,0,3,-1.4760643460664828,-0.9108152104791808,0,46,5597,-0.4671975948849658,8
0,1,1,0,-0.5037576729981889,1,0,1,0,0,0,0,2,2,1,1,0,0.8720548151682491,-0.18540019654802967,0,57,3748,-0.16479498162248038,4
1,0,1,0,1.6137012404433893,1,2,1,0,2,2,0,2,2,2,1,0,1.330710787214099,2.2899006866279574,0,21,4165,-0.49703276798682205,7
1,0,0,0,0.3106496014024181,1,0,0,0,0,0,2,0,0,0,1,2,-0.45405919096431707,-0.08242810334351043,0,67,3355,-0.5187340938816126,2
1,1,1,0,1.2064976032430856,1,2,1,0,2,0,0,0,2,0,1,0,0.8321716871642622,1.4778814657728683,0,67,4981,-0.49820449790736615,5
0,0,0,1,-0.4223169455581282,1,0,2,1,1,1,1,1,1,0,1,2,-1.4694171580658184,-0.7984900394000438,0,44,3169,-0.559191631160778,8
0,0,0,0,-0.8702409464784621,1,0,0,2,0,2,0,0,2,0,0,0,-0.023653767921291324,-0.6819736305940732,0,24,4171,-0.049662233129180215,4
1,1,1,0,-1.0331224013585834,1,2,1,0,0,0,0,0,0,0,1,2,0.33529438411459117,-0.7916958224533874,0,44,2259,0.41110762546745055,3
1,0,1,0,-1.1960038562387048,0,1,0,0,0,0,0,0,0,0,0,3,-1.3215172250510334,-0.9712572703293056,0,70,2730,0.05496047193319635,1
1,0,0,0,1.0436161483629645,1,0,2,1,1,1,1,1,1,2,0,1,-1.477726143066649,-0.5065813612990578,0,20,4335,-0.6221842985146345,8
1,0,0,1,-1.0738427650786138,1,2,2,1,1,1,1,1,1,0,0,3,-1.2766487060465481,-0.9245801175399391,0,22,2189,-0.23003914733652592,9
0,0,1,0,-0.4223169455581282,1,0,0,0,2,2,0,0,0,0,1,3,-0.33440980695235617,-0.48573546839454396,0,53,5722,-0.3889538525839985,3
1,0,1,1,1.2879383306831464,1,2,1,0,0,2,0,0,2,1,0,1,0.8471278601657574,1.4777049926054224,0,53,4799,-0.5024393139418044,5
1,0,0,0,-1.0738427650786138,1,0,2,1,1,1,1,1,1,0,0,3,-1.4660935640654862,-0.9575585407063393,0,79,3266,-0.3234010915800557,8
1,0,0,1,0.26992923768238775,1,2,2,1,1,1,1,1,1,1,0,0,-1.3065610520495383,-0.5829280653652191,0,53,5986,-0.5886841423615062,9
0,0,0,0,-0.5037576729981889,1,0,2,1,1,1,1,1,1,1,0,3,-1.504314895069307,-0.8279169400716009,0,59,4700,-0.5551680233425023,8
1,0,1,0,1.2879383306831464,1,2,0,2,0,0,0,2,0,1,1,1,0.046141706085686136,0.9321161363013581,0,25,4703,-0.5449498672316383,4
0,0,1,0,0.5549717837226001,1,0,0,0,2,0,0,2,2,0,1,1,0.14418772909548702,0.3918876524584543,0,53,2333,-0.49306612537984085,4
0,1,1,1,-0.1779947632379461,0,1,0,0,2,0,0,0,2,1,1,2,-0.8528904710041867,-0.5219786451586882,0,59,2305,-0.5070468034420259,3
0,0,1,0,0.025607055362205634,1,0,2,1,1,1,1,1,1,0,0,3,-1.4860351280674797,-0.7104299288446795,0,22,5759,-0.5940206590661383,8
1,0,1,1,0.26992923768238775,1,0,0,2,2,2,0,0,0,1,0,2,-0.16490651293541178,0.02828675008268525,0,58,3093,-0.4902241445836259,4
0,0,0,0,-1.2774445836787656,1,0,0,0,2,0,0,0,0,0,1,2,-0.5371490409726233,-0.9843383438662122,0,24,3704,2.1244835693314386,2
1,1,1,0,1.5322605130033284,1,0,1,2,2,2,0,2,2,2,0,1,1.3489905542159264,2.3083421326260245,0,34,5866,-0.49150795782730083,7
1,0,0,0,1.3286586944031769,1,2,2,1,1,1,1,1,1,2,1,0,-1.3181936310507012,-0.24473929910161935,0,46,5449,-0.6180297470981804,9
1,0,0,0,-1.2774445836787656,1,0,0,2,0,0,0,0,0,0,0,2,-0.4989277099688025,-0.983830983509806,0,79,2908,2.1904102053981416,2
1,0,1,0,-0.5851984004382496,1,2,1,0,0,0,0,2,2,0,1,2,0.9966895901807084,-0.25934245370774434,0,40,4477,-0.08986692079914897,5
1,0,1,0,-0.3408762181180675,1,2,1,0,0,0,0,2,2,0,1,2,0.9385266951748941,-0.013978573520540587,0,29,5886,-0.23511672676029685,5
1,0,0,0,1.247217966963116,1,2,0,2,0,2,2,0,2,2,1,0,0.2372483611047903,0.9703666953451962,0,38,5816,-0.5328256501723813,6
0,0,0,1,0.47353105628253944,1,2,0,0,2,0,0,2,2,1,1,3,0.42503142212356193,0.5256101950903728,0,43,5044,-0.4640445818556888,5
1,0,0,0,-1.1552834925186746,1,0,2,1,1,1,1,1,1,0,1,2,-1.4926823160681442,-0.9779853098381699,0,71,5918,-0.20645297194868684,8
0,0,1,1,0.18848851024232702,1,2,1,0,0,0,0,2,2,0,1,2,1.0133075601823696,0.4563665360138977,0,29,2969,-0.374241540903806,5
1,0,0,0,0.06632741908223598,0,1,0,0,0,0,0,0,0,0,1,0,-1.3198554280508674,-0.6295831590086548,0,29,3800,-0.5795731631535301,1
1,0,1,0,0.10704778280226633,0,1,0,2,0,2,0,2,2,1,0,1,-0.3859255139575061,-0.15389973615898647,0,43,5638,-0.492358001886268,5
0,0,1,0,-1.1552834925186746,1,0,2,1,1,1,1,1,1,0,0,2,-1.4827115340671475,-0.9654557149495309,0,26,2198,-0.19957367079390054,8
0,1,1,0,0.26992923768238775,1,2,1,0,0,0,2,2,2,0,1,2,1.2127232002023045,0.7365176893338192,0,77,3172,-0.3714128808895024,6
1,1,1,0,0.43281069256250915,1,0,1,0,2,2,0,2,2,1,1,0,1.1894580421999785,0.8930714480040147,0,65,4499,-0.39962062142001864,6
0,0,1,0,1.1657772395230555,1,2,2,1,1,1,1,1,1,2,0,0,-1.3115464430500368,-0.31978451355786913,0,71,4501,-0.6148467534064903,9
0,0,1,0,0.6771328748826912,1,2,0,2,2,2,0,0,2,1,0,2,0.23392476710445778,0.5260293188630562,0,79,6193,-0.49698879071916585,6
1,0,0,0,-1.1552834925186746,1,0,2,1,1,1,1,1,1,1,0,3,-1.4976677070686424,-0.9538084858981198,0,43,5018,-0.20989262252608007,8
0,0,1,1,1.2879383306831464,0,1,0,0,2,2,2,0,2,2,0,2,-0.49560411596847015,0.4105717490617593,0,56,5644,-0.5737018182118994,5
1,0,0,0,-1.1960038562387048,1,0,1,0,0,0,0,0,0,0,1,3,0.16080569909714826,-0.9142784963903011,0,39,5487,1.3333639365310024,2
1,0,1,1,-1.2774445836787656,1,0,2,1,1,1,1,1,1,0,0,2,-1.4960059100684764,-0.9970664710682275,0,27,3068,0.4705849167015414,8
1,0,1,0,0.3106496014024181,1,0,1,0,2,2,0,0,0,1,0,2,0.53304822713436,0.37633595457730906,0,26,3387,-0.4356791165250451,4
0,1,1,0,0.06632741908223598,1,0,0,0,0,2,2,2,0,1,0,0,-0.018668376920792765,-0.07651625223408212,0,34,2225,-0.45132333448215517,4
0,0,1,0,-1.2774445836787656,0,1,0,0,0,0,0,0,2,0,0,2,-0.9891578250178088,-0.9903384315593633,0,54,4099,1.3448294384556465,2
1,0,1,1,0.5142514200025698,1,0,2,1,1,1,1,1,1,2,0,2,-1.5142856770703037,-0.6070828301593383,0,24,3451,-0.613777390323757,8
1,0,0,0,0.43281069256250915,1,0,1,2,2,2,2,0,0,1,1,1,0.8604222361670865,0.7070246112244701,0,27,2496,-0.4254180007504676,6
1,0,1,1,0.35136996512244845,1,0,2,1,1,1,1,1,1,2,1,3,-1.4876969250676457,-0.6176271019142141,0,60,5743,-0.6070357701444632,8
1,0,0,0,-1.1145631287986442,1,0,1,0,2,0,0,0,0,0,1,2,0.32864719611392706,-0.8365200069845748,0,34,3319,0.7648661327674042,3
1,0,0,0,1.6137012404433893,0,1,0,2,0,2,2,2,2,2,1,1,-0.11837619693076015,0.9311234747344765,0,38,4085,-0.5655116561942848,6
1,0,0,0,-1.1552834925186746,1,0,2,1,1,1,1,1,1,1,0,3,-1.4893587220678117,-0.9756911586613769,0,35,2195,-0.2041598715637581,8
1,0,1,1,-0.9516816739185228,1,0,0,0,2,0,2,0,0,0,0,3,-0.3310862129520241,-0.8060122081624134,0,73,2848,-0.033323892886562505,3
1,1,1,0,1.6137012404433893,1,2,0,0,0,2,0,2,2,2,1,1,0.28876406810994004,1.3452839395834157,0,29,5540,-0.546271601594711,5
0,0,1,0,0.025607055362205634,1,0,0,0,0,0,2,0,0,1,1,3,-0.4424266119631542,-0.22978319816060302,0,59,4935,-0.4881333765856025,2
0,0,1,0,1.6137012404433893,1,2,1,2,0,0,0,0,0,2,0,0,0.5214156481331973,1.5255512801291164,0,62,4202,-0.5352772846806688,4
1,0,0,0,-0.7073594915983407,1,0,1,0,0,2,0,2,0,0,0,2,0.682609957149311,-0.46760285043950656,0,51,5559,-0.050378826999470425,4
1,1,1,0,-0.13727439951791576,1,2,1,0,0,0,2,0,0,0,1,2,0.4831943171293762,0.059478382428698684,0,21,3172,-0.35856196414896396,4
0,0,1,1,-0.7073594915983407,1,0,0,0,2,2,2,2,2,0,0,0,0.39013368512007346,-0.49594885296045926,0,76,3851,-0.11343908758501241,6
1,1,0,0,1.6137012404433893,1,2,2,1,1,1,1,1,1,2,0,0,-1.3082228490497045,-0.2075255199165243,0,51,6141,-0.6217397341261006,9
0,0,1,0,-0.5444780367182193,1,2,1,0,0,0,0,2,0,0,1,2,0.7341256641544608,-0.3155932758310357,0,64,5072,-0.16374397727938803,4
1,0,0,0,-1.2774445836787656,1,0,2,1,1,1,1,1,1,0,0,3,-1.4993295040688086,-0.9971105893600889,0,31,3192,0.4648521657392193,8
0,0,0,0,-1.2367242199587352,1,0,0,0,0,0,0,0,0,0,0,2,-0.6385186579827569,-0.9685439953798292,0,70,4372,1.0792119772013935,1
0,1,1,1,-0.8702409464784621,1,2,1,0,0,2,0,0,0,0,1,1,0.4433111891253892,-0.6242227865474942,0,50,2333,0.08457968523852663,4
0,0,0,0,-0.8295205827584317,1,0,2,1,1,1,1,1,1,1,0,3,-1.5109620830699715,-0.9048592410778912,0,77,2868,-0.49141479286041584,8
0,0,1,0,1.5322605130033284,1,2,1,0,2,2,2,2,2,2,1,2,1.5201556452330371,2.4142922105311886,0,64,5979,-0.48319143178336893,8
0,0,0,0,-0.38159658183809786,1,0,2,1,1,1,1,1,1,0,1,0,-1.477726143066649,-0.7981591522110832,0,43,3630,-0.5646543612444399,8
1,1,0,0,0.6771328748826912,1,2,0,2,2,2,2,0,2,2,0,1,0.5513279941361872,0.7858198804889394,0,69,4537,-0.4750896820430958,7
1,0,0,1,-1.2367242199587352,1,0,0,0,0,0,0,0,2,0,1,2,-0.31446824295036285,-0.9578453096034385,0,67,4594,1.4518407897523238,2
1,1,1,0,1.4915401492832983,0,1,0,2,2,0,0,2,2,2,0,1,-0.2729233179462098,0.7380618295489685,0,28,4162,-0.5690085220943939,5
0,0,1,1,-0.3408762181180675,1,0,2,1,1,1,1,1,1,2,1,3,-1.4976677070686424,-0.7878134127695838,0,31,3594,-0.5712852431908589,8
0,0,0,0,-0.015113308357824713,1,2,1,0,2,2,0,2,2,1,1,1,1.3057838322116073,0.5016760217555606,0,60,2335,-0.30012264827850577,7
0,0,0,0,-0.21871512695797646,1,0,0,2,2,0,0,0,0,2,0,0,-0.3958962959585028,-0.34460105272990943,0,23,2842,-0.44522204952939815,3
1,0,0,0,1.0436161483629645,1,2,1,0,0,0,2,0,0,0,0,0,0.5280628361338618,1.115140870088397,0,33,6043,-0.504905816963403,4
0,0,1,1,-0.5851984004382496,1,2,2,1,1,1,1,1,1,2,1,1,-1.3331498040521963,-0.7978282650221228,0,78,5231,-0.5128835970715407,9
0,0,1,1,0.5956921474426305,1,0,2,1,1,1,1,1,1,2,1,0,-1.4444902030633266,-0.5461554690987381,0,30,2861,-0.610755233566446,8
0,0,1,1,1.5322605130033284,1,2,1,0,2,2,2,2,2,2,1,2,1.5101848632320405,2.386828573847464,0,53,4098,-0.48367588961117075,8
0,0,1,1,0.14776814652229667,1,0,0,2,0,0,0,0,0,0,0,1,-0.45572098796448335,-0.20503283642635486,0,56,2161,-0.503440459640006,2
1,0,0,0,1.4100994218432374,1,0,2,1,1,1,1,1,1,2,1,3,-1.4943441130683104,-0.4272566725322517,0,75,4260,-0.6282485545176492,8
0,0,0,0,-0.9109613101984924,1,0,2,1,1,1,1,1,1,0,1,3,-1.491020519067978,-0.9177859005932829,0,65,5811,-0.4542120453566759,8
1,1,0,0,-0.5444780367182193,1,0,1,2,0,0,0,0,2,0,1,2,0.749081837155956,-0.2834310410640715,0,70,4447,-0.16116423934634305,4
0,0,1,1,1.5729808767233588,1,0,2,1,1,1,1,1,1,2,0,0,-1.4926823160681442,-0.4206168696071103,0,54,6342,-0.6300236465231394,8
1,0,1,1,1.6137012404433893,1,2,0,2,2,2,2,2,2,2,1,3,0.8188773111629334,1.8074451059775634,0,52,6044,-0.5212202651977148,8
0,0,1,1,0.6364125111626608,1,0,2,1,1,1,1,1,1,2,0,3,-1.4876969250676457,-0.5928767401799659,0,50,2608,-0.6148354313176905,8
1,0,0,0,-1.2774445836787656,1,0,2,1,1,1,1,1,1,0,0,3,-1.4860351280674797,-0.9969341161926433,0,79,2067,0.4877831695885074,8
1,0,1,1,-0.5851984004382496,1,0,0,2,0,2,2,2,2,0,0,2,0.6144762801425001,-0.29496797438582883,0,43,2065,-0.159263379816731,6
1,1,1,0,1.4100994218432374,1,2,1,0,2,0,2,2,2,2,0,0,1.2675625012077867,2.0779564125257677,0,52,5869,-0.4881333765856025,7
1,0,1,1,1.4915401492832983,0,1,0,2,0,2,2,0,0,2,0,3,-0.8528904710041867,0.22048808857689603,0,53,5987,-0.5975903804636851,4
1,1,1,0,1.6137012404433893,1,2,1,2,2,2,2,2,2,2,1,3,1.653099405246327,2.6701341850354763,0,47,6051,-0.48179778597736356,9
0,1,0,0,0.22920887396235737,1,0,2,1,1,1,1,1,1,2,0,3,-1.481049737066981,-0.6811133239027758,0,71,4947,-0.6022479781319745,8
1,1,1,0,0.3106496014024181,1,0,0,0,0,0,0,0,2,1,0,2,-0.29785027294870164,0.0015731243606046633,0,78,3587,-0.5055907136265329,2
0,0,1,1,1.1657772395230555,1,2,2,1,1,1,1,1,1,2,1,3,-1.3481059770536914,-0.3681822797298304,0,51,6201,-0.6168809553608626,9
1,0,1,0,-0.015113308357824713,1,2,0,2,0,0,2,2,0,1,1,1,0.2671607071077802,0.023521974561653634,0,78,3278,-0.4086974771103618,5
0,0,0,0,-0.46303730927815856,1,2,1,0,2,0,0,2,2,0,1,1,1.1661928841976528,-0.12670080922643037,0,74,2113,-0.141255958731734,6
0,1,0,0,1.0843365120829946,1,2,1,0,0,2,0,2,2,1,1,2,1.15456030519649,1.5927875569258976,0,50,5513,-0.4714971581067074,6
0,0,0,0,0.5956921474426305,1,0,2,1,1,1,1,1,1,2,0,1,-1.479387940066815,-0.5514496641221067,0,64,5134,-0.6132633121124619,8
1,0,1,1,1.4915401492832983,1,2,2,1,1,1,1,1,1,2,1,0,-1.288281285047711,-0.21317266127478413,0,22,4933,-0.619047248351233,9
1,0,0,0,-1.2367242199587352,1,0,2,1,1,1,1,1,1,0,1,1,-1.491020519067978,-0.9909119693535616,0,58,5824,0.09891156264433164,8
0,0,1,1,-0.4223169455581282,1,0,2,1,1,1,1,1,1,0,0,0,-1.5192710680708021,-0.8054607295141458,0,30,4312,-0.5666691324159806,8
1,1,1,0,-0.7073594915983407,1,2,1,2,0,2,0,2,0,0,1,2,1.0548524851865226,-0.3915429152704444,0,61,2394,0.0298796864730376,6
0,0,0,0,0.8400143297628127,1,0,2,1,1,1,1,1,1,2,0,1,-1.4926823160681442,-0.5427142423335485,0,36,6338,-0.6194870625785012,8
0,1,1,0,-0.1779947632379461,1,2,2,1,1,1,1,1,1,0,0,3,-1.2982520670487077,-0.6816868616969741,0,80,3136,-0.5600253295765879,9
1,0,0,0,-0.4223169455581282,1,0,2,1,1,1,1,1,1,1,0,3,-1.477726143066649,-0.79617382907732,0,50,4510,-0.5604378813699784,8
1,1,1,0,-0.6666391278783103,1,0,1,0,0,2,2,0,2,0,1,2,0.8903345821700764,-0.32633607989928787,0,46,4045,-0.04418239765049006,5
0,0,1,1,0.6364125111626608,0,1,0,2,2,0,2,0,0,2,0,3,-0.84291968900319,-0.1328332517951656,0,26,5701,-0.569441403289508,4
1,1,1,0,-0.0965540357978854,1,2,1,2,2,2,2,2,0,0,1,0,1.3606231332170895,0.3979759767353283,0,54,2455,-0.2706967682167728,8
0,0,0,0,-1.1960038562387048,1,0,1,0,0,0,0,0,0,0,1,2,0.18240906009930805,-0.9044401173052079,0,46,2156,1.351995377158549,2
1,1,0,0,1.002895784642934,1,2,1,2,0,0,2,0,2,2,0,2,0.9634536501773859,1.4761167340984123,0,75,4276,-0.4763073974199201,6
0,0,1,0,-0.38159658183809786,1,0,0,0,0,0,2,2,0,1,0,0,-0.1582593249347472,-0.41144026489993796,0,54,3835,-0.37499585024095367,3
0,0,1,0,1.3286586944031769,1,0,0,0,0,0,2,2,0,2,1,1,-0.16490651293541178,0.6743329569551688,0,37,6034,-0.5577490021307338,3
1,0,1,0,0.47353105628253944,1,0,1,0,0,0,0,2,2,1,1,0,0.8604222361670865,0.7475472622991705,0,26,3786,-0.4306672318083918,4
0,0,1,1,1.5729808767233588,1,2,1,2,2,2,0,2,2,2,1,0,1.4703017352280534,2.374475452126271,0,35,4204,-0.4880584386645264,8
0,0,1,0,0.18848851024232702,1,2,0,2,0,2,2,0,0,1,0,1,0.11095178909216456,0.08802291726302762,0,60,2873,-0.45615953491803884,5
0,0,0,0,-0.8295205827584317,1,0,2,1,1,1,1,1,1,0,0,3,-1.4744025490663168,-0.8881604676083494,0,60,4497,-0.48171321430879405,8
1,0,1,1,1.4915401492832983,1,2,0,0,2,2,2,2,2,2,1,0,0.5712695581381809,1.4654621666138827,0,59,6182,-0.5274051293963999,7
0,0,0,0,0.10704778280226633,1,0,0,2,2,2,0,0,0,0,0,2,-0.13997955793291994,-0.1310905792666402,0,34,3463,-0.46879002570783307,4
1,0,0,0,-1.1145631287986442,1,0,0,0,2,0,2,0,2,0,1,0,0.0278619390838584,-0.8558217596739395,0,65,5636,0.5919281454040236,4
1,0,1,1,1.0436161483629645,1,2,1,0,0,0,0,2,0,2,0,0,0.5895493251400082,1.1242733565037075,0,25,4348,-0.5013107019531333,4
1,0,1,0,1.6137012404433893,1,2,0,2,2,2,2,0,2,2,1,0,0.5829021371393436,1.6327366702064,0,76,5219,-0.5323716437819577,7
1,0,1,0,1.6137012404433893,1,2,0,2,2,2,2,0,0,2,0,3,0.11261358609233106,1.1157364670285255,0,34,4613,-0.5545958701153428,6
0,0,0,0,-1.2774445836787656,1,0,2,1,1,1,1,1,1,0,0,1,-1.477726143066649,-0.9968238204629898,0,31,2507,0.5021150469943124,8
1,0,1,1,0.8400143297628127,1,0,2,1,1,1,1,1,1,1,0,1,-1.481049737066981,-0.5345302991932578,0,22,6050,-0.6187439281944965,8
0,0,0,0,-0.21871512695797646,1,0,1,0,0,2,2,0,2,0,1,2,0.8122301231622688,0.045823771097593724,0,54,4384,-0.29637526561482336,5
0,0,1,0,-0.5851984004382496,1,0,1,2,0,0,0,0,0,0,0,2,0.33363258711442517,-0.3713367375979209,0,39,4809,-0.21025469100791094,3
1,0,1,1,0.5549717837226001,1,0,2,1,1,1,1,1,1,2,1,3,-1.481049737066981,-0.6010165650283952,0,35,3136,-0.6123561347660306,8
0,0,1,0,1.6137012404433893,1,2,0,2,0,2,2,2,2,2,1,1,0.6526976111463211,1.683869770473768,0,44,5046,-0.5290733487077449,7
0,0,1,0,-1.1552834925186746,0,1,0,0,0,0,0,0,0,0,1,2,-1.3165318340505352,-0.9616836009953809,0,31,3891,-0.08491865154746053,1
0,0,0,0,-0.30015585439803716,1,0,2,1,1,1,1,1,1,2,0,1,-1.4943441130683104,-0.7961297107854586,0,20,3875,-0.5743191913924571,8
0,0,1,1,0.3106496014024181,0,1,0,0,2,0,0,2,2,0,1,2,-0.4623681759651477,-0.10728876080741219,0,35,2819,-0.5194332098526275,4
1,0,1,0,1.247217966963116,1,2,1,0,2,2,0,2,2,0,1,2,1.2509445312061254,1.837224952984012,0,43,5096,-0.4781853675627497,7
1,0,0,0,-0.748079855318371,1,2,0,0,2,0,0,0,0,0,1,1,-0.3078210549496983,-0.6671498845286412,0,68,3520,-0.23740982714522565,3
1,1,1,0,1.6137012404433893,1,2,1,0,2,2,2,2,2,2,1,0,1.4952286902305454,2.493903668195094,0,53,4265,-0.4892582153118922,8
1,0,0,0,0.26992923768238775,1,2,1,2,2,0,0,2,2,0,1,2,1.3838882912194153,0.7768859263870048,0,66,4111,-0.3566510471615233,7
0,0,1,1,0.5956921474426305,0,1,0,2,2,2,0,2,2,2,1,1,-0.1582593249347472,0.21570125390993364,0,48,3248,-0.5183146242990037,6
1,0,1,0,-0.5444780367182193,1,2,1,2,2,0,2,0,0,0,1,1,0.7989357471609396,-0.2679675797666491,0,63,4600,-0.15256511290286012,6
0,0,0,0,-0.62591876415828,1,2,1,0,0,2,0,0,0,0,0,0,0.5081212721318681,-0.41210203927785904,0,27,3443,-0.15173704887496914,4
1,1,1,0,0.06632741908223598,1,2,1,0,0,0,0,0,0,0,1,2,0.358559542116917,0.06426521709566108,0,22,5381,-0.41414234966938107,3
0,0,0,0,0.3920903288424788,1,0,0,0,2,0,0,0,0,0,1,2,-0.5055748979694671,-0.0890237879767906,0,43,3637,-0.5295134866440048,2
0,0,1,1,1.5729808767233588,1,2,2,1,1,1,1,1,1,2,0,1,-1.3580767590546883,-0.2718720485963834,0,59,5471,-0.6235743016905271,9
1,1,1,0,-0.5444780367182193,1,0,0,2,0,2,0,2,0,0,0,0,0.05445069108651675,-0.43839654122725646,0,22,4533,-0.28097873445887284,4
1,0,0,0,1.002895784642934,1,0,2,1,1,1,1,1,1,2,0,1,-1.5275800530716328,-0.5229713067255698,0,58,6466,-0.6244693576357938,8
1,0,1,0,1.6137012404433893,1,2,1,0,2,2,2,2,2,2,1,2,1.4503601712260603,2.3999317065303014,0,33,4394,-0.49137854785960033,8
0,0,0,0,-1.0738427650786138,1,0,1,0,2,0,0,0,2,0,1,3,0.7042133181514708,-0.7787471037920651,0,80,3291,0.7461664451045918,4
1,0,1,0,1.1657772395230555,1,2,0,0,2,2,0,2,2,2,0,0,0.5363718211346925,1.1703549123529449,0,64,4161,-0.5120270909854893,6
1,0,1,1,0.6364125111626608,1,2,1,2,2,2,2,2,2,2,0,1,1.5633623672373562,1.3958655612025164,0,57,3922,-0.40003276260701304,9
1,0,0,0,-0.6666391278783103,1,0,2,1,1,1,1,1,1,0,1,1,-1.4677553610656522,-0.8600791748385651,0,64,5667,-0.5226984926819558,8
0,0,0,0,-1.1960038562387048,1,0,0,0,0,0,0,0,0,0,0,2,-0.6700928009859131,-0.9516466895969112,0,74,3122,0.6167700662407525,1
1,0,0,0,1.3286586944031769,1,2,1,0,2,2,0,2,2,2,0,1,1.3406815692150957,1.9200791050997303,0,28,5649,-0.4790539661934046,7
0,0,1,1,1.5322605130033284,1,2,1,2,2,2,2,2,2,2,1,1,1.6747027662484868,2.6339792448550545,0,80,4388,-0.47568233545244004,9
1,0,1,0,1.125056875803025,1,0,0,2,0,0,0,2,0,1,1,3,-0.16490651293541178,0.565338716911568,0,63,5488,-0.5492338876859535,3
0,0,1,0,1.4915401492832983,1,2,2,1,1,1,1,1,1,1,1,2,-1.2783105030467143,-0.22773169758904774,0,25,5418,-0.6185558696973199,9
0,1,0,0,0.10704778280226633,1,0,1,0,0,0,0,0,0,0,0,2,0.19237984210030468,0.061441646416531125,0,45,5873,-0.43694140925048863,2
0,0,0,0,-0.4223169455581282,1,0,2,1,1,1,1,1,1,0,1,3,-1.4860351280674797,-0.7983356253785289,0,44,5555,-0.5616841315791788,8
1,0,1,1,1.369379058123207,1,2,0,0,2,2,0,2,2,2,0,0,0.5014740841312035,1.3037906860877642,0,56,6236,-0.524988573180513,6
1,0,1,1,0.06632741908223598,1,2,1,0,0,2,0,0,2,0,1,1,0.8404806721650927,0.3605636652368568,0,59,4648,-0.36664241312442736,5
0,0,1,1,1.6137012404433893,1,2,2,1,1,1,1,1,1,2,0,0,-1.3397969920528607,-0.25175410750758276,0,64,5335,-0.6232318199930063,9
1,0,1,1,-0.055833672077855064,0,1,0,2,0,2,2,2,2,1,0,2,-0.15992112193491323,-0.1901208537772,0,37,4337,-0.44683438573755124,6
1,0,0,1,-0.0965540357978854,1,2,2,1,1,1,1,1,1,1,0,0,-1.3098846460498705,-0.6866722286773129,0,47,5915,-0.5678751810055294,9
1,1,1,0,-0.5444780367182193,0,1,0,0,2,2,0,0,0,0,1,1,-1.0124229830201346,-0.7511511122327562,0,20,4615,-0.4650000403494091,3
0,0,1,0,1.3286586944031769,1,2,1,2,0,2,0,2,2,0,1,2,1.3390197722149297,2.0449779893593676,0,53,5313,-0.47914082605647,7
0,0,1,1,-0.0965540357978854,1,0,2,1,1,1,1,1,1,2,0,3,-1.5109620830699715,-0.7397906520784444,0,30,4453,-0.5902514025036248,8
1,0,0,0,-1.0738427650786138,1,0,2,1,1,1,1,1,1,1,0,3,-1.51594747407047,-0.9508966786352672,0,41,5322,-0.34797002427572143,8
0,0,0,0,-1.2367242199587352,0,1,0,0,2,0,0,2,2,0,0,2,-0.4440884089633204,-0.963073327189015,0,58,2580,1.3027892647319517,4
1,0,1,1,0.8400143297628127,1,2,0,2,0,0,2,0,2,0,0,2,0.2355865641046238,0.6830242604518657,0,52,4903,-0.5090785255263738,5
1,1,1,0,-1.0331224013585834,1,2,1,0,0,0,0,0,0,0,1,2,0.35357415111641893,-0.7706072789436359,0,41,3533,0.4189901580406435,3
0,0,1,1,1.1657772395230555,1,0,0,2,0,0,0,0,0,1,1,0,-0.5005895069689685,0.30073926147279173,0,46,4577,-0.5697244555095042,2
0,0,0,0,-0.7888002190384014,1,2,0,2,0,2,0,2,2,0,1,2,0.464914550127549,-0.5666484156683608,0,79,5631,-0.016698915095828652,6
1,1,1,0,0.10704778280226633,1,2,1,0,0,2,0,0,0,1,1,0,0.5596369791370178,0.2362603779173483,0,60,2300,-0.40174868806512304,4
0,0,1,0,-1.2367242199587352,1,0,1,0,0,0,0,0,0,0,1,1,0.1873944510998066,-0.9374847179094,0,39,5748,2.0289377199594054,2
0,0,0,0,-1.1960038562387048,1,2,1,0,0,0,0,0,0,0,0,2,0.37683930911874425,-0.8921311138758758,0,25,2650,1.5196783428064673,3
0,0,0,0,1.2064976032430856,1,2,1,0,0,0,0,2,2,1,1,0,0.9717626351782166,1.5341984653339515,0,25,4778,-0.49056082995760353,5
1,0,1,1,1.6137012404433893,1,2,1,2,2,2,2,0,2,2,0,1,1.302460238211275,2.310900993553986,0,26,4495,-0.49836779218352717,8
1,0,1,0,1.247217966963116,1,0,2,1,1,1,1,1,1,2,1,0,-1.4893587220678117,-0.4610071658062265,0,74,5151,-0.6258932790763275,8
0,1,0,0,0.10704778280226633,1,2,1,2,2,2,2,2,2,1,1,0,1.5301264272340338,0.6867301969682238,0,35,2125,-0.3087507280096773,9
1,0,1,0,1.2064976032430856,1,2,1,2,2,0,0,0,2,1,0,2,1.0415581091851935,1.6419573932054332,0,61,6139,-0.4867389959827222,6
0,0,0,0,-0.7073594915983407,1,2,0,0,0,0,0,0,0,0,1,3,-0.5305018529719588,-0.6880840140168779,0,57,2577,-0.3119355896554117,2
0,0,0,0,0.9214550572028734,1,0,0,2,0,0,0,0,0,0,1,1,-0.47233895796614456,0.24398107899309418,0,44,6250,-0.558136769376562,2
0,0,0,0,-0.8702409464784621,1,0,0,0,0,0,0,0,0,0,1,3,-0.6684310039857471,-0.7974312003953701,0,64,4492,-0.23502118091092486,1
0,0,0,0,1.1657772395230555,1,0,2,1,1,1,1,1,1,1,0,0,-1.505976692069473,-0.4162050404209698,0,26,4559,-0.6256650092547431,8
0,0,1,0,1.5729808767233588,1,2,0,2,2,2,2,2,2,2,0,1,0.8155537171626008,1.8127834192927932,0,30,4658,-0.5194293258750107,8
1,0,0,0,0.10704778280226633,1,0,2,1,1,1,1,1,1,2,0,3,-1.5126238800701375,-0.7067019331823907,0,77,2682,-0.6003248116766656,8
0,0,0,0,-0.62591876415828,1,0,1,0,0,0,0,0,0,0,0,0,0.19071804510013865,-0.4915370237743188,0,53,3650,-0.21256790630849703,2
0,0,1,0,0.5956921474426305,1,0,2,1,1,1,1,1,1,2,0,0,-1.4993295040688086,-0.5992077150620776,0,28,4159,-0.6146964998530423,8
0,0,1,0,-1.1960038562387048,1,0,2,1,1,1,1,1,1,0,0,3,-1.4594463760648215,-0.9740146635706435,0,56,5867,-0.06399411053498512,8
1,0,0,0,-1.1960038562387048,1,0,2,1,1,1,1,1,1,0,1,3,-1.4993295040688086,-0.9756249812235848,0,55,4852,-0.0983906163089172,8
1,1,1,0,0.47353105628253944,1,0,2,1,1,1,1,1,1,2,1,1,-1.5093002860698053,-0.6319876059151014,0,42,4975,-0.6123317400810845,8
0,0,0,0,-1.2774445836787656,1,0,0,0,0,0,0,0,0,0,1,3,-0.6900343649879066,-0.9863677852918369,0,75,4138,1.8607770250646265,1
0,0,1,1,0.47353105628253944,1,2,1,0,2,2,0,0,2,1,0,2,0.9850570111795457,0.8892552157580034,0,73,5019,-0.42111264687118843,6
0,0,0,0,-0.5851984004382496,1,0,1,2,0,0,0,0,0,0,1,2,0.35357415111641893,-0.39677093285602083,0,53,4792,-0.20663400618960226,3
0,0,1,0,1.3286586944031769,1,0,0,2,2,2,0,0,2,2,0,0,0.2073360151017999,0.9293366839140895,0,32,6308,-0.5382923928040652,5
1,0,0,0,-1.1960038562387048,1,0,2,1,1,1,1,1,1,1,0,3,-1.4478137970636586,-0.9828162627969936,0,29,2088,-0.05396179635092168,8
1,0,1,0,0.025607055362205634,1,0,0,2,2,0,2,0,0,2,1,3,-0.12336158793125872,-0.11529623078025714,0,21,3215,-0.45576019468072543,4
0,0,0,0,0.06632741908223598,1,0,0,2,0,2,2,2,2,1,1,0,0.5047976781315361,0.19745834022524272,0,26,3570,-0.3997285758212572,6
0,0,1,1,-0.748079855318371,1,0,2,1,1,1,1,1,1,2,1,3,-1.4976677070686424,-0.8894619572182608,0,68,2966,-0.5110531397467292,8
0,0,0,0,-0.7888002190384014,1,0,2,1,1,1,1,1,1,0,1,3,-1.477726143066649,-0.8842780579245457,0,45,5332,-0.4953836204497157,8
1,0,1,1,-0.38159658183809786,1,2,2,1,1,1,1,1,1,1,0,3,-1.343120586053193,-0.7682028320371893,0,30,4031,-0.5453063267466031,9
0,0,1,1,0.5956921474426305,1,0,2,1,1,1,1,1,1,2,0,3,-1.4960059100684764,-0.5871413622379833,0,34,3843,-0.6144576352296123,8
1,0,0,1,-0.62591876415828,1,0,0,2,0,0,0,0,0,0,1,3,-0.4806479429669752,-0.6321861382284778,0,33,3202,-0.3412363167961686,2
1,1,1,0,1.0843365120829946,0,1,0,0,2,0,0,2,2,0,1,2,-0.4823097399671412,0.31664390568882805,0,27,5546,-0.5656098197381602,4
0,0,0,0,1.4915401492832983,1,2,0,2,0,2,2,2,2,2,1,1,0.684271754149477,1.5960523105236413,0,37,6499,-0.5218361713187157,7
1,0,0,0,-0.9109613101984924,1,0,0,2,0,0,0,0,0,0,1,3,-0.4357794239624898,-0.774379392897786,0,45,4292,-0.12327596707717858,2
1,0,1,1,-0.8295205827584317,1,2,2,1,1,1,1,1,1,2,1,0,-1.3547531650543558,-0.8868148597065765,0,69,3705,-0.4499625935943952,9
0,0,1,1,0.26992923768238775,1,0,0,0,0,2,0,2,0,0,1,3,-0.16324471593524553,0.027249970223942273,0,47,3900,-0.49008082580956785,3
1,1,1,0,1.5729808767233588,1,2,2,1,1,1,1,1,1,2,0,1,-1.3065610520495383,-0.216216823413221,0,26,5341,-0.6211060339150829,9
1,0,1,1,1.5729808767233588,1,2,2,1,1,1,1,1,1,2,0,1,-1.3580767590546883,-0.2882399348769646,0,71,5574,-0.6235743016905271,9
0,0,1,1,0.025607055362205634,1,2,2,1,1,1,1,1,1,1,0,1,-1.3497677740538576,-0.6527011439440311,0,73,4501,-0.5801946126275971,9
1,1,0,0,1.4100994218432374,1,2,1,0,0,0,0,0,0,0,1,3,0.36354493311741554,1.2269807399570585,0,30,5823,-0.5339953842841786,3
0,0,1,0,-0.9516816739185228,1,0,0,0,2,0,0,0,0,0,0,3,-0.4623681759651477,-0.7999238838855395,0,26,4623,-0.07861262548890627,2
1,0,1,0,0.7992939660427822,1,2,1,2,0,2,2,0,0,2,1,1,0.8919963791702424,1.0359264770512442,0,62,6069,-0.4634749122632064,6
0,0,0,0,1.5322605130033284,1,2,1,0,2,0,0,2,2,1,0,2,1.1346187411944968,2.011293673523185,0,20,5980,-0.5019238011250408,6
1,0,0,0,-1.2774445836787656,1,0,1,0,2,0,0,0,2,0,1,2,0.6726391751483144,-0.9682792856286608,0,46,5754,4.211204919616646,4
1,0,0,0,-1.2774445836787656,1,0,0,0,0,0,0,0,0,0,1,3,-0.6800635829869099,-0.9862354304162525,0,57,4427,1.8779752779515924,1
0,0,0,0,0.7992939660427822,1,2,1,0,2,0,0,0,0,1,1,3,0.5131066631323666,0.890247877324885,0,51,5597,-0.4881365579124407,4
1,0,0,0,-1.0738427650786138,1,0,0,0,0,2,0,2,0,0,0,3,-0.12834697893175703,-0.8230859871127771,0,80,2191,0.3358652690869743,3
1,0,1,0,-1.0331224013585834,0,1,0,2,2,0,0,0,0,0,0,3,-1.0157465770204666,-0.8925722967944899,0,32,5100,-0.1714831910785226,3
0,0,0,0,-0.2594354906780068,1,0,1,2,0,2,2,0,0,1,1,1,0.7440964461554579,-0.002485758490644714,0,77,5689,-0.2915524751227112,5
1,0,1,1,-0.30015585439803716,1,0,0,2,0,0,2,0,0,0,0,2,-0.3477041829536853,-0.4336538248521554,0,63,3971,-0.42218080046929635,3
1,0,0,0,1.4915401492832983,1,0,2,1,1,1,1,1,1,2,1,3,-1.517609271070636,-0.44598488742741815,0,31,4535,-0.6303489573912393,8
0,0,0,0,1.6137012404433893,1,2,1,2,2,2,2,2,2,2,1,1,1.5949365102405126,2.6086553453266084,0,60,4927,-0.4845463652058741,9
1,0,0,0,-1.1552834925186746,1,0,2,1,1,1,1,1,1,0,1,3,-1.4893587220678117,-0.9796397457829725,0,64,3172,-0.2041598715637581,8
1,0,1,1,1.0843365120829946,1,0,2,1,1,1,1,1,1,2,0,3,-1.504314895069307,-0.49936802057971813,0,50,5293,-0.6243705171019607,8
1,0,0,0,1.4100994218432374,1,0,0,2,0,2,0,0,2,2,0,0,0.02620014208369237,0.9184615249702534,0,54,6035,-0.551109332009934,4
0,1,0,0,-0.2594354906780068,1,0,1,0,0,0,0,0,2,0,1,2,0.466576347127715,-0.12072278067921002,0,37,4509,-0.32701060144522137,3
0,0,0,0,-0.21871512695797646,1,0,0,0,2,2,2,2,2,1,0,3,0.44663478312572175,-0.08858260505817654,0,54,2297,-0.3414183088902105,6
1,0,1,1,1.6137012404433893,1,2,1,2,0,2,0,2,2,2,0,0,1.3456669602155942,2.3515118812124096,0,78,4427,-0.4963259904709193,7
0,0,0,0,-1.0738427650786138,1,0,1,0,0,2,2,0,2,0,1,2,0.8138919201624348,-0.7909016931998821,0,76,4430,0.8002180970350564,5
1,0,1,1,1.2064976032430856,1,0,2,1,1,1,1,1,1,2,0,1,-1.4660935640654862,-0.4682205065255662,0,40,6403,-0.6240520309373873,8
1,0,0,0,-0.5037576729981889,1,2,0,0,2,0,2,2,0,1,1,2,0.1308933530941583,-0.3809765843696379,0,73,2989,-0.2865476925365571,5
1,0,0,0,-1.0738427650786138,1,0,0,2,0,2,2,2,2,0,0,1,0.4615909561272169,-0.7925561291446849,0,68,2724,0.6265976393190187,6
1,0,0,0,0.758573602322752,1,2,2,1,1,1,1,1,1,2,0,3,-1.329826210051864,-0.46109540238994934,0,46,5080,-0.6070620190041809,9
0,0,1,1,1.1657772395230555,1,0,2,1,1,1,1,1,1,2,0,1,-1.4960059100684764,-0.42712431765666753,0,22,6108,-0.6251102269035507,8
1,1,1,0,1.2064976032430856,1,2,1,2,2,2,0,0,0,0,1,2,0.8089065291619363,1.4729181579384603,0,25,4415,-0.49947844256565993,6
0,0,0,0,1.6137012404433893,1,2,1,2,0,0,2,0,0,2,1,0,0.6626683931473177,1.723002695354834,0,78,4520,-0.5286021636971432,5
1,1,0,0,-0.7888002190384014,1,0,0,0,2,0,0,2,0,0,1,2,-0.1615829189350795,-0.657973279821469,0,58,5254,-0.17107370886692824,3
0,0,1,1,0.22920887396235737,1,0,2,1,1,1,1,1,1,2,1,3,-1.4893587220678117,-0.6720690740711878,0,75,3614,-0.6029829462040671,8
1,1,1,1,0.06632741908223598,1,2,1,0,2,2,2,2,2,0,1,2,1.4669781412277214,0.5935964828487977,0,24,5151,-0.30489249561598747,8
1,0,0,0,-0.5851984004382496,0,1,0,2,0,2,0,0,0,0,0,3,-1.03568814102246,-0.7629748144516129,0,21,5388,-0.4588750485317703,3
1,0,1,1,0.9621754209229036,1,0,1,0,2,2,2,0,0,1,1,3,0.7008897241511383,1.1091628415411763,0,28,5058,-0.4889468474393893,5
0,0,0,0,0.14776814652229667,0,1,0,0,2,0,2,0,0,0,1,0,-0.9941432160183071,-0.44671283924313127,0,50,4452,-0.5536407653641231,3
0,1,1,1,1.002895784642934,1,0,1,0,2,2,2,2,0,0,1,1,1.0149693571825356,1.4504840065269358,0,23,4912,-0.4732433408710928,6
1,0,1,0,1.5322605130033284,1,0,1,2,2,0,2,0,0,2,0,0,0.6593447991469852,1.5116981364846351,0,39,5679,-0.5250162909169295,5
0,0,0,0,1.4508197855632678,0,1,0,0,2,0,2,0,2,0,0,2,-0.6584602219847502,0.3554238842350031,0,63,5750,-0.5869414691523076,4
1,0,0,1,-1.2774445836787656,0,1,0,0,0,0,0,0,0,0,1,2,-1.33148800705203,-0.994882615621088,0,29,3518,0.7543560893364804,1
0,0,0,0,0.18848851024232702,1,2,1,0,0,0,2,2,2,0,0,1,1.1811490571991479,0.5566253542689406,0,44,4040,-0.3590044922934239,6
0,0,0,1,-1.1552834925186746,1,2,2,1,1,1,1,1,1,0,1,3,-1.3065610520495383,-0.9686322319635521,0,77,2616,-0.07803935039267408,9
1,0,0,0,-1.2774445836787656,1,0,0,2,0,0,0,0,0,0,1,3,-0.467353566965646,-0.9834118597371228,0,30,3007,2.2448713395402007,2
1,0,0,0,-0.5037576729981889,0,1,0,2,2,2,2,2,0,0,1,1,-0.3244390249513595,-0.49155908292024947,0,68,4481,-0.36134644318780607,6
1,0,1,1,1.6137012404433893,1,0,0,2,2,0,2,2,0,2,0,0,0.12092257109316168,1.1363176501818713,0,79,5504,-0.5542032159398413,5
1,0,1,0,-0.8702409464784621,1,0,0,0,0,0,0,2,0,0,1,0,-0.3227772279511935,-0.7374744417557206,0,21,2762,-0.1356534975640102,2
0,0,1,1,0.025607055362205634,1,0,2,1,1,1,1,1,1,2,0,1,-1.4943441130683104,-0.7228271688577343,0,42,2635,-0.5948637106782445,8
0,1,0,0,1.2064976032430856,1,2,1,0,0,0,0,2,0,1,0,2,0.6543594081464871,1.1821124371340093,0,60,4166,-0.5079410749386115,4
0,0,0,0,-1.2774445836787656,0,1,0,0,0,2,2,0,0,0,0,3,-0.9592454790148186,-0.9899413669326106,0,55,3929,1.3964241971165443,3
1,0,1,0,-0.6666391278783103,1,0,1,2,2,0,0,0,0,0,0,0,0.531386430134194,-0.4228448433461112,0,55,2942,-0.11702205693646366,4
1,0,1,1,-0.4223169455581282,1,2,0,0,0,2,2,2,2,1,1,3,0.4615909561272169,-0.2717617528667299,0,67,3571,-0.26956308254259687,6
0,0,1,1,0.6771328748826912,1,0,0,2,0,2,2,0,0,0,0,0,-0.10009642992893289,0.3284234896158233,0,39,5511,-0.5200344495877003,4
1,0,1,1,0.14776814652229667,1,0,0,2,0,2,0,0,2,1,1,1,-0.035286346922454,-0.04025101632400733,0,31,2504,-0.46424083819493944,4
0,0,0,0,-0.055833672077855064,1,0,1,2,0,2,2,0,0,0,0,2,0.7590526191569525,0.1961127323234698,0,48,5094,-0.3477652831699242,5
1,0,1,0,-1.1145631287986442,1,2,1,2,0,0,0,0,2,0,1,2,0.8105683261621028,-0.823460992593599,0,27,2576,1.041949095946301,5
1,0,1,1,1.369379058123207,1,0,2,1,1,1,1,1,1,2,0,1,-1.4876969250676457,-0.39950626695142794,0,74,5011,-0.6274080194775193,8
1,0,0,0,1.2879383306831464,1,2,1,0,2,2,0,2,2,2,1,0,1.3174164112127704,1.9469030265514644,0,38,5617,-0.4774797982135408,7
1,0,1,1,-0.9109613101984924,1,0,2,1,1,1,1,1,1,0,1,1,-1.4860351280674797,-0.9093813659936851,0,23,2049,-0.45264856782149715,8
1,0,0,0,-0.13727439951791576,0,1,0,0,2,0,2,0,0,0,0,2,-1.0124229830201346,-0.5625012962333886,0,65,2555,-0.5305444930186239,3
1,0,0,0,1.002895784642934,1,0,2,1,1,1,1,1,1,2,0,0,-1.4660935640654862,-0.5091843405188807,0,49,4193,-0.6208122578839678,8
0,0,0,0,0.5549717837226001,1,2,1,2,2,0,0,0,0,0,0,3,0.6477122201458225,0.6917155639485625,0,49,3509,-0.45610817768657347,5
1,0,0,0,0.8400143297628127,1,0,2,1,1,1,1,1,1,2,0,0,-1.4993295040688086,-0.5743029393063145,0,68,5878,-0.6199117107979325,8
0,0,0,0,-0.62591876415828,1,0,0,2,2,0,2,2,2,1,0,1,0.5014740841312035,-0.39370471157165327,0,42,5574,-0.15301099353326292,6
0,0,1,1,0.22920887396235737,1,0,2,1,1,1,1,1,1,2,1,3,-1.481049737066981,-0.6766353172788433,0,63,2631,-0.6022479781319745,8
1,0,0,0,-0.7073594915983407,1,0,2,1,1,1,1,1,1,1,0,3,-1.4943441130683104,-0.8713955167010156,0,28,5753,-0.5197478120395842,8
0,0,0,0,-0.4223169455581282,0,1,0,0,2,0,0,2,2,0,1,2,-0.47898614596680894,-0.5209859835918066,0,73,2875,-0.41063860622408616,4
0,0,1,0,1.002895784642934,1,2,0,0,2,2,2,2,0,1,0,0,0.32698539911376057,0.9217262785679972,0,76,4546,-0.514163321878012,6
1,1,0,0,-0.8702409464784621,1,0,1,0,0,0,0,0,2,0,1,1,0.47820892612887816,-0.6406127319740061,0,20,3355,0.09461199942259028,3
0,0,1,1,-1.2774445836787656,1,0,2,1,1,1,1,1,1,2,0,3,-1.4760643460664828,-0.9968017613170591,0,38,4836,0.5049814224754735,8
1,0,1,1,-0.8295205827584317,1,0,2,1,1,1,1,1,1,2,0,0,-1.4527991880641573,-0.8901678498880433,0,25,4843,-0.4759804633464719,8
1,0,0,1,0.14776814652229667,1,0,1,0,2,0,0,2,2,0,1,2,0.9950277931805424,0.5438751679209944,0,76,4671,-0.3681785247722464,5
1,0,0,0,-1.2367242199587352,1,0,1,0,2,0,0,0,0,0,0,2,0.3386179781149237,-0.938830325811173,0,76,3969,2.202831165816506,3
1,0,1,1,1.6137012404433893,1,0,1,2,2,2,2,2,2,2,0,0,1.5683477582378549,2.5382866698076674,0,25,4004,-0.4858028585674789,8
1,0,0,0,1.2064976032430856,1,0,2,1,1,1,1,1,1,2,0,0,-1.4926823160681442,-0.4526908677903516,0,45,4278,-0.625507967689723,8
0,0,0,0,-1.0738427650786138,1,2,1,0,2,0,0,2,0,0,1,2,0.830509890164096,-0.7619600937388005,0,63,2370,0.8084077412669449,5
1,0,1,0,0.6364125111626608,1,0,2,1,1,1,1,1,1,2,1,3,-1.4860351280674797,-0.5487143300266996,0,28,2964,-0.614718436400092,8
1,0,0,0,0.10704778280226633,1,2,1,2,0,2,2,2,2,2,1,2,1.4686399382278874,0.7702020051700019,0,32,5903,-0.31464272205428595,8
1,0,0,1,0.7992939660427822,1,0,2,1,1,1,1,1,1,1,0,1,-1.4993295040688086,-0.5961856120695713,0,34,4279,-0.6191245091458736,8
0,0,0,0,-1.2774445836787656,0,1,0,0,0,0,0,0,0,0,1,3,-1.3248408190513656,-0.9947943790373651,0,61,5318,0.7658215912611244,1
0,0,1,0,1.5729808767233588,1,2,0,2,2,2,2,2,2,2,0,1,0.9451738831755587,1.864622412229944,0,69,4493,-0.5132188456658286,8
0,0,1,1,1.4100994218432374,1,0,1,2,2,2,0,0,0,1,0,0,0.6659919871476498,1.4640944995661793,0,66,6072,-0.5186518449438462,5
1,1,0,0,1.125056875803025,1,2,0,2,2,0,0,0,2,1,1,2,0.23226297010429173,0.924196902912236,0,71,4964,-0.526772781456528,5
1,0,1,1,-0.38159658183809786,0,1,0,0,0,0,2,0,0,0,1,0,-1.1437049460332582,-0.7063269277015688,0,62,4960,-0.5166425719349931,2
1,0,0,1,0.26992923768238775,0,1,0,0,0,2,2,2,2,1,0,0,-0.32942441595185784,-0.03883923098444245,0,72,3884,-0.5044127032153729,5
1,0,1,1,-0.7073594915983407,1,0,2,1,1,1,1,1,1,1,1,3,-1.504314895069307,-0.9000062289731366,0,59,5471,-0.521897593650455,8
1,0,1,1,-0.3408762181180675,1,2,2,1,1,1,1,1,1,2,0,3,-1.3481059770536914,-0.7370773771289681,0,46,5865,-0.5506473397264998,9
0,0,1,1,0.18848851024232702,1,0,2,1,1,1,1,1,1,0,0,2,-1.5093002860698053,-0.7041210131084986,0,31,2360,-0.603249855661827,8
0,1,1,0,0.7178532386027215,1,2,1,0,0,0,2,2,2,1,1,2,1.1927816362003112,1.2838492181664092,0,40,5791,-0.43535834566775594,6
0,0,0,0,0.880734693482843,1,0,1,0,0,2,0,2,2,1,1,1,0.9750862291785486,1.2270027991029888,0,70,4084,-0.4654690836099627,5
0,0,0,0,-1.1960038562387048,1,0,1,2,0,0,0,0,0,0,1,2,0.32532360211359457,-0.9026974447766822,0,58,5125,1.4752495228484719,3
1,0,0,0,-1.1145631287986442,1,0,0,0,0,2,2,0,0,0,0,2,-0.28621769394753876,-0.8771970720807902,0,78,5232,0.41134649009088065,3
1,0,0,0,0.025607055362205634,1,0,2,1,1,1,1,1,1,2,0,3,-1.4760643460664828,-0.7014739155968143,0,71,2507,-0.5930089971316109,8
0,0,0,0,0.35136996512244845,1,2,0,0,2,2,0,2,2,1,1,2,0.5247392421335293,0.4341970943535417,0,29,4176,-0.4417414507308456,6
0,0,1,1,0.06632741908223598,0,1,0,2,0,2,2,2,2,1,0,3,-0.11671439993059413,-0.1264140403293312,0,37,3607,-0.4609871146757837,6
0,0,1,1,-0.7888002190384014,1,0,2,1,1,1,1,1,1,0,1,3,-1.4727407520661506,-0.8934987809235794,0,25,5417,-0.49415517381493246,8
0,0,0,0,-0.5037576729981889,1,0,2,1,1,1,1,1,1,0,1,1,-1.5242564590713006,-0.8524025920546806,0,51,4277,-0.5584438810352577,8
0,1,0,0,0.758573602322752,1,0,2,1,1,1,1,1,1,2,0,1,-1.5009913010689746,-0.5787588867843163,0,68,4224,-0.6184172757180109,8
0,0,0,1,0.35136996512244845,1,0,0,0,0,0,0,0,0,0,0,0,-0.6501512369839195,-0.1931650159156369,0,42,4418,-0.5382427585965992,1
0,0,0,0,-0.7888002190384014,1,0,2,1,1,1,1,1,1,0,0,1,-1.505976692069473,-0.9033812783005342,0,54,2783,-0.502344818046821,8
1,0,1,1,0.10704778280226633,1,2,2,1,1,1,1,1,1,2,0,0,-1.3065610520495383,-0.6487525568224354,0,36,4873,-0.5805786694731121,9
1,0,0,0,-1.1552834925186746,1,0,1,2,2,0,2,0,2,0,1,3,1.001674981181207,-0.8467113324045594,0,22,3094,1.5145188669403777,6
0,1,1,1,-0.8295205827584317,0,1,0,0,0,0,2,0,0,0,1,3,-1.1786026830367469,-0.8487628329761147,0,75,3353,-0.40321862420930815,2
0,0,0,0,-1.0331224013585834,1,0,2,1,1,1,1,1,1,1,0,3,-1.479387940066815,-0.9488010597718505,0,54,4208,-0.3714128808895024,8
0,0,1,0,0.8400143297628127,1,0,1,2,2,2,2,2,2,1,0,2,1.5201556452330371,1.568743087861432,0,59,4135,-0.42701525712128297,8
1,1,0,0,1.247217966963116,1,2,1,2,2,2,0,2,2,0,1,0,1.4835961112293827,2.0963757993779044,0,24,5961,-0.46564497483267037,8
0,0,0,0,-1.1145631287986442,1,0,2,1,1,1,1,1,1,0,0,3,-1.4893587220678117,-0.9574261858307552,0,67,5252,-0.2804054593626407,8
0,1,1,0,0.18848851024232702,1,0,2,1,1,1,1,1,1,1,0,3,-1.5009913010689746,-0.6846869055435497,0,77,5730,-0.6024955463246794,8
0,0,0,1,-0.8295205827584317,1,2,1,0,0,0,0,0,0,0,1,2,0.3934572791204055,-0.6118034873885086,0,61,3280,0.013949253510431215,3
0,0,1,1,0.22920887396235737,1,0,2,1,1,1,1,1,1,1,0,1,-1.5009913010689746,-0.6691131485164737,0,53,4623,-0.6040119015049967,8
0,0,0,0,-0.9516816739185228,1,0,1,0,0,2,0,0,2,0,1,1,0.682609957149311,-0.6610395011058365,0,28,5850,0.3163739158150795,4
1,0,1,0,-0.7888002190384014,1,2,0,2,0,0,0,0,2,0,1,2,0.03617092408468901,-0.6077225453913288,0,44,2731,-0.12234532568719127,4
0,0,1,1,0.5956921474426305,1,0,2,1,1,1,1,1,1,2,0,1,-1.4860351280674797,-0.5572291603559507,0,35,3260,-0.613741041359322,8
1,0,1,0,1.1657772395230555,1,2,1,2,0,2,2,2,0,0,0,0,1.1512367111961581,1.6164570205095412,0,44,5404,-0.4778155126619547,7
1,0,0,0,-0.6666391278783103,1,0,2,1,1,1,1,1,1,0,0,3,-1.4876969250676457,-0.8841457030489616,0,75,3705,-0.5267451404200655,8
0,0,1,1,0.35136996512244845,1,0,0,2,2,0,2,2,2,2,0,2,0.45494376812655235,0.3735565021900405,0,27,5468,-0.44747420169316754,6
0,0,0,1,0.43281069256250915,1,2,2,1,1,1,1,1,1,2,1,2,-1.3181936310507012,-0.5336479333560298,0,59,4797,-0.5962279214687436,9
0,0,0,0,-1.0738427650786138,1,0,0,0,0,0,0,0,2,0,1,2,-0.3244390249513595,-0.8556011682146325,0,21,2629,0.23922746715068918,2
0,0,0,0,1.0436161483629645,1,2,0,2,2,2,2,0,0,1,1,1,0.21065960910213194,0.8909537699946672,0,42,5395,-0.5234643836380388,6
1,0,0,0,-0.5444780367182193,1,0,0,0,0,0,2,2,0,0,1,1,-0.10674361792959748,-0.5234786670819759,0,60,5831,-0.3087825766261346,3
1,0,1,0,-0.8702409464784621,1,0,0,0,0,0,0,0,0,0,1,0,-0.626886078981594,-0.7755264684861825,0,41,3880,-0.2230779497394207,1
0,0,0,0,0.26992923768238775,0,1,0,2,2,0,2,0,0,1,1,0,-0.8130073430001998,-0.2864752032025084,0,77,3424,-0.5461184664662654,4
0,1,0,0,-0.9924020376385531,1,0,1,0,2,0,0,2,0,0,1,2,0.7424346491552913,-0.6909517029878692,0,65,3950,0.4479723990168268,4
0,0,0,1,-0.2594354906780068,1,2,0,0,0,0,0,0,0,0,1,3,-0.5072366949696331,-0.44739667276698303,0,38,4196,-0.4514325297385804,2
0,1,0,0,0.8400143297628127,1,0,1,0,2,0,0,0,0,0,1,1,0.3003966471111027,0.7606503949820077,0,45,6469,-0.504938205386919,3
0,0,1,1,1.5322605130033284,1,0,2,1,1,1,1,1,1,2,1,3,-1.5142856770703037,-0.3875060915651258,0,53,5261,-0.6306280973777347,8
1,0,0,0,1.0843365120829946,1,2,2,1,1,1,1,1,1,2,0,3,-1.3215172250510334,-0.339373035144333,0,69,5537,-0.613860473671037,9
1,0,0,0,-1.0331224013585834,0,1,0,2,0,2,0,0,0,1,0,3,-0.9791870430168121,-0.8889545968618547,0,39,3463,-0.1557181259321372,3
1,0,1,1,1.0843365120829946,1,0,0,0,2,2,2,2,2,1,0,1,0.39844267012090406,0.998028864342297,0,24,5918,-0.5149705195709825,6
1,0,1,1,1.1657772395230555,1,2,0,0,0,2,2,2,2,2,1,0,0.5396954151350245,1.1896125467504481,0,40,4151,-0.5118421635350917,6
1,0,1,1,1.6137012404433893,1,2,1,2,0,2,0,2,2,2,1,0,1.3556377422165908,2.321732034205961,0,62,4331,-0.49585480546031746,7
0,0,1,1,-0.7888002190384014,1,0,2,1,1,1,1,1,1,0,0,3,-1.5275800530716328,-0.894932625409075,0,71,2333,-0.5076680867975485,8
0,0,1,1,1.2879383306831464,1,2,2,1,1,1,1,1,1,1,0,3,-1.3248408190513656,-0.30187248706213876,0,62,5038,-0.617711706368802,9
0,0,0,0,-0.9109613101984924,1,0,0,0,2,0,2,0,2,1,0,3,0.004596781081533054,-0.7033268838549933,0,62,4883,0.014831215196942391,4
0,0,1,1,1.3286586944031769,1,0,0,2,2,2,0,0,0,1,0,0,-0.11339080593026184,0.7034069112918347,0,36,6354,-0.5550563463757038,4
0,0,1,0,1.2064976032430856,1,2,1,2,2,2,2,2,2,2,0,3,1.6348196382444997,2.034588131626007,0,71,6193,-0.45425340719623086,9
0,0,1,0,0.9214550572028734,1,2,0,2,2,2,2,2,2,1,1,2,0.8438042661654253,1.1634945179684963,0,77,4712,-0.47705929148086496,8
0,0,1,0,-0.30015585439803716,1,2,0,0,2,0,0,0,0,0,0,2,-0.3543513709543497,-0.4000356864537648,0,64,5701,-0.42306276215580735,3
1,0,0,0,-1.2774445836787656,1,0,0,2,0,0,0,0,0,0,1,1,-0.4972659129686364,-0.9838089243638752,0,24,2978,2.1932765808793024,2
1,1,1,1,1.2879383306831464,1,2,2,1,1,1,1,1,1,2,1,0,-1.341458789053027,-0.32254190679920697,0,68,4772,-0.6185936680553131,9
1,0,1,0,0.14776814652229667,1,2,1,0,0,0,0,2,2,0,1,0,1.0049985751815391,0.5119997020511293,0,64,3057,-0.3672488894810591,5
1,0,1,0,1.1657772395230555,1,2,0,2,0,2,0,0,2,2,1,3,0.17077648109814536,0.8589680083951486,0,76,5117,-0.5323691105292125,5
1,0,0,1,-0.2594354906780068,0,1,0,0,2,0,0,2,0,1,1,0,-0.8246399220013625,-0.5541188207797216,0,74,2715,-0.4919864346942657,3
1,0,1,1,1.4508197855632678,1,0,1,2,2,2,0,2,2,2,1,1,1.2791950802089493,2.115324605732378,0,22,4751,-0.49006628622379383,7
0,0,1,0,1.6137012404433893,1,2,1,2,2,2,2,0,0,2,1,0,0.9800716201790471,2.0162128630657317,0,51,6295,-0.5136027741929856,7
0,0,1,0,1.5729808767233588,0,1,0,0,0,2,2,0,2,2,1,2,-0.5886647479777732,0.43406473947795743,0,76,6302,-0.586709528141151,4
1,0,0,0,1.002895784642934,1,0,2,1,1,1,1,1,1,2,0,1,-1.4694171580658184,-0.4530438141252429,0,48,4565,-0.621009938951634,8
1,0,0,0,-1.1552834925186746,1,0,2,1,1,1,1,1,1,0,1,3,-1.4993295040688086,-0.9759779275584759,0,72,4925,-0.2110391727185445,8
0,1,0,0,-1.2774445836787656,1,0,1,0,0,0,0,0,0,0,1,2,0.18074726309914202,-0.9748087928241488,0,47,2422,3.3627577771929906,2
1,0,1,1,1.6137012404433893,1,2,0,2,2,2,2,0,2,2,0,1,0.5396954151350245,1.5310219483199305,0,77,4237,-0.5344134454945654,7
1,0,1,1,-0.46303730927815856,1,2,0,2,0,0,0,2,2,1,1,0,0.37019212111808014,-0.32205660558873156,0,47,3503,-0.26607358195683567,5
0,0,1,1,1.5729808767233588,1,2,2,1,1,1,1,1,1,2,0,0,-1.33148800705203,-0.20699610041418742,0,45,5187,-0.6223003570322333,9
0,1,0,0,1.4915401492832983,1,2,1,2,0,2,2,2,2,2,0,1,1.5118466602322065,2.2887756701854918,0,69,4948,-0.4810517430439107,8
0,0,1,0,1.2879383306831464,1,2,0,2,0,2,2,2,2,2,1,1,0.6726391751483144,1.4138437651360387,0,56,5472,-0.5116999116501706,7
1,0,0,0,-0.6666391278783103,1,0,2,1,1,1,1,1,1,0,0,1,-1.4960059100684764,-0.8756749910115718,0,55,5433,-0.5284312436442777,8
0,0,0,0,-1.1552834925186746,1,2,2,1,1,1,1,1,1,1,0,2,-1.3580767590546883,-0.9627644991459852,0,57,5685,-0.11358240635907053,9
1,0,0,0,-1.2774445836787656,1,0,2,1,1,1,1,1,1,0,0,3,-1.4893587220678117,-0.9969782344845048,0,21,5916,0.48205041862618536,8
1,0,0,0,-0.5851984004382496,0,1,0,0,0,0,0,0,0,0,0,3,-1.3165318340505352,-0.7954238181156762,0,31,2675,-0.5098663597229502,1
0,0,0,0,-1.2367242199587352,1,2,0,0,2,0,0,0,0,0,0,3,-0.35268957395418365,-0.9609335900337368,0,27,3527,1.4078896990411887,3
0,0,1,0,-0.5444780367182193,1,0,0,0,2,0,0,0,2,0,1,3,-0.16490651293541178,-0.506868130196157,0,32,3652,-0.3188148908101981,3
0,0,0,0,0.3106496014024181,1,2,1,0,0,0,0,0,2,0,0,0,0.6344178441444933,0.5525885305636219,0,31,4294,-0.4271499016786636,4
0,1,1,1,1.369379058123207,1,2,1,0,2,2,0,2,2,1,1,2,1.3340343812144315,2.0346101907719376,0,48,4892,-0.4821212861338961,7
1,0,0,0,-0.46303730927815856,1,2,1,0,0,0,0,0,0,0,0,3,0.3502505571160864,-0.3128138234437672,0,50,2847,-0.26920053702719315,3
1,0,0,0,-0.9924020376385531,1,0,0,0,2,0,2,2,0,0,1,2,0.06275967608734737,-0.7759455922588658,0,60,3804,0.18745071639574928,4
0,0,1,1,1.6137012404433893,1,0,1,2,2,2,2,2,2,2,1,1,1.4869197052297147,2.4596678737106434,0,55,6419,-0.48965086948739367,8
0,0,0,0,0.6364125111626608,1,2,0,0,2,2,2,2,0,1,1,0,0.3020584441112687,0.5742726710135025,0,29,4740,-0.4888319050642048,6
1,0,0,0,1.4915401492832983,1,0,2,1,1,1,1,1,1,2,1,0,-1.5109620830699715,-0.36699108584957246,0,63,5028,-0.6300213716219638,8
1,0,0,0,1.6137012404433893,1,2,1,2,2,2,2,2,2,2,1,2,1.7760723832586203,2.7650767491212194,0,55,4886,-0.4759865041799412,9
0,0,0,0,-0.748079855318371,1,0,0,0,2,0,0,0,0,1,0,1,-0.4424266119631542,-0.684664846397619,0,57,4298,-0.2683666823417645,2
1,0,0,0,-1.0738427650786138,1,0,0,0,2,0,0,2,0,0,0,2,-0.17653909193657447,-0.8480128220144709,0,54,2393,0.3121153008144976,3
0,0,1,1,-0.9924020376385531,1,0,2,1,1,1,1,1,1,2,0,0,-1.504314895069307,-0.9354773356297063,0,35,5206,-0.41321418998976706,8
0,0,0,0,-0.62591876415828,1,0,2,1,1,1,1,1,1,1,0,3,-1.502653098069141,-0.8818736110180992,0,42,4947,-0.5371053080088369,8
1,0,0,0,1.3286586944031769,1,2,1,2,0,0,2,0,2,1,0,2,0.9568064621767214,1.671869595087466,0,76,5774,-0.4991185945615315,6
0,0,1,1,1.002895784642934,1,0,0,2,0,2,2,0,0,1,1,3,-0.18152448293707302,0.43880745585305847,0,38,6287,-0.5444085252309522,4
0,0,1,0,0.9621754209229036,1,2,1,2,2,2,0,2,2,1,0,0,1.4968904872307114,1.6896933849994733,0,77,5648,-0.44077162444022716,8
0,0,1,0,-0.748079855318371,1,0,1,0,0,0,0,0,2,0,1,2,0.4433111891253892,-0.5105961258584456,0,68,3157,-0.06466293148058945,3
1,0,1,0,0.7992939660427822,0,1,0,2,0,0,0,0,2,0,1,2,-0.8263017190015288,-0.114193273483722,0,54,6371,-0.5753176385847338,3
0,0,0,0,1.0436161483629645,1,0,0,2,2,2,2,0,0,2,1,1,0.004596781081533054,0.6687078747428397,0,57,5040,-0.5355128771859697,5
0,0,0,0,1.4100994218432374,0,1,0,0,0,2,2,2,2,0,1,1,-0.3776165289566755,0.5732800094466208,0,37,5990,-0.571595486184114,5
1,0,0,0,-1.2367242199587352,0,1,0,0,0,0,0,0,0,0,1,1,-1.3248408190513656,-0.9838530426557368,0,41,4033,0.29000326138839827,1
1,1,0,0,-1.0738427650786138,1,0,0,0,0,0,0,0,0,0,0,1,-0.6667692069855808,-0.8837927567140703,0,30,4270,0.07052079597378469,1
1,0,1,1,1.5729808767233588,1,2,1,2,2,2,2,2,2,2,1,0,1.6364814352446657,2.6012875905857533,0,23,5600,-0.4800962845501904,9
0,0,1,1,0.5549717837226001,1,0,2,1,1,1,1,1,1,2,0,0,-1.479387940066815,-0.612972622122836,0,58,3879,-0.6122341613413003,8
1,1,1,0,1.4100994218432374,1,2,1,2,2,0,0,0,0,0,0,0,0.6344178441444933,1.459903261839346,0,49,5261,-0.520253643006848,5
1,0,0,1,-1.1960038562387048,1,0,2,1,1,1,1,1,1,0,0,0,-1.481049737066981,-0.9834559780289841,0,46,3594,-0.08262555116253167,8
0,0,0,0,-1.1960038562387048,1,0,2,1,1,1,1,1,1,0,0,3,-1.4893587220678117,-0.9801912244312402,0,74,5949,-0.08979148986543418,8
1,0,1,1,0.7178532386027215,1,0,2,1,1,1,1,1,1,1,1,3,-1.4760643460664828,-0.5915311322781931,0,71,6391,-0.6158837975400918,8
1,1,1,0,-0.38159658183809786,1,0,1,2,2,0,0,0,2,0,1,2,0.8388188751649267,-0.11278148814415713,0,50,4999,-0.23167707618290367,5
0,0,1,1,1.4100994218432374,0,1,0,2,2,2,2,2,0,2,0,1,-0.3510277769540174,0.5930450042005302,0,58,5261,-0.5702466036047442,6
0,1,1,0,0.26992923768238775,1,0,1,2,2,0,0,2,2,1,0,3,1.141265929195161,0.7051054655284988,0,22,4599,-0.37757558817399856,6
0,0,0,0,1.4915401492832983,1,2,0,2,2,0,2,0,0,2,1,3,0.07106866108817798,1.0139114494124029,0,68,5059,-0.5520559585343846,5
0,0,0,0,-1.2774445836787656,0,1,0,0,0,0,0,0,0,1,0,3,-1.2932666760482092,-0.9943752552646818,0,55,4467,0.8202827254031835,1
1,0,0,0,-0.015113308357824713,1,0,1,0,0,0,0,2,2,0,0,2,0.8737166121684152,0.26107691708938857,0,80,2716,-0.34528977707255787,4
1,0,1,1,1.125056875803025,1,0,2,1,1,1,1,1,1,2,1,0,-1.4561227820644893,-0.44523487646577425,0,51,4425,-0.6222559778125797,8
0,0,1,1,1.6137012404433893,1,2,1,0,2,2,2,2,2,2,1,0,1.476948923228718,2.396380184035458,0,68,6130,-0.49012205449799545,8
0,1,0,0,-0.2594354906780068,1,0,1,2,0,0,0,2,0,0,1,1,0.6992279271509723,-0.03797892429314493,0,46,5700,-0.29728522608503327,4
1,0,0,0,-1.2367242199587352,1,0,2,1,1,1,1,1,1,0,1,2,-1.4993295040688086,-0.9920149266500967,0,26,4841,0.08935697770712833,8
0,0,0,1,-1.2367242199587352,1,0,2,1,1,1,1,1,1,1,0,0,-1.4710789550659844,-0.9889045870738676,0,47,4486,0.12184256649361966,8
0,0,0,0,0.14776814652229667,1,2,0,2,0,2,2,2,2,1,1,1,0.827186296163764,0.4713446961008446,0,68,4844,-0.3838273855072335,7
1,0,0,0,-1.0331224013585834,1,0,1,2,0,0,0,0,0,0,0,3,0.31867641411292996,-0.7703646283383981,0,51,2463,0.40394168676454806,3
0,1,1,0,1.125056875803025,0,1,0,0,2,0,0,2,2,2,1,1,-0.5088984919697991,0.2769815613054252,0,61,4277,-0.5686876491482593,4
0,0,1,0,-0.5444780367182193,1,2,1,0,2,0,0,0,2,0,1,2,0.8089065291619363,-0.29071055922120337,0,66,3624,-0.15084528761416346,5
1,1,1,0,0.5142514200025698,1,2,0,2,0,2,2,0,2,2,0,1,0.34526516611558833,0.5296911370875527,0,52,5837,-0.4743219919142283,6
1,1,0,0,-1.1552834925186746,1,0,1,0,0,0,0,0,0,0,1,2,0.19570343610063723,-0.8761382330761166,0,34,4510,0.9584420235951437,2
1,0,1,1,0.5956921474426305,1,0,1,2,0,2,0,0,2,0,0,2,0.8404806721650927,0.8194821371791912,0,78,3291,-0.44653580495826367,5
0,0,0,0,-1.2774445836787656,1,0,2,1,1,1,1,1,1,0,0,1,-1.5076384890696393,-0.9972208850897424,0,21,5566,0.4505202883334143,8
0,1,1,1,1.0843365120829946,1,2,1,0,0,2,0,0,2,0,1,1,0.7972739501607736,1.3539531839341816,0,21,6492,-0.4920395157216945,5
1,1,0,0,0.10704778280226633,1,2,1,2,0,0,0,0,2,0,0,1,0.8720548151682491,0.3974024389411299,0,35,5527,-0.37181098859521927,5
1,0,1,1,-0.015113308357824713,1,0,1,2,2,0,0,0,2,1,1,2,0.8654076271675846,0.328291134740239,0,80,2722,-0.34615837570321273,5
0,1,1,0,0.880734693482843,1,0,2,1,1,1,1,1,1,2,1,3,-1.5225946620711341,-0.5508761263279085,0,28,5548,-0.6221295326348711,8
0,1,0,0,1.369379058123207,1,2,1,2,0,0,0,2,2,2,1,0,1.2509445312061254,1.8494898381214824,0,69,4861,-0.486399458493838,6
1,0,1,1,1.1657772395230555,1,2,1,0,0,2,0,2,2,1,1,2,1.1678546811978192,1.747797175380944,0,31,5641,-0.47689087540996733,6
1,0,1,1,1.6137012404433893,1,2,0,2,2,2,2,2,2,2,0,1,0.7956121531606076,1.862504734220597,0,46,4641,-0.5223196968891191,8
1,0,1,1,0.47353105628253944,0,1,0,0,0,2,2,2,2,1,1,2,-0.3477041829536853,0.01648510700975942,0,39,3423,-0.5232830084663493,5
1,0,0,0,0.35136996512244845,1,2,0,0,0,2,0,0,0,0,1,0,-0.3011738669490337,-0.018610994165988107,0,26,5590,-0.5095790037849892,3
1,0,1,0,0.7178532386027215,1,2,1,2,0,2,0,2,2,1,1,2,1.302460238211275,1.302180368434823,0,42,4363,-0.42793949148122157,7
1,0,1,1,-0.9924020376385531,1,0,2,1,1,1,1,1,1,2,0,3,-1.4827115340671475,-0.9327640606802298,0,32,3899,-0.4049335497108575,8
1,0,0,0,-0.5851984004382496,1,0,2,1,1,1,1,1,1,0,0,3,-1.4860351280674797,-0.8476157573877182,0,22,4204,-0.5406421806785735,8
1,0,1,1,1.6137012404433893,1,2,0,2,2,2,2,2,2,2,1,1,0.9036289581714056,1.912601054629222,0,30,4403,-0.5172151926075995,8
0,1,0,0,0.3920903288424788,1,2,0,0,0,2,0,0,0,0,0,2,-0.3028356639492,0.06265489944271976,0,80,5831,-0.5132484722857888,3
0,1,0,0,-0.5851984004382496,1,0,1,0,2,0,0,0,0,0,1,2,0.3303089931140931,-0.43462442727310635,0,62,3896,-0.21085813847762905,3
0,0,0,1,-0.7888002190384014,1,2,1,0,2,2,0,2,2,1,1,1,1.3091074262119398,-0.43263910413934314,0,33,2810,0.19131804839414115,7
0,0,1,1,1.4508197855632678,1,2,1,0,2,0,2,0,0,1,1,0,0.6277706561438292,1.523698311870937,0,43,5958,-0.5226349583575651,5
1,0,0,0,1.4915401492832983,1,2,1,2,2,2,0,2,2,2,1,1,1.505199472231542,2.2725401387804944,0,30,5798,-0.4813793288131862,8
1,0,1,1,-0.30015585439803716,1,2,2,1,1,1,1,1,1,2,0,1,-1.304899255049372,-0.7275698852328354,0,65,5230,-0.5491832833268914,9
0,0,1,1,1.0843365120829946,1,0,2,1,1,1,1,1,1,2,0,1,-1.504314895069307,-0.46636753826738714,0,64,4579,-0.6243705171019607,8
0,1,0,0,-1.1145631287986442,1,0,1,2,2,0,0,0,0,0,0,2,0.5297246331340278,-0.8404244758143092,0,51,3468,0.8804766105075645,4
0,0,1,1,1.4915401492832983,1,2,1,2,2,2,2,2,0,1,1,1,1.3406815692150957,2.1860903458780716,0,27,4686,-0.489487076602756,8
1,0,0,0,-0.7888002190384014,0,1,0,0,0,0,0,0,0,0,1,0,-1.3165318340505352,-0.8593732821687827,0,53,4943,-0.45566384592505615,1
1,0,1,0,0.7992939660427822,1,2,1,0,2,0,2,0,2,0,1,1,1.0266019361836989,1.2391353293648752,0,45,4465,-0.4547135381509785,6
1,0,1,0,1.1657772395230555,1,2,0,2,2,2,2,0,2,2,1,0,0.53304822713436,1.1387441562342484,0,72,4302,-0.5122120184358868,7
1,0,0,0,-0.13727439951791576,0,1,0,0,0,0,0,0,0,1,1,3,-1.3265026160515319,-0.6581056346970532,0,49,4161,-0.5666608240812526,1
0,0,0,1,-0.30015585439803716,1,0,0,0,2,0,2,0,0,1,1,1,-0.3327480099521901,-0.44708784472395324,0,50,5136,-0.42019638667464637,3
1,0,0,0,-0.7073594915983407,0,1,0,0,0,2,0,2,2,1,0,2,-0.46569176996548,-0.702157749120666,0,63,5091,-0.2979620091847518,4
0,0,1,1,-0.5444780367182193,1,0,2,1,1,1,1,1,1,2,0,3,-1.4827115340671475,-0.8347332161641879,0,26,4246,-0.5461184664662654,8
1,0,0,0,0.47353105628253944,1,0,2,1,1,1,1,1,1,2,0,3,-1.4860351280674797,-0.6328699717523295,0,41,2798,-0.6105482175594732,8
1,0,1,1,1.0436161483629645,1,2,0,2,2,2,2,0,0,2,0,1,0.22727757910379318,0.8605342077562286,0,49,4747,-0.5224927309325604,6
1,0,1,1,1.2064976032430856,1,0,1,2,2,0,0,0,0,1,1,1,0.5546515881365197,1.1926567088888853,0,66,5179,-0.5134008377598706,4
0,0,1,1,1.5322605130033284,0,1,0,0,2,2,2,2,2,1,1,0,-0.2114368289400632,0.8088716879865232,0,43,4117,-0.5673256078782918,6
1,0,1,1,-0.9109613101984924,0,1,0,2,2,2,2,0,2,2,0,1,-0.36764574695567864,-0.7759235331129352,0,48,5671,-0.10190844076306929,6
1,0,0,0,-0.2594354906780068,1,0,2,1,1,1,1,1,1,1,1,0,-1.5009913010689746,-0.7976076735628157,0,26,3722,-0.5784023473485268,8
1,0,0,0,1.369379058123207,1,2,1,0,2,0,0,0,2,0,0,1,0.8188773111629334,1.6311263525534583,0,49,4889,-0.5086459547655353,5
1,0,1,1,0.758573602322752,1,2,1,0,2,0,2,0,0,1,0,0,0.6460504231456565,0.891196420599905,0,33,4952,-0.4759804633464719,5
1,0,1,1,1.6137012404433893,1,2,1,2,2,2,2,2,0,2,1,1,1.3739175092184182,2.3245335457391603,0,21,4890,-0.4949909662742142,8
1,0,0,0,1.3286586944031769,1,2,2,1,1,1,1,1,1,2,0,3,-1.2965902700485417,-0.27573239913425635,0,73,5707,-0.616900568878329,9
1,0,0,1,1.5322605130033284,1,2,0,2,2,0,2,0,0,1,0,0,0.006258578081699082,1.002264220360992,0,65,5392,-0.5567482786379512,5
1,0,1,0,1.6137012404433893,1,2,0,0,2,2,2,2,2,2,1,1,0.6875953481498096,1.7416867919581394,0,53,5641,-0.5274242011706387,7
0,0,1,1,-1.2774445836787656,1,0,2,1,1,1,1,1,1,0,0,3,-1.4860351280674797,-0.9969341161926433,0,52,5811,0.4877831695885074,8
1,0,0,0,-1.1960038562387048,1,0,2,1,1,1,1,1,1,0,0,3,-1.46443176706532,-0.9804118158905472,0,23,2011,-0.06829367375672668,8
1,0,0,0,1.0436161483629645,1,2,2,1,1,1,1,1,1,2,1,1,-1.3115464430500368,-0.35532179765223093,0,30,4477,-0.6124677714598514,9
1,1,1,0,0.025607055362205634,1,2,1,0,2,0,0,2,2,0,1,0,1.1911198392001445,0.4369986058867409,0,55,3669,-0.3223894296455283,6
1,1,1,0,0.880734693482843,1,2,1,0,0,0,0,0,0,0,0,0,0.3070438351117673,0.7232822017753978,0,30,4991,-0.5073702815527525,3
1,0,1,0,1.6137012404433893,1,2,1,0,2,0,0,2,2,2,1,2,1.1512367111961581,2.2085465564355267,0,51,6022,-0.5055140981776546,6
0,0,1,1,1.6137012404433893,1,2,1,2,2,2,2,0,2,2,0,1,1.4187860282229037,2.3729313119111217,0,57,4505,-0.492870633726506,8
0,0,1,1,1.6137012404433893,1,2,0,2,2,2,0,2,2,2,1,1,0.6261088591436628,1.6233615331858513,0,67,4116,-0.5303298420693499,7
1,1,1,0,0.880734693482843,1,2,1,0,0,2,0,2,2,0,1,1,1.1396041321949948,1.3305925483935677,0,34,4011,-0.45515013187778314,6
0,0,1,0,1.0843365120829946,1,2,0,0,2,0,2,2,2,1,1,2,0.5097830691320341,1.0647798399286028,0,26,4093,-0.5085689476630563,6
1,0,0,0,0.880734693482843,1,0,0,2,2,0,0,2,0,2,1,0,0.017891157082861757,0.5440516410884401,0,61,4556,-0.5255066209608258,4
1,0,0,0,1.125056875803025,1,2,1,0,0,2,0,2,0,2,1,2,0.8238627021634315,1.3021362501429614,0,74,5874,-0.4933160709223209,5
0,0,1,0,1.125056875803025,0,1,0,0,2,2,2,2,2,2,0,1,-0.13167057293208934,0.5840007543689422,0,80,5784,-0.5473542972065036,6
1,0,0,0,-1.1960038562387048,1,2,1,0,0,0,0,0,0,0,0,2,0.3236618051134285,-0.90984460805823,0,36,5203,1.4738163351078915,3
0,0,1,0,1.4915401492832983,1,2,1,2,0,0,0,2,2,2,0,0,1.1429277261953275,2.0275071457822516,0,45,5031,-0.49923275323870325,6
0,0,1,1,-1.2774445836787656,1,0,2,1,1,1,1,1,1,0,0,2,-1.5126238800701375,-0.9972870625275345,0,27,2053,0.4419211618899314,8
1,0,1,1,0.7178532386027215,0,1,0,2,0,0,0,2,0,0,1,1,-0.8412578920030237,-0.11399474117034576,0,27,6018,-0.572944368763484,3
0,0,0,0,0.9621754209229036,0,1,0,0,0,0,0,2,2,0,1,1,-0.6617838159850825,0.12583229338825158,0,27,4021,-0.571418001634197,3
0,0,1,0,1.125056875803025,1,0,1,2,0,0,2,2,2,2,1,2,1.0781176431888486,1.4700284098215382,0,48,4905,-0.47893720375452964,6
1,1,1,0,1.4915401492832983,1,2,1,2,0,2,2,2,2,1,1,3,1.5218174422332031,2.3516662952339247,0,25,4887,-0.48056036438999744,8
0,0,1,0,-1.1960038562387048,1,0,2,1,1,1,1,1,1,0,1,3,-1.491020519067978,-0.9855957151842623,0,48,3716,-0.0912246776060147,8
1,0,1,1,1.125056875803025,1,0,0,0,2,0,2,2,2,2,0,0,0.40508985812156867,0.9989332893254559,0,52,5053,-0.5169989109633888,5
0,0,0,0,-0.7888002190384014,0,1,0,0,0,2,2,0,0,2,0,3,-0.9758634490164798,-0.807071047167087,0,69,3239,-0.37171999254819826,3
1,0,1,1,1.2064976032430856,1,0,2,1,1,1,1,1,1,2,0,0,-1.4727407520661506,-0.4334111742469177,0,21,5746,-0.6244160151254712,8
0,0,0,0,0.5142514200025698,1,2,1,2,2,0,0,0,2,1,0,0,1.0631614701873533,0.9542855779617141,0,73,3682,-0.4204839828767696,6
0,0,0,0,-0.30015585439803716,0,1,0,0,0,2,2,2,2,1,0,2,-0.3510277769540174,-0.3779103630852702,0,24,4458,-0.42262178131255185,5
1,0,0,0,0.47353105628253944,1,0,1,0,0,2,2,2,2,2,0,0,1.1745018691984834,0.9258733980029695,0,68,4025,-0.4065896777666394,6
0,0,0,0,-1.2367242199587352,1,0,0,0,0,0,0,0,0,0,1,3,-0.6484894399837535,-0.9730440611496927,0,27,5441,1.0677464752767498,1
0,0,0,0,-0.4223169455581282,1,0,2,1,1,1,1,1,1,1,0,0,-1.4594463760648215,-0.8069607514374335,0,67,3171,-0.5576961309097375,8
0,0,0,0,0.10704778280226633,0,1,0,0,0,2,2,0,0,0,1,3,-1.0406735320229585,-0.4870148988585248,0,66,2553,-0.5550997763072365,3
0,0,1,1,-0.13727439951791576,1,0,2,1,1,1,1,1,1,2,0,3,-1.481049737066981,-0.7592468187893241,0,69,2784,-0.5844323520644508,8
1,1,1,0,-0.21871512695797646,1,2,1,2,0,2,0,0,0,1,1,2,0.7025515211513048,-0.026309636095803397,0,63,5755,-0.3098881785974395,5
1,0,0,1,0.880734693482843,1,0,0,0,2,2,2,0,0,1,1,2,-0.12502338493142473,0.44264574724500083,0,56,5594,-0.5344705588291838,4
1,0,0,0,1.002895784642934,1,2,1,0,0,0,0,2,0,1,1,2,0.7357874611546272,1.17333289705359,0,71,6109,-0.48984855055506,4
1,0,0,0,1.2064976032430856,1,2,0,2,2,2,2,0,0,2,0,0,0.15415851109648415,0.8637327839161805,0,67,6469,-0.5353308850919277,6
0,0,1,1,-0.7073594915983407,1,0,2,1,1,1,1,1,1,1,0,1,-1.4760643460664828,-0.857564432202465,0,68,3205,-0.5158065457529879,8
0,0,1,0,1.5322605130033284,1,2,1,0,0,2,2,2,2,2,1,0,1.3140928172124378,2.165663576746241,0,70,5583,-0.49320356022460726,7
0,0,1,1,-0.46303730927815856,1,0,0,0,0,0,0,0,0,0,1,2,-0.6584602219847502,-0.5971341553445915,0,54,3752,-0.42737234766944104,1
0,0,0,1,-0.38159658183809786,1,0,0,0,0,0,2,0,0,1,1,2,-0.5088984919697991,-0.5119417337602186,0,70,5237,-0.42539628578470123,2
1,0,0,0,-1.0738427650786138,1,0,2,1,1,1,1,1,1,1,0,3,-1.4677553610656522,-0.9543379054004568,0,20,4439,-0.3242200560032445,8
1,0,1,1,-1.1552834925186746,1,0,2,1,1,1,1,1,1,2,0,1,-1.502653098069141,-0.9754264489102084,0,57,5573,-0.21333227310347325,8
0,0,0,0,-0.38159658183809786,1,2,1,0,0,0,0,2,2,0,1,2,0.9551446651765553,0.027272029369873056,0,73,4861,-0.21495655254279783,5
1,0,0,0,-0.2594354906780068,0,1,0,2,0,0,2,2,2,1,0,1,-0.3393951979528547,-0.40451369307769747,0,54,4296,-0.4299877946573018,5
0,0,0,1,-0.9924020376385531,1,0,2,1,1,1,1,1,1,0,0,3,-1.4860351280674797,-0.9336023082255965,0,32,2675,-0.4062074943691512,8
1,0,0,0,-1.2367242199587352,1,2,1,0,2,0,0,0,0,0,1,2,0.4881797081298748,-0.9417421330740257,0,65,2657,2.374813694686166,4
0,0,0,0,1.0843365120829946,1,2,0,2,2,2,2,0,2,1,0,1,0.5014740841312035,1.1057657330678483,0,64,6041,-0.5090466769099165,7
1,0,1,1,0.26992923768238775,1,2,1,0,0,2,0,2,2,1,0,2,1.1711782751981514,0.6863993097792632,0,64,5434,-0.37499585024095367,6
1,0,0,1,-0.46303730927815856,1,0,2,1,1,1,1,1,1,2,0,3,-1.5009913010689746,-0.8306302150210773,0,46,2447,-0.5594861993920436,8
0,0,1,1,0.6364125111626608,1,0,2,1,1,1,1,1,1,2,0,0,-1.481049737066981,-0.5525746805645725,0,33,3828,-0.6143674516472968,8
0,1,1,0,-0.055833672077855064,0,1,0,2,2,2,0,0,2,1,1,1,-0.4773243489666429,-0.3086667040087952,0,39,2166,-0.4810517430439107,5
0,0,1,1,1.2879383306831464,1,2,1,2,2,2,2,2,2,1,0,2,1.614878074242506,2.180774091708772,0,20,4952,-0.46169268402499253,9
1,0,1,1,0.5549717837226001,1,2,1,0,2,0,0,0,0,0,1,0,0.5064594751317021,0.657347414588528,0,51,3315,-0.4664759187886452,4
0,0,0,0,0.7992939660427822,1,2,0,0,0,2,2,2,2,2,1,0,0.5380336181348585,0.8621665845551005,0,28,4924,-0.48651408122499107,6
0,0,1,1,1.4100994218432374,1,2,2,1,1,1,1,1,1,2,1,3,-1.3248408190513656,-0.2644822347095981,0,59,5847,-0.6196494280741661,9
0,1,0,0,1.4100994218432374,1,2,0,0,2,0,0,0,0,0,0,2,-0.32776261895169184,0.637847129585787,0,33,4826,-0.5690663313477955,3
0,0,1,0,1.5729808767233588,1,2,1,0,2,2,2,2,2,2,0,2,1.478610720228884,2.3947257480906554,0,42,5044,-0.48766033095880973,8
1,0,0,0,1.5729808767233588,1,2,1,2,2,2,2,2,2,1,1,0,1.7129240972523074,2.660251687658521,0,59,4644,-0.47643369365759575,9
0,0,0,0,-0.015113308357824713,1,0,2,1,1,1,1,1,1,0,0,0,-1.491020519067978,-0.7403862490185734,0,29,4374,-0.5924929473569277,8
0,0,0,0,-1.2367242199587352,1,0,1,0,0,0,0,0,0,0,0,2,0.1857326540996401,-0.9443451122938487,0,73,3430,2.0270268029719642,2
0,0,1,0,1.5729808767233588,1,2,2,1,1,1,1,1,1,2,0,1,-1.3015756610490399,-0.17271618763787575,0,68,5063,-0.6208671692916529,9
0,0,0,0,1.125056875803025,0,1,0,2,0,2,0,0,2,1,1,2,-0.6750781919864114,0.2180174642326574,0,48,4928,-0.5780856015455085,4
0,1,0,0,0.9214550572028734,1,2,1,0,0,2,0,2,2,1,1,2,1.1761636661986499,1.3809094602615002,0,64,5182,-0.4565851809011436,6
0,0,0,0,-1.0738427650786138,1,2,1,0,0,0,0,0,0,0,1,3,0.3020584441112687,-0.8287331284710369,0,76,4220,0.5479770546928883,3
0,0,1,1,0.6364125111626608,1,0,0,2,2,2,0,0,2,2,1,1,0.1774236690988095,0.42294692992888344,0,27,5476,-0.4976065238840855,5
1,0,1,1,1.247217966963116,1,2,2,1,1,1,1,1,1,2,0,3,-1.3132082400502028,-0.3117770435850242,0,39,6245,-0.6163984102949817,9
1,0,0,1,-0.8295205827584317,1,0,2,1,1,1,1,1,1,0,0,1,-1.4527991880641573,-0.9017489015016621,0,70,4001,-0.4759804633464719,8
1,1,1,0,0.880734693482843,0,1,0,0,0,0,0,0,0,0,1,0,-1.3231790220511994,-0.40367544553233076,0,56,4691,-0.6096217123534414,1
0,0,1,1,-0.0965540357978854,1,0,0,0,0,2,2,2,0,1,1,2,-0.00869759491979612,-0.1299655628241743,0,60,2215,-0.4230769873442995,4
0,0,0,0,0.3106496014024181,1,2,1,0,0,2,2,2,2,1,1,1,1.3689321182179202,0.906836355064773,0,31,3784,-0.3653480498409484,7
0,0,1,1,-0.9516816739185228,1,0,1,0,0,0,2,0,0,0,1,2,0.36853032411791364,-0.7201138939082579,0,51,4843,0.20802492262719366,3
0,0,0,0,1.2064976032430856,0,1,0,0,2,2,0,0,2,2,1,1,-0.7033287409892356,0.2068996546835832,0,53,4507,-0.5822848453547556,4
1,0,0,0,-0.1779947632379461,1,0,1,0,2,0,2,2,0,1,1,0,0.8803638001690798,0.08996412210492948,0,41,2886,-0.30086544986610025,5
0,0,0,0,1.5322605130033284,1,2,0,2,2,2,2,2,2,2,0,1,0.830509890164096,1.8033200456885219,0,78,5150,-0.5166997648729974,8
0,0,0,0,0.5549717837226001,1,0,1,0,2,2,2,2,2,2,1,0,1.3174164112127704,1.1578694357561672,0,24,4190,-0.4069528875202805,7
0,0,1,0,-0.38159658183809786,1,2,1,0,0,2,0,0,2,0,0,3,0.8438042661654253,-0.10358282429105413,0,50,5110,-0.2309604823126134,5
1,0,1,1,0.5956921474426305,0,1,0,2,0,2,2,0,0,1,0,2,-0.8130073430001998,-0.2139447313823587,0,29,5040,-0.5653709551147301,4
1,0,1,1,1.4508197855632678,1,0,1,2,2,2,0,2,2,2,1,0,1.3456669602155942,2.1588914189455153,0,36,5795,-0.4867429523325926,7
0,0,0,1,1.4100994218432374,1,2,1,0,2,0,2,2,2,2,1,2,1.304122035211441,2.0997287895593715,0,39,4741,-0.486278663038969,7
0,0,0,0,-0.748079855318371,1,0,0,0,0,0,2,2,2,0,1,2,0.16246749609731476,-0.5992738924998696,0,69,5351,-0.1292519256560839,4
1,0,1,1,1.002895784642934,1,2,1,0,0,0,0,0,0,0,1,2,0.3170146171127639,0.7670475473019114,0,65,4133,-0.5147563650810107,3
0,0,1,1,0.9214550572028734,1,2,1,2,0,0,0,2,2,1,0,3,1.2010906212011416,1.3980494166496562,0,55,6153,-0.45504962260766446,6
1,0,0,0,-1.2774445836787656,1,0,2,1,1,1,1,1,1,0,1,3,-1.479387940066815,-0.9968458796089206,0,21,4769,0.4992486715131514,8
1,0,0,0,-0.38159658183809786,1,2,1,0,0,2,2,2,0,0,1,1,1.068146861187852,-0.08571491608718522,0,22,3875,-0.1987137581495521,6
1,0,1,0,0.5956921474426305,1,2,1,0,2,2,0,2,2,0,1,2,1.3074456292117733,1.259760630810082,0,71,3142,-0.41297532536633696,7
1,0,0,0,0.22920887396235737,1,0,2,1,1,1,1,1,1,1,0,3,-1.4843733310673135,-0.6836721848307374,0,26,2907,-0.6025419653608115,8
0,1,0,0,-1.2367242199587352,1,2,0,0,2,0,0,0,0,0,1,1,-0.2729233179462098,-0.9536099535847437,0,33,2069,1.4996137144383401,3
1,0,1,0,-0.7073594915983407,1,0,1,0,0,0,0,0,0,0,1,0,0.12756975909382579,-0.5166844501353196,0,47,3351,-0.1700500033379422,2
0,0,0,0,-0.2594354906780068,1,0,1,0,0,0,0,0,0,0,1,1,0.142525932095321,-0.2047460675292557,0,23,5379,-0.36841380283976916,2
0,0,1,1,0.10704778280226633,1,0,2,1,1,1,1,1,1,2,0,1,-1.4976677070686424,-0.683539829955153,0,43,5636,-0.5988916239360851,8
1,0,0,1,-1.1960038562387048,1,0,2,1,1,1,1,1,1,0,1,3,-1.4860351280674797,-0.972492582501425,0,70,2948,-0.08692511438427314,8
1,0,1,0,0.3920903288424788,1,2,1,2,0,2,0,0,2,0,1,2,0.9850570111795457,0.7653931113571087,0,47,2662,-0.40992563517417147,6
1,0,1,0,-0.9109613101984924,1,0,0,2,0,0,2,0,0,0,1,1,-0.32610082195152557,-0.754812930457253,0,26,3519,-0.0888794613032465,3
0,0,1,0,1.1657772395230555,1,0,1,2,2,0,2,0,2,1,0,0,0.9617918531772199,1.5798608974105057,0,48,4300,-0.48835637733461124,6
0,0,0,0,1.4508197855632678,1,2,1,2,2,0,2,2,2,2,0,1,1.5118466602322065,2.2057450449023275,0,36,5502,-0.47843461760458983,8
1,0,0,0,-0.9109613101984924,1,0,1,2,0,2,0,2,2,1,1,2,1.1346187411944968,-0.5359420845328228,0,50,4614,0.3692194565041207,6
0,0,1,1,1.6137012404433893,1,0,0,2,0,2,2,2,2,2,1,0,0.5214156481331973,1.5913978307322634,0,54,4480,-0.5352772846806688,6
1,0,1,1,0.9214550572028734,1,0,1,0,2,0,2,0,0,0,0,2,0.48651791112970877,0.8641519076888637,0,32,4162,-0.49906896035406556,4
0,0,0,0,-1.0331224013585834,1,0,0,0,0,2,2,0,2,0,0,0,-0.0651986929254444,-0.8212330188545981,0,46,4080,0.23840850272750033,4
0,0,0,0,-1.2367242199587352,1,2,1,0,0,0,0,0,0,0,1,3,0.33695618111475767,-0.9457568976334135,0,62,2044,2.2009202488290653,3
0,0,0,0,-0.9516816739185228,1,0,1,2,0,0,0,0,0,0,1,2,0.33529438411459117,-0.693334090748385,0,66,5770,0.1965594207025497,3
1,0,0,1,-0.21871512695797646,1,2,2,1,1,1,1,1,1,2,1,1,-1.2932666760482092,-0.6578850432377462,0,21,2682,-0.555782246659894,9
0,0,1,0,1.2879383306831464,1,0,0,0,2,2,2,0,2,2,1,3,0.11759897709282914,0.9260719303163457,0,31,5425,-0.5411574319796406,5
1,0,0,0,1.5322605130033284,0,1,0,2,0,2,2,0,2,2,0,0,-0.5437962289732878,0.5131247184935952,0,66,4483,-0.5834742021383538,5
1,1,0,0,1.4100994218432374,1,0,1,2,2,0,2,2,2,2,1,2,1.3390197722149297,2.1582517037135247,0,49,4143,-0.484508254653546,7
0,0,0,0,-0.3408762181180675,1,2,2,1,1,1,1,1,1,2,0,1,-1.3165318340505352,-0.7618056797172855,0,56,3904,-0.546290448995135,9
1,0,1,1,-1.1552834925186746,1,0,2,1,1,1,1,1,1,2,0,1,-1.504314895069307,-0.9630512680430844,0,31,5390,-0.21447882329593768,8
1,0,1,1,0.47353105628253944,1,0,1,0,0,2,0,2,2,0,1,0,0.9368648981747281,0.8131732214430102,0,78,5635,-0.4248070863802404,5
0,0,1,1,1.6137012404433893,1,0,2,1,1,1,1,1,1,2,1,3,-1.46443176706532,-0.3518143934492492,0,40,4528,-0.6291216326255289,8
1,0,0,0,1.369379058123207,1,0,2,1,1,1,1,1,1,2,0,0,-1.5093002860698053,-0.45836006829454223,0,23,5637,-0.6285203442911043,8
1,1,1,0,1.3286586944031769,1,2,1,0,2,2,0,2,2,0,1,2,1.3157546142126038,1.8965640555376015,0,69,4073,-0.48035686413938683,7
1,0,0,1,-1.2774445836787656,1,0,2,1,1,1,1,1,1,0,0,3,-1.502653098069141,-0.9971547076519502,0,21,5272,0.45911941477689744,8
1,0,1,1,0.22920887396235737,1,0,0,2,2,2,2,2,0,1,0,2,0.3087056321119333,0.23054705912129644,0,59,5975,-0.4439358554032362,6
1,0,0,1,-0.38159658183809786,0,1,0,2,0,2,2,0,0,2,0,3,-0.8196545310008642,-0.627355185269654,0,24,2327,-0.47006397036612685,4
0,0,1,0,-0.9109613101984924,1,0,2,1,1,1,1,1,1,1,0,3,-1.4843733310673135,-0.9244257035184242,0,77,3509,-0.45212740864310424,8
1,0,1,1,1.6137012404433893,1,2,0,2,0,2,2,2,2,2,1,1,0.6244470621434968,1.682480044280134,0,28,5940,-0.5304083729044501,7
0,0,1,0,0.10704778280226633,1,0,0,0,2,0,2,0,0,0,0,2,-0.2629525359452129,-0.18469430387824723,0,46,3102,-0.48057401379705056,3
0,0,1,1,1.0436161483629645,1,0,2,1,1,1,1,1,1,2,0,1,-1.502653098069141,-0.5294566956291963,0,78,4125,-0.623641777572852,8
1,0,1,1,1.5322605130033284,1,0,1,0,2,2,2,2,2,1,1,2,1.3755793062185846,2.2921066012210276,0,50,4649,-0.49021607028649583,7
1,0,1,1,0.22920887396235737,1,2,0,0,2,2,0,2,2,1,0,1,0.47156173812821356,0.25712832996779295,0,60,2125,-0.42953048119022197,6
0,0,1,1,1.125056875803025,0,1,0,0,2,0,0,2,2,0,1,2,-0.4989277099688025,0.3484090758290396,0,77,6307,-0.5681237720044243,4
1,0,0,0,-0.2594354906780068,1,2,1,2,2,0,0,2,0,0,1,1,0.9185851311729007,0.030911788448438966,0,75,5461,-0.26925844360257006,6
0,0,0,0,-0.9924020376385531,1,0,0,2,2,0,2,0,0,1,0,0,-0.21808401694072754,-0.7987547491512123,0,52,3325,0.07980239276992504,4
0,1,1,0,0.14776814652229667,1,2,1,0,2,0,0,2,0,0,1,1,0.9036289581714056,0.4505870397800537,0,48,3273,-0.3767001816081305,5
1,1,0,0,0.880734693482843,1,0,0,0,0,2,2,0,2,1,0,0,0.016229360082695727,0.5515738098508095,0,66,6161,-0.5256108527965044,4
0,0,0,0,0.9214550572028734,1,2,1,0,0,0,0,0,0,0,1,2,0.2771314891087769,0.8228792456525192,0,46,5832,-0.51196765001929,3
0,0,0,0,1.6137012404433893,1,2,0,2,2,0,0,0,0,2,0,0,-0.16656830993557784,0.8758653141780668,0,59,4515,-0.5677890504121936,4
0,0,1,1,0.880734693482843,1,2,0,0,2,2,0,0,0,2,1,0,-0.16490651293541178,0.4264984524237264,0,24,5898,-0.5369721228854699,4
1,0,1,1,1.6137012404433893,1,2,1,2,2,2,2,2,2,2,1,0,1.722894879253304,2.672560691087854,0,59,5227,-0.47849949090315086,9
1,0,0,0,0.7992939660427822,1,2,1,2,0,2,2,2,2,2,1,2,1.48027251722905,1.5228159460337092,0,33,5624,-0.42518446243939534,8
0,1,0,0,1.125056875803025,1,2,1,2,0,0,0,2,2,1,1,0,1.217708591202803,1.7192305814006843,0,66,4483,-0.4710429237408402,6
0,0,0,0,0.26992923768238775,0,1,0,0,0,2,0,2,2,0,1,1,-0.4690153639658123,-0.16514990058364476,0,31,5433,-0.5164514802362491,4
0,0,0,0,-0.7073594915983407,1,0,0,0,0,0,0,2,0,1,0,3,-0.28621769394753876,-0.5946414718544221,0,25,5473,-0.25926594018907834,2
1,0,1,1,0.43281069256250915,1,0,2,1,1,1,1,1,1,1,1,3,-1.5142856770703037,-0.663311593136699,0,74,5594,-0.6116021172313344,8
0,1,0,0,1.247217966963116,1,2,0,2,2,2,2,2,0,1,0,0,0.6061672951416694,1.3073642677285382,0,29,5428,-0.5129401702718268,7
1,1,1,0,-1.2367242199587352,1,0,1,0,0,0,0,0,0,0,0,2,0.1774236690988095,-0.9432862732891748,0,74,5592,2.0174722180347606,2
0,0,1,1,1.6137012404433893,1,0,1,2,2,2,2,2,2,2,1,0,1.4470365772257276,2.3823505672235314,0,33,4183,-0.4915356095298009,8
1,0,1,1,0.3106496014024181,1,2,2,1,1,1,1,1,1,2,0,1,-1.3132082400502028,-0.5615527529583684,0,53,3217,-0.5910226852845509,9
0,0,1,0,1.0436161483629645,0,1,0,2,2,0,0,2,0,1,1,2,-0.6451658459834212,0.1148688978606925,0,41,5137,-0.5735044979701714,4
1,0,0,0,1.4100994218432374,0,1,0,2,0,0,2,2,0,2,0,2,-0.6933579589882389,0.36065190182057955,0,62,6344,-0.5876134668141314,4
1,0,1,0,-0.055833672077855064,1,2,0,0,0,2,2,2,2,1,1,3,0.4831943171293762,0.09011853612644435,0,34,5238,-0.3775039287869696,6
1,1,1,0,1.4915401492832983,1,2,1,2,2,0,0,0,0,0,1,1,0.6693155811479823,1.5467501193685214,0,59,4503,-0.5225732392995858,5
1,0,1,0,-0.015113308357824713,1,2,1,0,0,0,2,0,0,1,1,2,0.4815325201292102,0.1497444075771332,0,43,2735,-0.38628763243946673,4
0,0,0,0,-0.46303730927815856,1,0,0,2,2,0,2,2,0,2,0,1,0.2089978121019659,-0.33304206026222144,0,56,5138,-0.2913498021088918,5
1,0,0,0,0.7992939660427822,1,0,0,2,0,2,0,0,0,1,0,2,-0.3659839499555126,0.22540727811944272,0,23,5957,-0.5453559024231641,3
0,0,1,1,1.6137012404433893,1,2,2,1,1,1,1,1,1,2,0,1,-1.3464441800535252,-0.2184889154440834,0,26,5897,-0.6235459433334075,9
1,0,1,1,0.7992939660427822,0,1,0,2,0,2,0,0,2,1,0,0,-0.681725379987076,-0.0016033926534166146,0,30,6340,-0.565907273797526,4
0,0,0,0,0.35136996512244845,1,0,0,0,0,0,2,0,0,1,0,0,-0.4889569279678058,-0.11059763269701757,0,64,2157,-0.5250028337550461,2
1,0,0,0,0.35136996512244845,1,0,2,1,1,1,1,1,1,2,0,3,-1.4827115340671475,-0.6517967189608723,0,47,4982,-0.6066262879328689,8
1,0,1,1,1.4100994218432374,1,2,0,2,2,2,2,0,0,1,1,1,0.15249671409631763,1.0471545823299715,0,40,5589,-0.544702139757927,6
0,0,1,1,-0.6666391278783103,1,0,2,1,1,1,1,1,1,0,0,3,-1.5093002860698053,-0.8840574664652386,0,31,4146,-0.5311290088030175,8
1,0,0,0,-0.62591876415828,1,0,2,1,1,1,1,1,1,2,0,3,-1.51594747407047,-0.8542555603128597,0,60,2717,-0.5396531973254245,8
1,0,1,0,0.10704778280226633,1,0,0,2,2,2,0,0,0,0,0,3,-0.12502338493142473,-0.06586168474955299,0,79,4355,-0.4673568379672526,4
0,0,1,1,1.0436161483629645,1,0,2,1,1,1,1,1,1,2,0,1,-1.4710789550659844,-0.4801545044740762,0,72,6186,-0.6217956374324431,8
1,0,1,1,0.7992939660427822,0,1,0,0,2,2,2,2,0,2,0,3,-0.48397153696730727,0.12100134042942783,0,47,5396,-0.5530356254104256,5
0,0,0,0,1.5322605130033284,1,0,0,2,0,2,2,2,2,2,0,0,0.4931650991303729,1.4601900307364448,0,38,5474,-0.5330905880469605,6
0,0,1,1,-0.5444780367182193,1,2,2,1,1,1,1,1,1,2,1,0,-1.3248408190513656,-0.799438582675064,0,79,5396,-0.5188878993952358,9
0,0,1,1,0.10704778280226633,1,0,1,2,0,2,2,2,2,0,1,2,1.4005062612210766,0.6515017409168917,0,80,5447,-0.32117168842804156,7
0,0,0,0,-0.015113308357824713,1,2,1,0,0,2,0,2,2,0,1,2,1.2160467942026365,0.4655210815751393,0,72,4341,-0.30950351348957816,6
0,0,1,1,-0.62591876415828,1,0,0,2,0,0,2,0,0,0,1,1,-0.31280644595019663,-0.5996709571266223,0,57,5465,-0.30906921417425065,3
0,0,1,1,1.4100994218432374,1,0,0,0,2,0,0,0,0,1,0,1,-0.47233895796614456,0.5082496472429099,0,51,5122,-0.5764008803731193,2
0,0,0,0,-0.9516816739185228,1,0,2,1,1,1,1,1,1,0,0,0,-1.504314895069307,-0.9394479818972327,0,54,4883,-0.43805611082649565,8
1,0,0,0,-1.1552834925186746,1,2,1,2,0,0,0,2,0,0,0,2,0.8604222361670865,-0.8434465788068154,0,70,3559,1.4170621005809039,5
1,1,1,1,1.0436161483629645,1,2,1,2,2,0,2,0,0,1,1,0,0.8338334841644282,1.2556135113751101,0,58,5035,-0.48702740718260235,6
1,0,0,0,1.125056875803025,1,0,0,2,0,2,2,2,2,1,0,3,0.4732235351283796,1.112383476847059,0,43,4807,-0.5131457504805167,6
1,0,0,0,-1.2774445836787656,1,0,2,1,1,1,1,1,1,0,0,3,-1.502653098069141,-0.9971547076519502,0,79,3718,0.45911941477689744,8
0,0,1,1,-0.21871512695797646,1,0,2,1,1,1,1,1,1,2,0,3,-1.491020519067978,-0.7630851101812663,0,49,4870,-0.5801464382497624,8
1,1,1,1,1.369379058123207,1,2,1,2,2,2,2,2,2,1,1,2,1.7112623002521414,2.462910568162457,0,31,4578,-0.46269838361976046,9
1,0,0,0,-0.7073594915983407,1,2,1,2,0,0,0,2,0,0,1,0,0.7640380101574512,-0.4577424122084825,0,61,5415,-0.03282227717735928,5
0,0,0,0,0.35136996512244845,1,2,1,2,0,0,0,0,0,0,1,1,0.5496661971360212,0.4018804455650626,0,62,2299,-0.4396940396728734,4
1,0,1,0,1.0843365120829946,0,1,0,0,0,0,0,2,2,0,1,2,-0.6800635829869099,0.17074471450316192,0,28,5905,-0.5769797758134322,3
0,0,0,1,0.7178532386027215,1,0,1,0,0,0,0,0,0,2,0,1,0.1857326540996401,0.5531841275037508,0,50,5521,-0.503476915925935,2
1,0,1,1,-0.62591876415828,0,1,0,2,0,2,0,2,0,1,0,1,-0.6750781919864114,-0.6562967847307355,0,73,3522,-0.3784991980512616,4
1,0,1,1,-1.0738427650786138,1,0,0,2,0,0,0,0,0,0,1,2,-0.518869273970796,-0.8753441038226112,0,43,4076,0.14340862963759293,2
1,1,1,0,0.758573602322752,0,1,0,0,2,0,0,0,0,0,1,1,-1.1736172920362484,-0.3619395414314417,0,80,6285,-0.5966989691876756,2
1,0,1,0,0.6771328748826912,1,0,1,0,2,0,0,2,0,0,1,1,0.682609957149311,0.8904022913463997,0,71,4696,-0.4660319355226271,4
1,0,1,0,1.0843365120829946,1,2,0,2,0,0,2,0,2,1,1,3,0.14418772909548702,0.8017024655590449,0,29,4765,-0.5295890345249037,5
1,1,0,0,0.7178532386027215,1,2,0,2,2,0,0,2,0,0,1,0,0.1857326540996401,0.5183306769332409,0,30,5596,-0.503476915925935,5
0,0,1,1,1.0843365120829946,1,0,2,1,1,1,1,1,1,2,0,3,-1.4677553610656522,-0.43841860037318714,0,55,6325,-0.622268508415776,8
1,0,0,0,-0.5851984004382496,1,2,1,0,0,0,0,0,0,0,0,3,0.31202922611226586,-0.39385912559316816,0,49,2643,-0.21417709956107858,3
1,0,0,0,-0.9109613101984924,1,2,1,0,0,0,0,0,0,0,0,2,0.3419415721152558,-0.6588777048046278,0,23,3399,0.12062652841070286,3
1,0,1,0,-0.748079855318371,1,0,0,0,0,0,0,0,0,1,0,2,-0.6700928009859131,-0.7228712871495957,0,51,4612,-0.3207258077976387,1
1,0,0,0,0.10704778280226633,1,0,2,1,1,1,1,1,1,2,0,0,-1.439504812062828,-0.6945473437745736,0,71,3967,-0.5933181160560499,8
1,0,1,1,-0.9924020376385531,1,0,0,0,0,0,0,0,0,1,1,3,-0.7083141319897339,-0.8533511353297009,0,50,4184,-0.10810444432840714,1
1,0,1,1,-0.5851984004382496,1,0,2,1,1,1,1,1,1,1,0,0,-1.4860351280674797,-0.8531746621622552,0,63,4458,-0.5406421806785735,8
0,0,1,1,1.125056875803025,1,2,1,2,2,0,0,2,0,1,0,0,0.9767480261787151,1.558287052690279,0,60,6399,-0.48466995471685165,6
0,0,0,0,-1.0738427650786138,1,0,2,1,1,1,1,1,1,2,0,3,-1.502653098069141,-0.9508746194893366,0,61,5980,-0.3414183088902105,8
0,0,0,1,-0.5444780367182193,1,2,0,2,2,0,2,2,0,0,1,3,0.37019212111808014,-0.39888861086536836,0,69,4198,-0.22651760031681384,6
1,0,1,1,0.8400143297628127,1,2,0,2,2,0,2,0,0,1,0,0,-0.020330173920958795,0.5346323857760302,0,45,5570,-0.5254274819744772,5
1,1,1,0,1.6137012404433893,1,2,1,2,2,2,0,2,2,2,1,0,1.4885815022298807,2.488697709755448,0,59,4086,-0.48957233865229344,8
0,0,1,0,1.125056875803025,1,2,1,0,2,2,2,2,2,2,1,1,1.5301264272340338,1.9239835739294646,0,79,5942,-0.4533747732340119,8
0,0,0,1,-0.7888002190384014,1,0,0,0,0,2,2,0,0,0,0,3,-0.37595473195650925,-0.688966379854106,0,40,4335,-0.2238969141626095,3
0,0,1,1,-1.1145631287986442,1,0,1,0,0,0,0,0,0,0,0,1,0.1724382780983114,-0.8644248265869134,0,73,3850,0.6750530343576927,2
1,0,1,1,-0.7888002190384014,1,0,1,0,0,2,0,2,2,0,0,2,1.071470455188184,-0.41704328796633644,0,35,5282,0.13276209213613782,5
1,0,0,0,0.18848851024232702,1,2,0,2,2,2,2,2,2,1,1,0,0.85876043916692,0.47599917589222296,0,26,2546,-0.388271694574752,8
1,0,1,0,1.2879383306831464,1,0,1,2,0,0,0,0,0,0,1,3,0.2920876621102721,1.0960155905664777,0,50,5018,-0.5318968342712743,3
0,0,1,0,1.1657772395230555,1,2,1,0,2,0,2,0,2,2,1,0,0.9833952141793793,1.5102863511450701,0,48,4676,-0.4871543489070277,6
1,0,0,0,-0.2594354906780068,1,0,2,1,1,1,1,1,1,1,0,3,-1.5076384890696393,-0.7739161508332413,0,71,4602,-0.5792516437873895,8
1,0,1,0,-0.3408762181180675,1,0,2,1,1,1,1,1,1,2,0,3,-1.4960059100684764,-0.7926223065824769,0,34,3455,-0.5710559331523661,8
1,0,1,0,-0.62591876415828,0,1,0,0,0,2,2,2,2,1,0,2,-0.33773340095268845,-0.5933620413904415,0,22,4590,-0.31384650664285235,5
0,0,0,1,-0.2594354906780068,0,1,0,0,0,2,0,0,0,0,1,3,-1.1619847130350858,-0.658789468220905,0,27,3746,-0.5350882289665384,2
1,0,0,0,0.7992939660427822,1,2,1,0,2,2,0,2,2,0,1,2,1.2725478922082847,1.3610782880697987,0,80,5432,-0.43870510150147557,7
1,0,0,0,-1.2774445836787656,1,0,2,1,1,1,1,1,1,0,0,3,-1.477726143066649,-0.9968238204629898,0,46,5203,0.5021150469943124,8
0,0,0,0,-0.46303730927815856,0,1,0,2,0,0,2,0,0,2,0,3,-0.9858342310174765,-0.6658925132105911,0,25,2991,-0.47870652674114256,3
0,0,1,0,1.4100994218432374,1,2,1,0,2,2,0,2,2,1,1,0,1.3606231332170895,2.0017420633351906,0,68,5027,-0.48341228755780796,7
0,0,1,1,0.47353105628253944,1,0,0,2,0,0,2,0,0,0,0,0,-0.28289409994720643,0.06168429702176893,0,28,3918,-0.5183146242990037,3
1,0,1,1,1.5322605130033284,0,1,0,0,2,2,2,2,2,1,0,2,-0.1466267459335843,0.8201439115571123,0,56,4122,-0.5641766319975797,6
1,0,1,1,0.9621754209229036,1,0,0,2,2,2,0,0,0,2,1,0,-0.16490651293541178,0.5195880482512909,0,72,4964,-0.5413462027265781,4
0,0,1,1,0.5549717837226001,1,2,1,2,0,2,2,0,2,2,0,3,1.1595456961969886,1.0369853160559177,0,58,4736,-0.41854036286965485,7
0,0,1,1,1.247217966963116,1,0,0,2,0,0,0,0,0,2,1,0,-0.4690153639658123,0.4153806428746525,0,36,4847,-0.5708946995315508,2
1,0,0,0,-0.8702409464784621,1,0,0,0,2,2,2,0,0,0,1,2,-0.12834697893175703,-0.7020253942450818,0,58,2726,-0.07975917568137064,4
1,0,1,1,-0.7073594915983407,1,2,0,0,0,2,2,0,0,0,1,0,-0.1698919039359101,-0.6232301249806126,0,75,3974,-0.23418515472891957,4
1,0,1,0,1.6137012404433893,0,1,0,2,2,2,2,2,2,2,1,2,-0.0020504069191315333,1.0880963571773554,0,36,6075,-0.5600144977372638,7
0,0,1,1,-1.0738427650786138,1,0,0,0,0,0,0,2,0,0,0,2,-0.32942441595185784,-0.849115779311006,0,80,5729,0.23677057388112271,2
1,0,1,1,1.247217966963116,1,2,1,0,2,0,0,0,2,1,1,2,0.8836873941694119,1.537507337223557,0,47,4512,-0.4979812732295178,5
0,0,1,1,-0.5851984004382496,1,2,2,1,1,1,1,1,1,2,0,3,-1.3181936310507012,-0.8167550122306654,0,55,3675,-0.5101680834578093,9
0,0,1,0,0.43281069256250915,0,1,0,2,0,0,2,0,0,0,0,0,-1.0223937650211312,-0.3416451271751954,0,74,5409,-0.5730363380302592,3
0,0,0,0,-0.7073594915983407,0,1,0,2,2,2,2,0,0,1,0,3,-0.626886078981594,-0.6998415387979423,0,51,3572,-0.33271681189382896,5
1,0,1,1,0.9214550572028734,1,0,2,1,1,1,1,1,1,2,0,3,-1.4710789550659844,-0.4860884147294352,0,25,5011,-0.6196614716686247,8
1,0,1,1,1.5322605130033284,1,0,2,1,1,1,1,1,1,2,0,1,-1.4760643460664828,-0.36249102007970924,0,69,5748,-0.6287710090378276,8
1,1,1,0,1.247217966963116,0,1,0,2,0,0,2,0,0,1,0,0,-0.952598291014154,0.008455577890983798,0,48,5089,-0.5969608015633586,3
0,0,0,0,-0.30015585439803716,1,0,0,0,2,0,2,0,2,0,1,0,0.034509127084522986,-0.26474694446076646,0,66,3962,-0.3714680034949094,4
0,1,0,0,-0.5851984004382496,1,0,2,1,1,1,1,1,1,1,0,0,-1.4760643460664828,-0.8427186269911023,0,30,4713,-0.5388318382694193,8
1,1,1,0,-0.1779947632379461,1,2,1,0,2,0,2,2,2,0,1,2,1.3639467272174215,0.31688655629406587,0,73,4174,-0.24334025917521396,7
0,1,0,0,0.8400143297628127,1,0,1,2,2,0,2,0,2,1,1,3,1.0631614701873533,1.2912610911991254,0,58,4766,-0.456209822207182,6
1,0,0,0,-1.2774445836787656,0,1,0,0,0,0,0,0,0,0,0,3,-1.341458789053027,-0.9950149704966722,0,80,4570,0.7371578364495144,1
0,0,1,0,-0.2594354906780068,1,0,0,0,2,0,2,2,2,0,1,2,0.27546969210861083,-0.1412819046866247,0,46,2753,-0.35142787406251885,5
0,0,0,0,0.06632741908223598,1,0,0,2,2,0,0,0,2,1,0,2,-0.013682985920294679,-0.10000924265028027,0,48,3445,-0.4508319558282419,4
0,0,0,1,-0.5444780367182193,1,0,2,1,1,1,1,1,1,2,0,3,-1.4710789550659844,-0.8299463814972255,0,69,4855,-0.5441120036294527,8
0,0,1,1,1.2064976032430856,1,0,0,2,0,2,0,0,0,1,0,1,-0.3327480099521901,0.5054260765637799,0,71,5010,-0.5619927268690761,3
1,0,0,0,-0.3408762181180675,1,0,0,2,0,0,0,0,0,0,1,2,-0.4523973939641511,-0.4429627844349118,0,35,5796,-0.42704922897883746,2
1,1,1,0,1.4508197855632678,0,1,0,2,2,2,0,0,0,2,1,2,-0.7581680419947175,0.3026584071687628,0,34,5607,-0.5919264699891094,4
1,0,1,1,-0.055833672077855064,1,0,0,0,0,2,2,0,0,0,0,3,-0.34604238595351905,-0.2791515667535152,0,41,3615,-0.4668990141056783,3
0,0,1,0,1.247217966963116,1,0,1,0,2,0,0,2,2,1,1,2,1.0382345151848615,1.6897375032913349,0,80,5016,-0.48965086948739367,5
0,0,1,1,1.1657772395230555,0,1,0,0,2,2,2,2,2,2,1,0,-0.11006721192992953,0.6491634714482374,0,20,5063,-0.5479954800877999,6
1,0,0,0,-0.5851984004382496,1,0,2,1,1,1,1,1,1,1,0,3,-1.4993295040688086,-0.8243433584308271,0,32,4695,-0.543055970557446,8
0,0,1,1,-1.0738427650786138,1,0,2,1,1,1,1,1,1,1,0,1,-1.5209328650709681,-0.9592350357970728,0,46,5518,-0.35042691754528793,8
0,0,0,0,0.025607055362205634,1,2,1,0,2,0,0,2,2,0,1,2,1.1711782751981514,0.45921216583895824,0,76,4643,-0.32441275351458304,6
0,0,1,0,0.9621754209229036,1,0,1,0,0,2,2,2,2,0,1,2,1.1279715531938321,1.4955067233714996,0,44,5141,-0.46309918081979706,6
1,0,0,1,-0.38159658183809786,1,0,2,1,1,1,1,1,1,1,0,3,-1.4943441130683104,-0.8004312442419456,0,49,3058,-0.5670430074787407,8
1,0,0,0,-0.9516816739185228,1,0,1,0,0,2,0,0,0,0,1,2,0.3003966471111027,-0.6950547041309799,0,52,4895,0.18452064368167356,3
1,0,0,0,-1.1145631287986442,1,0,2,1,1,1,1,1,1,0,0,1,-1.4860351280674797,-0.9636248058372825,0,51,2483,-0.2784945423752,8
1,0,1,0,1.1657772395230555,1,2,1,2,2,0,0,2,2,0,1,2,1.3772411032187506,1.8068495090374344,0,74,6298,-0.4652404460349258,7
1,0,1,1,1.5322605130033284,1,2,1,2,2,2,2,2,2,2,1,1,1.721233082253138,2.590875673706462,0,40,6116,-0.4734215322560314,9
1,0,0,0,-0.7073594915983407,1,2,1,2,0,0,0,2,2,0,1,2,1.1612074931971548,-0.3145564959722927,0,60,4157,0.052810690322325625,6
1,0,1,1,-0.9924020376385531,1,0,2,1,1,1,1,1,1,2,0,3,-1.4976677070686424,-0.9483157585613751,0,29,5962,-0.4106663006731795,8
0,0,1,1,-0.9924020376385531,1,0,2,1,1,1,1,1,1,2,0,3,-1.504314895069307,-0.9342420234575868,0,58,3598,-0.41321418998976706,8
0,0,0,0,-1.1552834925186746,0,1,0,2,0,0,0,0,0,0,1,3,-1.1835880740372453,-0.9572276535173788,0,78,2657,0.006805363849691558,2
0,0,0,0,0.06632741908223598,1,0,0,2,2,0,0,0,0,1,0,3,-0.3244390249513595,-0.17408385468557924,0,46,4027,-0.48146122525550517,3
1,0,1,0,1.4508197855632678,1,2,0,2,2,2,2,2,2,2,1,1,0.8654076271675846,1.774929924875708,0,69,4265,-0.5107540396965211,8
0,0,1,1,0.5142514200025698,0,1,0,0,2,2,2,0,2,1,0,0,-0.4573827849646494,-0.006721114509339551,0,22,4534,-0.5345158770186094,5
0,1,0,0,-0.9516816739185228,1,2,1,0,0,2,0,2,0,0,1,2,0.8421424691652587,-0.6454216257868993,0,48,2893,0.37140832505337074,5
0,0,0,0,-0.4223169455581282,1,2,0,2,0,0,2,0,0,0,1,3,-0.18983346793790365,-0.45275704522814375,0,47,3995,-0.367269098943911,4
0,0,0,0,-1.2367242199587352,1,0,2,1,1,1,1,1,1,0,0,3,-1.477726143066649,-0.9876030974639562,0,24,5074,0.11419889854385702,8
1,0,1,0,1.5322605130033284,1,2,0,0,2,2,2,2,0,2,0,0,0.2721460981082788,1.3172908833973542,0,70,6466,-0.5438294032299016,6
0,0,0,1,-0.9109613101984924,1,2,0,2,0,2,2,0,2,1,0,1,0.2920876621102721,-0.6999077162357344,0,29,4434,0.10499175305891564,6
1,0,0,0,1.6137012404433893,1,2,0,2,0,2,2,2,2,2,0,1,0.6493740171459885,1.6400382475094624,0,35,6012,-0.5292304103779456,7
0,0,1,1,0.6771328748826912,1,0,0,0,2,2,0,2,2,1,0,1,0.43998759512505714,0.6813918836529936,0,69,4200,-0.48277156833260726,5
0,1,0,0,0.880734693482843,1,2,0,0,2,0,2,2,0,1,0,3,0.2438955491054544,0.7086790471692728,0,47,4277,-0.5113310913085387,5
0,0,0,0,1.5729808767233588,1,2,1,2,2,2,0,2,2,2,1,1,1.395520870220578,2.207465658284922,0,32,5610,-0.49164140801597767,8
0,0,0,0,-0.4223169455581282,1,0,2,1,1,1,1,1,1,1,1,3,-1.5126238800701375,-0.8237698206366288,0,52,2691,-0.5656721322486202,8
0,0,1,1,0.7178532386027215,1,0,2,1,1,1,1,1,1,2,0,1,-1.4694171580658184,-0.5336038150641683,0,34,4878,-0.6154341700136352,8
0,0,1,1,0.43281069256250915,1,0,2,1,1,1,1,1,1,1,0,3,-1.4876969250676457,-0.6449142654304931,0,76,4882,-0.6095174805177629,8
0,0,1,1,0.5142514200025698,1,2,2,1,1,1,1,1,1,2,1,1,-1.3331498040521963,-0.48902228113821866,0,63,2194,-0.6001932630434723,9
1,1,0,0,1.2879383306831464,1,2,1,2,2,0,0,2,2,0,1,0,1.28750406520978,1.8833726862710412,0,63,5125,-0.4790673292492608,7
0,0,1,1,-0.38159658183809786,1,2,2,1,1,1,1,1,1,2,0,3,-1.3597385560548543,-0.7297537406799748,0,78,5945,-0.5476949729809039,9
0,0,1,0,1.4508197855632678,1,2,2,1,1,1,1,1,1,2,0,1,-1.2949284730483754,-0.1624586847800991,0,21,4747,-0.6187623911605588,9
1,0,0,0,-0.2594354906780068,1,0,0,0,0,0,2,2,0,1,0,1,-0.17653909193657447,-0.3409171753594822,0,41,2074,-0.40918003190517,3
1,0,0,0,-0.748079855318371,1,0,2,1,1,1,1,1,1,0,1,2,-1.4860351280674797,-0.87373378616967,0,32,5728,-0.5083778559643122,8
1,0,1,0,1.5729808767233588,1,0,0,2,0,2,2,2,2,2,1,2,0.5912111221401742,1.5674857165433815,0,68,4668,-0.5301782339293645,6
1,0,0,0,1.2879383306831464,1,2,0,2,2,2,2,2,0,1,0,2,0.5480044001358552,1.4505281248187973,0,67,4761,-0.5183146242990037,7
0,0,0,0,1.002895784642934,1,0,0,2,2,2,2,2,0,2,1,1,0.3170146171127639,0.832342619256791,0,54,5741,-0.5147563650810107,6
1,1,1,0,1.6137012404433893,1,2,1,0,2,2,2,2,2,2,0,1,1.4935668932303794,2.4788813898162854,0,32,4319,-0.48933674614699246,8
0,0,1,1,0.3106496014024181,1,2,1,0,2,2,0,2,0,0,1,1,1.0498670941860242,0.7216277658305951,0,52,2004,-0.39219410312791975,6
1,0,1,0,-0.748079855318371,1,2,0,0,0,0,2,2,0,0,1,1,0.06109787908718086,-0.5736411649283933,0,36,3516,-0.15256511290286012,4
1,0,1,1,-1.2367242199587352,1,0,0,0,0,0,0,0,0,0,1,2,-0.6734163949862454,-0.9660513118896598,0,49,5456,1.0390827204651398,1
1,0,0,0,-1.1145631287986442,1,0,1,0,0,0,0,2,0,0,1,3,0.5097830691320341,-0.8299463814972255,0,22,5225,0.8690111085829204,3
1,0,1,1,-0.13727439951791576,1,2,0,2,0,0,2,2,0,1,0,0,0.142525932095321,-0.14174514675116942,0,33,4459,-0.3977357623914976,5
0,0,0,0,-1.1960038562387048,1,0,2,1,1,1,1,1,1,0,0,3,-1.4744025490663168,-0.9779191324003778,0,21,5695,-0.0768928002002097,8
1,0,1,1,1.5729808767233588,1,0,2,1,1,1,1,1,1,2,0,1,-1.4976677070686424,-0.43175673830211503,0,30,4808,-0.6302625111465694,8
1,0,0,1,-0.9516816739185228,1,0,0,0,2,0,0,0,0,0,1,2,-0.48729513096763954,-0.7922252419557243,0,56,4738,-0.08721175193238928,2
0,0,0,0,0.6364125111626608,1,2,0,2,2,2,0,2,2,1,1,1,0.6211234681431647,0.709473176422778,0,58,4250,-0.46636888088531053,7
1,0,0,0,-0.2594354906780068,1,2,1,2,2,0,0,0,0,0,1,1,0.7274784761537967,-0.03131706222207282,0,54,4469,-0.29367571621986754,5
0,0,0,0,-0.9516816739185228,1,0,2,1,1,1,1,1,1,0,0,0,-1.4827115340671475,-0.900712121642919,0,27,3772,-0.4306035345754771,8
0,0,1,1,0.5549717837226001,1,0,2,1,1,1,1,1,1,2,0,1,-1.5076384890696393,-0.5830604202408033,0,77,4630,-0.6143077095617147,8
1,0,1,1,1.2879383306831464,0,1,0,2,0,2,2,2,2,2,1,0,-0.15659752793458118,0.6907670206735422,0,77,4120,-0.5557097998070734,6
0,0,1,0,1.0843365120829946,1,0,2,1,1,1,1,1,1,1,0,3,-1.4760643460664828,-0.4468010758268541,0,57,5757,-0.6227462376626361,8
0,0,0,0,-1.0331224013585834,1,0,1,0,2,0,0,2,2,1,1,3,0.9734244321783826,-0.7263125139147852,0,38,5545,0.6862796716589066,5
0,1,1,0,1.6137012404433893,1,2,0,2,2,2,0,2,2,2,1,1,0.642726829145324,1.6985170433717545,0,62,4999,-0.5295445337183469,7
1,1,0,0,-0.6666391278783103,1,0,1,0,0,0,0,0,2,0,1,2,0.464914550127549,-0.468308743109289,0,74,4351,-0.13051088273016243,3
1,0,1,0,-0.30015585439803716,1,2,0,0,0,2,0,0,0,0,0,1,-0.30615925794953225,-0.38578547818253106,0,49,2950,-0.4166685399286021,3
1,0,1,0,-0.3408762181180675,1,0,2,1,1,1,1,1,1,1,0,3,-1.4843733310673135,-0.7702322734628139,0,69,5689,-0.569450762882916,8
0,0,1,1,-0.9109613101984924,1,2,0,2,2,0,0,2,0,1,0,2,0.18407085709947407,-0.7074740032899653,0,36,5496,0.07111640646337651,5
1,0,1,0,1.4915401492832983,1,0,0,2,2,0,0,0,0,1,1,1,-0.3693075439558449,0.6726564618644356,0,55,6092,-0.5737585157488894,3
1,0,0,0,1.002895784642934,1,0,2,1,1,1,1,1,1,2,0,3,-1.462769970065154,-0.5121843843654563,0,60,6271,-0.6206145768163015,8
1,0,1,1,0.7178532386027215,1,0,1,0,2,2,2,2,2,1,1,0,1.284180471209448,1.3044304013197545,0,68,5437,-0.4291759671789773,7
1,0,1,1,-0.1779947632379461,0,1,0,2,0,2,2,2,0,1,0,3,-0.46402997296531395,-0.39394736217689097,0,45,3240,-0.46078943360811736,5
1,0,0,0,-0.30015585439803716,1,0,0,2,2,0,2,2,2,0,1,3,0.4732235351283796,-0.16664992250693256,0,52,5263,-0.3132585321851783,6
0,1,1,0,-1.1960038562387048,1,0,1,0,2,0,0,0,0,0,1,0,0.32698539911376057,-0.9003150570161664,0,57,3711,1.4766827105890523,3
1,0,1,0,1.1657772395230555,1,2,1,0,0,0,0,2,2,1,1,0,1.0548524851865226,1.4973596916296785,0,49,5926,-0.4831784087234817,5
0,0,0,0,-1.2367242199587352,1,0,2,1,1,1,1,1,1,0,0,3,-1.4843733310673135,-0.9882207535500158,0,65,2051,0.10655523059409437,8
1,0,1,1,0.758573602322752,1,0,2,1,1,1,1,1,1,1,0,3,-1.5076384890696393,-0.5655895766636869,0,73,4025,-0.6188582565612665,8
0,0,1,1,1.5729808767233588,1,0,0,2,0,2,0,2,2,2,0,1,0.42503142212356193,1.453528168665373,0,27,5097,-0.5381403880437006,5
0,0,1,1,-0.5037576729981889,1,0,2,1,1,1,1,1,1,0,0,3,-1.4860351280674797,-0.8266375096076202,0,43,2698,-0.5521651537908098,8
1,0,1,1,-1.0738427650786138,1,0,2,1,1,1,1,1,1,0,0,1,-1.4926823160681442,-0.9445215854612943,0,42,2186,-0.33650452235107736,8
0,0,0,0,-1.0738427650786138,1,0,2,1,1,1,1,1,1,0,0,3,-1.481049737066981,-0.9512275658242277,0,26,5029,-0.3307717713887554,8
0,0,0,0,-0.13727439951791576,1,2,0,2,2,0,2,0,0,0,0,3,0.08934842809000525,-0.21116527899509022,0,65,3152,-0.40385069675130775,5
1,0,0,0,0.14776814652229667,1,0,2,1,1,1,1,1,1,2,1,1,-1.5358890380724635,-0.7018048027857748,0,28,5703,-0.6041509495186358,8
0,0,0,0,-0.1779947632379461,0,1,0,0,0,2,0,0,0,0,1,3,-1.1636465100352518,-0.656936499962726,0,67,5463,-0.5440131630956195,2
0,0,0,0,1.247217966963116,1,2,2,1,1,1,1,1,1,2,0,3,-1.3481059770536914,-0.2918576348095998,0,64,4948,-0.6182794692044936,9
1,0,1,1,0.6364125111626608,1,2,2,1,1,1,1,1,1,2,0,3,-1.3697093380558512,-0.48811785615505987,0,66,5019,-0.6065287921682034,9
0,0,1,0,0.6771328748826912,1,0,2,1,1,1,1,1,1,1,0,0,-1.4727407520661506,-0.6083181423314576,0,20,6061,-0.6147394954852597,8
1,0,1,0,1.6137012404433893,1,2,0,2,2,2,2,2,2,2,0,1,0.9152615371725683,1.9589252610836971,0,56,5136,-0.5166654767618973,8
0,0,1,1,1.6137012404433893,0,1,0,0,2,0,2,2,2,2,0,1,-0.3693075439558449,0.6636563303247089,0,47,5498,-0.5773698122944303,5
0,0,0,0,0.5956921474426305,0,1,0,2,2,0,2,0,0,1,0,1,-0.8346107040023594,-0.21224617714569455,0,26,4670,-0.5669235751670256,4
0,0,0,0,-1.2774445836787656,1,0,0,0,0,0,0,2,0,0,1,2,-0.33607160395252245,-0.9816691872085972,0,74,5882,2.4713150025519193,2
0,0,0,0,0.14776814652229667,1,2,1,0,2,2,0,2,2,1,1,0,1.330710787214099,0.7088555203367183,0,68,5319,-0.33688080330227227,7
1,0,1,1,0.43281069256250915,0,1,0,0,2,0,0,0,0,0,0,1,-1.1786026830367469,-0.46574988218132757,0,70,4741,-0.5852835787224925,2
0,1,1,0,-0.21871512695797646,1,2,0,0,2,2,2,2,2,0,0,2,0.6344178441444933,0.01344094487132244,0,35,5907,-0.31828256393512533,7
0,0,0,0,0.22920887396235737,1,2,1,0,0,2,2,2,2,0,1,2,1.2924894562102784,0.7538782371812821,0,47,2511,-0.3569156356674766,7
0,1,0,0,0.10704778280226633,1,2,1,2,0,0,0,2,2,0,1,2,1.1396041321949948,0.5624489687946459,0,63,3484,-0.34617285234705697,6
0,0,1,1,-1.318164947398796,1,2,0,0,2,2,2,2,0,2,0,3,0.2854404741096075,-1.005779833710855,0,44,2342,7.74831226336932,6
0,0,1,0,1.0843365120829946,1,0,1,0,2,0,2,2,2,2,1,3,1.1728400721983174,1.6566929026871429,0,70,4521,-0.4704461537636149,6
1,0,0,0,-0.21871512695797646,1,0,2,1,1,1,1,1,1,2,0,1,-1.4760643460664828,-0.7712469941756263,0,52,4962,-0.5783037682975875,8
0,1,0,0,-1.2367242199587352,1,0,0,0,0,0,0,0,0,0,0,2,-0.6916961619880726,-0.9682351673367995,0,55,4057,1.0180626336032925,1
1,0,0,0,-1.0331224013585834,1,2,2,1,1,1,1,1,1,0,0,3,-1.3713711350560172,-0.9294551887906244,0,33,5508,-0.3248342793206362,9
0,0,0,0,0.14776814652229667,1,2,0,0,2,0,2,0,2,1,1,3,0.19736523310080326,0.10244959870170696,0,71,3566,-0.4425493480672345,5
0,0,1,1,0.35136996512244845,1,2,1,2,2,0,0,2,0,0,1,0,0.9817334171792131,0.7120099782048087,0,43,2196,-0.4042055813346896,6
0,0,0,0,-0.7888002190384014,0,1,0,0,2,0,0,0,0,0,0,2,-1.1835880740372453,-0.8482113543278471,0,71,2876,-0.42290526899750186,2
1,0,0,1,-0.5444780367182193,1,0,2,1,1,1,1,1,1,2,0,1,-1.4594463760648215,-0.7995268192587868,0,43,2654,-0.54210554079264,8
0,0,1,0,1.125056875803025,0,1,0,2,2,0,2,0,0,2,0,0,-0.8994207870088381,0.003955512121120371,0,54,5148,-0.5907728372817949,4
1,0,1,0,1.4915401492832983,1,2,1,0,2,0,2,2,0,2,1,3,0.9202469281730669,1.8445044711411436,0,56,4452,-0.510206876509434,6
1,0,0,0,0.43281069256250915,0,1,0,0,0,2,2,0,2,1,0,2,-0.6850489739874083,-0.15372326299154093,0,42,2522,-0.546587509726819,4
0,0,0,1,-0.8702409464784621,0,1,0,2,0,0,2,0,0,1,1,3,-0.9542600880143203,-0.8281595906768386,0,67,4265,-0.31719061137087357,3
0,0,1,0,0.5142514200025698,1,0,0,0,0,2,0,0,0,0,1,1,-0.4823097399671412,-0.025669920863812902,0,44,2036,-0.53638525233241,2
1,0,1,0,1.6137012404433893,1,2,1,0,2,2,2,2,2,2,1,1,1.4952286902305454,2.4173143135236947,0,71,5791,-0.4892582153118922,8
0,0,1,1,-0.8295205827584317,1,0,2,1,1,1,1,1,1,2,0,0,-1.477726143066649,-0.9067342684820009,0,57,5190,-0.4825951759953051,8
0,0,1,1,1.4100994218432374,1,2,1,0,2,2,2,2,2,1,1,1,1.5816421342391835,2.25387810132312,0,46,5427,-0.4721997011167958,8
1,0,1,0,0.18848851024232702,1,2,1,0,0,2,2,2,0,2,0,3,0.9817334171792131,0.52113218846644,0,49,2615,-0.37710791638496705,6
0,0,0,0,0.26992923768238775,0,1,0,2,2,0,2,0,0,1,0,0,-0.7847567939973756,-0.2553718074402179,0,67,3445,-0.5436820473072785,4
0,0,0,0,0.35136996512244845,1,2,0,2,0,2,2,0,2,0,1,0,0.32864719611392706,0.3577621537036576,0,77,3859,-0.4578477510535597,6
0,0,0,0,-0.30015585439803716,0,1,0,0,0,2,0,2,2,0,1,2,-0.5487816199737862,-0.4349773736079976,0,46,4284,-0.44886014148625636,4
1,0,1,1,-0.9924020376385531,1,2,0,2,2,0,2,0,2,2,1,1,0.37850110611891075,-0.7208639048699018,0,64,4457,0.3084754589336583,6
0,0,1,1,1.5729808767233588,1,2,0,2,2,2,2,0,0,2,0,3,0.21065960910213194,1.2993788569016238,0,57,6090,-0.5484115668511942,6
1,0,0,0,-1.1145631287986442,1,2,1,0,2,2,0,0,2,0,0,2,1.0565142821866886,-0.7851442561119688,0,56,3787,1.18335695301691,6
0,0,0,0,-0.0965540357978854,1,2,0,2,0,2,0,2,2,1,1,1,0.4831943171293762,0.06501522805730489,0,78,2655,-0.3683384620266443,6
1,0,0,0,0.3106496014024181,1,0,1,0,2,0,2,0,2,1,1,1,0.8255244991635975,0.5331323638527423,0,22,2524,-0.4110702343453214,5
0,0,0,0,0.880734693482843,1,0,2,1,1,1,1,1,1,2,1,3,-1.4710789550659844,-0.5488466849022837,0,30,5946,-0.6188983457288352,8
1,0,1,0,1.6137012404433893,1,2,1,0,2,2,0,2,2,2,1,0,1.3805646972190828,2.3319233596259457,0,62,4634,-0.494676842933813,7
1,0,1,1,-0.1779947632379461,1,0,1,0,2,2,0,2,2,1,0,0,1.182810854199314,0.22909115548987,0,50,3411,-0.264887495550838,6
1,0,1,1,-0.5851984004382496,1,0,1,0,0,0,2,0,2,0,1,2,0.6925807391503077,-0.29922538955045447,0,63,5968,-0.14508236427835558,4
0,0,1,1,1.0843365120829946,1,2,1,0,2,2,0,2,2,1,1,2,1.3755793062185846,1.7543487417223624,0,51,5096,-0.45878956014022687,7
1,0,1,1,-0.4223169455581282,1,0,0,0,0,0,2,0,0,0,1,2,-0.45405919096431707,-0.4618454133515931,0,34,5329,-0.4068998555964848,2
0,0,0,0,-1.2774445836787656,1,0,2,1,1,1,1,1,1,0,0,3,-1.491020519067978,-0.9970002936304354,0,80,4050,0.47918404314502433,8
0,1,1,0,1.6137012404433893,1,2,2,1,1,1,1,1,1,2,1,1,-1.2982520670487077,-0.15103204718799515,0,21,5079,-0.6212685491154988,9
1,0,1,0,0.7178532386027215,1,2,1,0,0,0,2,2,2,1,0,2,1.1512367111961581,1.2264954387465827,0,75,6479,-0.43816851770810983,6
0,0,1,1,0.6364125111626608,1,0,0,2,0,2,2,2,0,1,0,0,0.16412929309748078,0.3282028981565163,0,50,3442,-0.49854248322487277,5
0,0,1,1,0.6771328748826912,1,2,1,0,2,0,0,2,2,0,1,2,1.116338974192669,1.1512516919769564,0,39,4325,-0.43610697549930627,6
1,0,1,1,-0.1779947632379461,1,0,1,0,0,2,0,2,0,0,0,2,0.6875953481498096,0.004484931623457351,0,26,4022,-0.3237964537153882,4
1,1,0,0,1.4508197855632678,1,2,1,0,2,2,0,0,2,0,1,2,1.0349109211845293,1.8633209226200327,0,68,5080,-0.5022795382739581,6
1,0,0,0,-0.7888002190384014,1,2,1,0,0,0,2,2,2,0,0,2,1.1961052302006432,-0.4263963658409543,0,80,5985,0.1634732580057199,6
0,0,0,0,-0.8702409464784621,1,2,1,0,0,2,0,2,0,0,1,2,0.8122301231622688,-0.5688763894073616,0,32,3734,0.19063557804148373,5
1,0,1,0,1.6137012404433893,1,2,2,1,1,1,1,1,1,2,0,1,-1.2965902700485417,-0.18332663683054362,0,24,4413,-0.6211900182803985,9
1,0,1,1,1.5322605130033284,1,2,0,0,2,2,2,2,2,2,1,2,0.642726829145324,1.6323616647255776,0,48,5568,-0.5258237206299324,7
0,0,1,1,0.6771328748826912,1,2,0,0,2,0,2,2,2,2,0,0,0.4831943171293762,0.715914447034543,0,59,6366,-0.4797905378321998,6
0,1,1,0,1.4100994218432374,1,2,1,2,0,2,0,2,2,1,1,1,1.4054916522215746,2.145369162489995,0,21,4126,-0.4811360482051213,7
1,0,0,0,0.5549717837226001,1,0,2,1,1,1,1,1,1,2,0,0,-1.4860351280674797,-0.6078328411209822,0,38,2942,-0.6127220550402214,8
0,0,1,0,0.18848851024232702,1,0,2,1,1,1,1,1,1,0,0,0,-1.504314895069307,-0.6505393476428222,0,72,3924,-0.6027972700595384,8
0,1,1,0,-0.7888002190384014,0,1,0,0,0,0,0,2,2,0,0,2,-0.6468276429835875,-0.7726367203692605,0,48,4118,-0.29064251465250146,3
0,0,1,0,1.6137012404433893,1,2,1,2,2,2,2,2,2,2,0,2,1.6747027662484868,2.6779651818408756,0,67,4761,-0.48077688512105965,9
1,0,1,1,1.4508197855632678,1,0,0,0,0,2,2,2,2,2,1,0,0.2721460981082788,1.1795094579141865,0,27,4499,-0.5404147946754914,5
1,0,1,1,-0.7073594915983407,1,0,2,1,1,1,1,1,1,1,0,3,-1.4993295040688086,-0.8590203358338914,0,71,5928,-0.5208227028450195,8
0,0,0,0,-0.3408762181180675,1,0,2,1,1,1,1,1,1,2,1,0,-1.502653098069141,-0.7983356253785289,0,34,2511,-0.5719731733063376,8
0,0,0,0,-0.3408762181180675,1,2,1,0,0,0,2,0,2,0,1,2,0.8238627021634315,-0.008993206540201946,0,76,5352,-0.2509391194163056,5
1,0,0,0,-0.21871512695797646,1,0,0,2,0,0,0,0,0,0,0,3,-0.47898614596680894,-0.38311632152491604,0,77,5578,-0.4554591048192589,2
0,0,1,1,1.5729808767233588,1,0,0,2,2,2,2,2,2,2,0,1,0.7474200401557899,1.786334503321881,0,38,4135,-0.5226938090618886,7
1,0,1,1,1.4100994218432374,1,0,2,1,1,1,1,1,1,2,1,3,-1.461108173064988,-0.3828736709196783,0,77,5626,-0.6265624512934368,8
0,0,1,0,1.247217966963116,1,2,1,0,2,2,2,2,2,2,1,0,1.478610720228884,2.012528985695304,0,78,5700,-0.46591369753402917,8
1,0,0,0,-1.2774445836787656,1,0,2,1,1,1,1,1,1,0,0,3,-1.4760643460664828,-0.9968017613170591,0,56,2648,0.5049814224754735,8
1,0,0,0,-1.1552834925186746,1,0,0,0,0,0,0,0,2,0,1,2,-0.29452667894836937,-0.9005577076214042,0,25,3545,0.6202097168181455,2
1,0,1,1,0.7992939660427822,1,0,0,2,2,2,0,2,2,2,0,2,0.47987072312904416,0.7661431223187527,0,22,4509,-0.4902998601623735,6
1,0,0,0,-0.9109613101984924,1,2,2,1,1,1,1,1,1,0,1,2,-1.3547531650543558,-0.905829843498842,0,71,5299,-0.41147699272845734,9
1,0,0,0,1.4508197855632678,1,2,1,2,2,2,0,2,0,1,0,0,1.2160467942026365,2.1313616048239985,0,60,4941,-0.49322345342043494,7
0,0,1,0,0.7992939660427822,0,1,0,2,0,2,0,0,0,1,0,3,-0.9742016520163136,-0.14152455529186242,0,47,5509,-0.5849443335969349,3
1,0,1,0,1.5322605130033284,1,2,0,2,2,2,2,2,0,1,0,0,0.48651791112970877,1.433476405014364,0,38,5991,-0.5334135599321617,7
1,0,0,0,0.43281069256250915,0,1,0,2,0,2,0,0,0,1,1,1,-0.9825106370171443,-0.3600203957354705,0,70,5268,-0.5699093829599017,3
1,0,0,0,0.7992939660427822,1,0,2,1,1,1,1,1,1,2,0,3,-1.4993295040688086,-0.5535452829855234,0,24,5157,-0.6191245091458736,8
0,0,0,0,-0.8295205827584317,0,1,0,2,0,2,2,0,2,2,0,3,-0.49560411596847015,-0.7622027443440382,0,20,3100,-0.2219754976312818,5
0,0,1,1,0.9621754209229036,1,2,0,2,2,0,0,0,2,1,0,0,0.13255515009432434,0.6775094739691901,0,53,6494,-0.5233433532133211,5
1,0,0,1,-1.318164947398796,1,2,0,2,2,0,2,0,0,2,1,0,-0.09511103892843457,-1.005779833710855,0,65,5188,6.435512292997583,5
1,0,0,0,0.3920903288424788,1,2,1,0,0,2,0,0,0,0,0,2,0.50313588113137,0.4560356488249372,0,70,2583,-0.4485883742223896,4
1,1,1,0,-0.4223169455581282,1,0,1,0,0,0,0,2,2,0,1,0,0.830509890164096,-0.1503702728100741,0,23,4180,-0.2142295732540976,4
1,0,0,0,-0.21871512695797646,1,0,2,1,1,1,1,1,1,0,1,1,-1.5076384890696393,-0.8027253954187387,0,25,5975,-0.5821938493077345,8
1,1,1,0,0.758573602322752,1,2,1,2,0,2,0,0,2,1,1,0,0.9601300561770538,1.1291704869003232,0,68,4163,-0.4551441185026478,6
1,0,0,0,-1.2774445836787656,1,0,2,1,1,1,1,1,1,0,1,3,-1.491020519067978,-0.9970002936304354,0,52,4590,0.47918404314502433,8
1,1,1,1,1.5729808767233588,1,2,0,0,2,2,2,0,2,1,1,0,0.2704843011081128,1.2617459539438451,0,54,6404,-0.5455451913700332,6
0,0,1,1,1.4915401492832983,1,2,2,1,1,1,1,1,1,2,1,0,-1.3015756610490399,-0.26750433770210424,0,60,6053,-0.6197024198897843,9
1,0,1,1,-0.748079855318371,1,0,2,1,1,1,1,1,1,1,0,3,-1.4960059100684764,-0.8692998978375988,0,58,3958,-0.5106709563492411,8
1,0,1,0,1.002895784642934,1,0,0,2,0,0,2,0,0,0,0,2,-0.3011738669490337,0.39347591096546486,0,22,4607,-0.5515250436669381,3
0,0,1,1,1.6137012404433893,1,2,1,2,2,2,2,2,2,2,0,1,1.7528072252562945,2.819320188964817,0,47,6009,-0.4770859358713454,9
1,0,0,0,0.6364125111626608,1,0,2,1,1,1,1,1,1,2,0,1,-1.4926823160681442,-0.6016562802603855,0,38,3779,-0.6151864160704856,8
0,0,1,1,-1.1552834925186746,1,0,1,0,0,0,0,2,0,0,1,3,0.46989994112804756,-0.8735352538562936,0,50,5775,1.1476228053517699,3
1,0,1,1,-0.055833672077855064,1,0,2,1,1,1,1,1,1,0,1,2,-1.4660935640654862,-0.6960473656978615,0,79,2990,-0.5876450812495854,8
0,0,0,0,-1.2774445836787656,1,0,2,1,1,1,1,1,1,0,0,3,-1.4993295040688086,-0.9971105893600889,0,25,5454,0.4648521657392193,8
1,1,0,0,1.002895784642934,1,2,0,0,2,2,0,2,2,2,1,0,0.4981504901308714,0.9522781956820201,0,79,5371,-0.5039827468931987,6
0,1,1,0,1.2064976032430856,1,0,0,2,0,2,2,2,2,2,1,1,0.5047976781315361,1.1206115382792108,0,54,6488,-0.5161307191705001,6
1,0,1,0,-1.1960038562387048,0,1,0,0,0,0,2,0,0,0,1,2,-1.1586611190347533,-0.9650807094687089,0,23,4416,0.19541287051008532,2
0,0,0,1,1.6137012404433893,1,0,2,1,1,1,1,1,1,2,1,3,-1.4960059100684764,-0.3144462002426392,0,78,5478,-0.6306137184924346,8
1,0,0,1,-0.13727439951791576,0,1,0,2,2,2,2,0,0,0,1,3,-0.6567984249845842,-0.457632116478829,0,73,3290,-0.48965086948739367,5
1,0,1,1,-0.7888002190384014,1,0,0,0,0,0,0,0,0,0,0,0,-0.6634456129852487,-0.7590703456218785,0,44,4680,-0.2947373367684457,1
0,0,0,0,-0.8702409464784621,1,0,0,0,2,0,0,0,0,0,0,2,-0.45405919096431707,-0.7714455264890026,0,60,4467,-0.17339410806596328,2
0,0,0,1,-0.46303730927815856,0,1,0,2,2,2,2,2,0,2,0,3,-0.3859255139575061,-0.4837722044067114,0,29,3461,-0.3846372950412225,6
0,0,0,0,-0.5444780367182193,1,2,2,1,1,1,1,1,1,0,0,0,-1.33148800705203,-0.8002547710745,0,46,3612,-0.5200344495877004,9
1,0,1,1,0.10704778280226633,1,2,1,0,2,2,2,2,2,0,1,2,1.5018758782312098,0.6629504376549264,0,71,5721,-0.3114578604085515,8
1,0,0,1,-0.30015585439803716,1,0,2,1,1,1,1,1,1,0,0,3,-1.461108173064988,-0.8027474545646693,0,60,3274,-0.5699093829599017,8
0,0,0,0,1.4100994218432374,1,2,2,1,1,1,1,1,1,2,1,0,-1.3015756610490399,-0.21590799537019123,0,34,5183,-0.6184691558172174,9
1,0,1,1,1.6137012404433893,1,2,1,2,2,2,0,2,2,2,1,1,1.4503601712260603,2.4209981908941223,0,20,4419,-0.49137854785960033,8
1,0,0,0,0.43281069256250915,1,0,2,1,1,1,1,1,1,2,0,3,-1.502653098069141,-0.6192374195671554,0,67,4871,-0.6106900886691469,8
0,0,1,1,0.9214550572028734,1,2,1,2,2,0,0,0,0,0,1,2,0.6759627691486464,1.0240807156864566,0,76,4026,-0.48739871732362433,5
1,0,0,0,-0.21871512695797646,1,0,1,0,0,0,0,0,0,0,1,3,0.142525932095321,-0.21462856490621046,0,27,3241,-0.37888593125110076,2
0,0,0,0,-0.7888002190384014,1,0,1,0,0,0,0,0,0,0,1,3,0.179085466098976,-0.6145829397757772,0,56,2992,-0.08712985549007032,2
0,0,0,0,1.5322605130033284,1,2,1,2,2,2,0,2,2,2,1,3,1.541759006235197,2.407895058211285,0,62,4240,-0.48214177315646495,8
0,0,1,1,-0.5444780367182193,1,2,1,0,0,0,2,0,2,1,1,0,0.8172155141627669,-0.26157042744674536,0,57,4473,-0.14941209987358303,5
0,0,0,0,-0.5037576729981889,1,2,1,2,0,0,0,2,0,0,1,0,0.8089065291619363,-0.17668683390540219,0,70,3027,-0.17516853098287252,5
1,0,1,1,0.43281069256250915,1,2,1,2,0,2,2,0,0,1,1,1,0.8803638001690798,0.7650401650222176,0,30,5884,-0.42385452321528894,6
1,0,1,1,-1.1145631287986442,1,0,1,2,0,2,0,0,2,0,1,3,0.8504514541660894,-0.8140858555730505,0,66,4014,1.0648800997955885,5
0,1,1,0,1.5322605130033284,1,2,1,0,2,0,2,2,2,1,1,0,1.3556377422165908,2.1686856797387475,0,51,4605,-0.49118498594209964,7
0,0,1,0,0.3106496014024181,1,0,2,1,1,1,1,1,1,2,0,3,-1.517609271070636,-0.6616130389000349,0,59,2056,-0.608220938171517,8
1,0,1,1,-1.0738427650786138,1,0,2,1,1,1,1,1,1,2,1,1,-1.4744025490663168,-0.9583085516679833,0,57,4628,-0.327495913696,8
1,0,0,0,0.26992923768238775,1,0,1,2,0,2,0,2,2,2,1,2,1.1861344481996465,0.6714652679841775,0,45,2698,-0.3737059812744312,6
0,1,0,0,0.5142514200025698,1,0,1,2,2,0,2,0,0,0,1,0,0.6959043331506402,0.661053351104886,0,44,5397,-0.4480261125000992,5
0,1,1,0,1.002895784642934,1,2,1,0,2,2,0,0,2,0,0,1,0.9717626351782166,1.3937920014850302,0,49,6015,-0.4758131947507544,6
1,0,1,1,1.6137012404433893,1,2,0,2,2,2,2,0,0,2,0,0,0.16911468409797886,1.2452898310795415,0,77,6233,-0.5519258217219327,6
1,0,1,0,1.6137012404433893,1,2,2,1,1,1,1,1,1,2,0,1,-1.2932666760482092,-0.1797971734816312,0,45,5514,-0.6210329566101979,9
0,0,0,0,-1.1960038562387048,1,0,0,2,2,0,2,0,2,2,0,3,0.21065960910213194,-0.9116534580245476,0,41,3501,1.3763595687484174,5
0,0,1,0,1.0843365120829946,1,2,1,0,0,2,2,2,0,0,0,2,0.9501592741760567,1.3706519574037235,0,44,4814,-0.4832492975794675,6
0,0,0,0,-1.1552834925186746,1,0,0,2,0,0,0,0,0,0,1,0,-0.47233895796614456,-0.9018150789394542,0,78,4164,0.4975288462244547,2
1,0,0,0,-0.21871512695797646,1,2,1,0,0,2,0,0,0,0,1,2,0.5496661971360212,-0.003059296284842858,0,72,5158,-0.3287243603307833,4
1,0,0,0,-1.1552834925186746,1,0,2,1,1,1,1,1,1,0,1,1,-1.46443176706532,-0.9688307642769284,0,76,3027,-0.18696161867679212,8
1,0,1,1,1.125056875803025,1,0,0,2,2,0,2,2,2,0,1,1,0.4748853321285456,1.051632588953904,0,60,5275,-0.5130517709565442,6
0,0,1,1,-0.9924020376385531,1,0,2,1,1,1,1,1,1,2,0,3,-1.5192710680708021,-0.9167932390264013,0,47,3153,-0.418946940952089,8
1,0,1,1,-0.9924020376385531,1,0,2,1,1,1,1,1,1,2,0,1,-1.5009913010689746,-0.9506319688840988,0,67,3214,-0.4119402453314732,8
1,0,0,0,0.10704778280226633,1,0,2,1,1,1,1,1,1,2,1,3,-1.481049737066981,-0.7038342442113994,0,45,3481,-0.597299193113218,8
0,0,1,1,0.8400143297628127,1,0,2,1,1,1,1,1,1,2,0,3,-1.4577845790646555,-0.5001621498332234,0,64,4254,-0.6172576594264871,8
0,1,0,0,-0.5851984004382496,1,2,1,0,2,0,2,2,2,0,1,1,1.290827659210112,-0.20884906867236644,0,73,2094,-0.036461819729096595,7
0,0,0,0,-0.7073594915983407,0,1,0,0,2,0,0,0,2,2,1,3,-0.8628612530051836,-0.7397465337865831,0,55,2118,-0.3835949766844367,3
1,0,1,0,1.4100994218432374,1,2,1,0,2,0,0,2,0,1,1,0,0.785641371159611,1.5523310832889892,0,49,6251,-0.5125818733366817,5
1,1,0,0,-1.0738427650786138,1,0,1,0,0,0,0,2,0,0,1,2,0.4964886931307054,-0.7862472134085039,0,44,2893,0.6437958922059848,3
1,0,0,1,-1.2774445836787656,1,0,2,1,1,1,1,1,1,0,1,3,-1.5109620830699715,-0.9972650033816037,0,46,4136,0.44478753737109245,8
1,0,0,0,-1.1145631287986442,1,0,0,2,0,0,2,0,0,0,1,3,-0.2995120699488677,-0.8880060535868345,0,22,4545,0.40370282214111797,3
1,0,0,0,-0.7888002190384014,1,0,2,1,1,1,1,1,1,1,1,3,-1.4893587220678117,-0.8923958236270443,0,70,5221,-0.4982499959308767,8
1,0,0,0,-0.13727439951791576,1,0,1,0,2,0,2,2,0,0,0,3,0.827186296163764,0.15172973071089643,0,51,2681,-0.3190059825089421,5
1,1,0,0,-1.2774445836787656,1,0,0,0,0,0,0,0,0,0,1,3,-0.62854787598176,-0.9855515968924009,0,56,5715,1.9668329178675836,1
0,0,1,1,-0.5851984004382496,1,0,0,0,0,0,0,2,0,0,0,3,-0.2928648819482031,-0.5280669694355621,0,76,2035,-0.3240045390497738,2
0,0,1,0,-1.2367242199587352,1,0,0,0,0,2,0,2,2,0,0,1,0.14086413509515497,-0.9405729983396984,0,29,2798,1.9754320443110664,4
1,0,1,1,-0.0965540357978854,1,2,1,0,2,0,2,0,0,0,1,0,0.6244470621434968,0.12814850371097536,0,31,3558,-0.3526196287428582,5
1,0,0,1,1.369379058123207,1,2,0,2,2,0,2,0,0,2,0,0,0.03118553308419093,0.926116048608207,0,57,5058,-0.5492030287377834,5
1,0,1,1,0.22920887396235737,1,2,1,0,0,2,2,2,0,2,1,0,1.001674981181207,0.5896478957272021,0,33,2436,-0.38263951819071634,6
1,0,1,1,0.47353105628253944,1,0,0,0,2,2,2,0,0,0,1,3,-0.09511103892843457,0.28426107946255696,0,63,4388,-0.503919049660284,4
1,0,0,0,-1.2367242199587352,1,0,2,1,1,1,1,1,1,0,0,3,-1.4876969250676457,-0.9913531522721757,0,77,3922,0.10273339661921306,8
0,0,0,0,0.3920903288424788,1,0,0,2,2,0,2,0,2,1,1,3,0.09765741309083585,0.2658196334644896,0,36,5034,-0.48111840293882147,5
0,0,1,1,1.0436161483629645,1,2,2,1,1,1,1,1,1,2,0,1,-1.3165318340505352,-0.3396377448955014,0,71,6444,-0.612759267271495,9
1,0,1,1,1.0436161483629645,1,0,1,0,2,0,0,2,2,0,1,2,0.9335413041743955,1.3347176086826091,0,36,4879,-0.4811974909497324,5
0,0,0,0,1.5729808767233588,1,2,1,2,2,2,2,2,2,2,0,3,1.5467443972356951,2.5174628360490843,0,46,5957,-0.48439584777193184,9
0,0,1,0,0.6364125111626608,1,2,0,2,0,0,2,0,0,1,1,0,-0.1383177609327537,0.31126147408173677,0,76,4077,-0.5198355582277829,4
0,0,1,0,-0.9924020376385531,1,0,0,2,0,0,2,0,2,2,0,3,0.02453834508352634,-0.7567982535910162,0,72,2985,0.1728003528253708,4
1,0,0,0,1.4100994218432374,1,0,2,1,1,1,1,1,1,2,0,0,-1.4893587220678117,-0.4270581402188754,0,80,6212,-0.6279956390340173,8
1,0,0,0,0.6771328748826912,1,2,1,0,0,0,0,0,0,0,1,0,0.32698539911376057,0.6355750375549246,0,79,4516,-0.4905681096413652,3
0,0,1,0,0.7992939660427822,1,2,1,0,2,2,0,2,0,0,0,0,0.9917041991802098,1.2115172786596358,0,57,6212,-0.456985005513408,6
0,0,1,0,1.247217966963116,1,0,1,2,0,2,0,0,0,1,1,1,0.544680806135523,1.2991803245882474,0,60,5294,-0.5162544169219193,4
0,0,1,1,1.4508197855632678,1,2,0,2,2,2,2,2,2,2,1,0,0.8072447321617703,1.7232894642519334,0,49,5001,-0.5136619568513221,8
0,0,1,0,-0.055833672077855064,1,0,0,0,0,0,2,0,0,0,1,3,-0.5172074769706297,-0.3446451710217709,0,52,2157,-0.48535130626565226,2
0,0,1,0,1.2879383306831464,1,0,2,1,1,1,1,1,1,2,0,1,-1.505976692069473,-0.4725661582739146,0,28,5628,-0.6273250887517728,8
0,0,1,0,1.2064976032430856,1,0,1,2,0,2,2,2,2,1,1,2,1.3140928172124378,1.9120495759809544,0,23,5905,-0.47181564427128087,7
0,0,1,0,-0.46303730927815856,1,0,1,0,0,0,2,2,0,0,1,2,0.7075369121518029,-0.20331222304376004,0,23,2937,-0.21317592534995541,4
0,0,1,1,1.6137012404433893,1,2,2,1,1,1,1,1,1,2,0,0,-1.3148700370503688,-0.21723154412603338,0,31,4382,-0.6220538574665018,9
0,0,1,1,-0.015113308357824713,0,1,0,2,2,0,0,0,0,0,1,2,-0.9841724340173105,-0.5420745271015581,0,77,3163,-0.539508430886982,3
0,1,0,0,1.5729808767233588,1,2,1,2,2,0,2,2,0,1,1,1,1.1595456961969886,2.1624650005862893,0,63,5448,-0.502947666858335,7
0,0,0,1,0.06632741908223598,1,0,1,2,2,2,0,2,2,0,1,0,1.3489905542159264,0.6215674798889286,0,39,5432,-0.3165217904252693,7
0,0,1,1,0.10704778280226633,1,2,2,1,1,1,1,1,1,2,0,0,-1.3447823830533592,-0.6433039477775518,0,32,5998,-0.5842412603657067,9
0,0,1,1,-1.1960038562387048,1,0,1,0,0,0,0,2,0,0,1,2,0.5297246331340278,-0.9001385838487208,0,46,2081,1.6515316149398735,3
1,0,0,0,-1.1960038562387048,1,0,1,0,0,2,2,2,0,0,1,3,0.8338334841644282,-0.8979326692556505,0,53,4096,1.913804971466105,5
1,0,0,0,0.8400143297628127,1,0,0,0,0,2,0,0,2,1,1,2,-0.12169979093109246,0.4756682887032624,0,35,5940,-0.531903367320804,3
0,0,1,0,-1.1552834925186746,0,1,0,2,0,0,0,0,0,0,1,2,-1.1869116680375775,-0.9486025274584742,0,35,3306,0.004512263464762806,2
0,0,1,1,0.6364125111626608,1,0,1,2,0,2,0,2,2,1,1,0,1.1612074931971548,1.1900757888149929,0,29,5921,-0.4283455326658278,6
1,0,1,1,0.880734693482843,0,1,0,0,0,2,2,0,2,2,0,1,-0.6235624849812617,0.06366962015553215,0,71,4451,-0.5657401095327584,4
1,0,0,0,1.2064976032430856,1,0,0,0,2,2,2,2,2,0,1,0,0.5197538511330312,1.1918184613435183,0,79,5157,-0.5153117547473113,6
1,0,1,1,-0.4223169455581282,1,0,1,0,2,2,0,2,2,1,1,3,1.1728400721983174,-0.0835972380778377,0,64,3274,-0.1628840646350397,6
1,1,0,0,0.758573602322752,1,0,1,0,0,2,0,2,2,1,1,0,0.9717626351782166,1.1585532692800191,0,77,6034,-0.4543724020269506,5
0,0,0,0,-0.0965540357978854,1,2,0,0,2,2,0,2,0,1,1,1,0.13920233809498894,-0.10634021753239195,0,30,4403,-0.40661844425892346,5
0,1,1,0,0.9621754209229036,1,2,0,2,2,2,2,0,0,1,1,1,0.1225843680933277,0.7651284016059403,0,79,4368,-0.5239468006830393,6
1,0,1,0,0.10704778280226633,1,2,0,0,2,0,2,2,0,1,1,2,0.14086413509515497,0.07145649866906997,0,59,5283,-0.441877944801377,5
0,1,0,0,1.2879383306831464,0,1,0,0,2,0,2,2,0,0,1,2,-0.6950197559884049,0.20791437539639562,0,46,6055,-0.5842853584500323,4
1,0,0,1,-0.0965540357978854,0,1,0,0,0,0,0,2,2,0,1,2,-0.6734163949862454,-0.4288008127474009,0,58,5833,-0.49704796750329305,3
0,0,1,1,-0.30015585439803716,1,0,2,1,1,1,1,1,1,2,1,3,-1.5309036470719648,-0.8365200069845748,0,42,2289,-0.579169980668268,8
0,0,1,0,-1.2774445836787656,1,0,0,2,2,0,0,0,0,0,1,3,-0.3726311379561772,-0.9821544884190726,0,62,4504,2.4082547419663776,3
1,0,0,1,1.5322605130033284,1,2,1,2,2,2,2,2,2,2,1,2,1.656422999246659,2.4718445222643917,0,65,5414,-0.4765705081367435,9
0,0,1,1,1.002895784642934,1,0,2,1,1,1,1,1,1,2,1,0,-1.4843733310673135,-0.5259051731343531,0,23,5506,-0.6218995037561322,8
1,0,0,0,-0.9516816739185228,1,2,1,0,0,0,0,2,0,0,1,2,0.6892571451499756,-0.6564953170441119,0,69,4867,0.3186670162000085,4
0,0,1,1,1.4915401492832983,1,2,1,0,2,2,2,2,2,1,1,0,1.461992750227223,2.30002583461015,0,46,5874,-0.48350863631347724,8
0,0,1,0,1.6137012404433893,1,2,1,0,0,2,0,2,2,2,1,2,1.099721004191008,2.012484867403443,0,22,4508,-0.5079485540657639,6
1,0,0,1,0.47353105628253944,1,0,2,1,1,1,1,1,1,2,0,0,-1.502653098069141,-0.644031899593265,0,40,5860,-0.611822162217767,8
0,0,1,0,1.6137012404433893,1,2,1,2,2,0,0,0,0,2,1,0,0.641065032145158,1.6643694854710271,0,47,5515,-0.5296230645534471,5
1,0,0,0,0.880734693482843,1,2,1,0,0,2,0,0,2,0,0,1,0.8188773111629334,1.1425603884802598,0,56,5871,-0.47526687616374946,5
1,0,0,1,-0.21871512695797646,1,0,2,1,1,1,1,1,1,2,0,1,-1.4976677070686424,-0.7810853732607196,0,79,4052,-0.5809654026729513,8
1,0,0,0,0.880734693482843,1,2,1,0,2,0,0,0,0,0,1,0,0.5014740841312035,0.8949464754081244,0,46,5166,-0.4951751567783586,4
1,0,0,0,-1.1960038562387048,1,0,1,0,2,0,0,0,0,0,0,1,0.32200000811326246,-0.9082342904052887,0,61,3956,1.472383147367311,3
0,0,1,0,0.8400143297628127,1,2,0,2,2,2,0,0,2,1,0,0,0.31036742911209936,0.6856934171094806,0,37,5136,-0.5043012330577722,6
1,0,1,0,-0.7073594915983407,1,0,2,1,1,1,1,1,1,1,0,3,-1.5275800530716328,-0.8756529318656411,0,31,3977,-0.5269137507424867,8
1,0,1,1,-1.1145631287986442,1,2,0,2,2,0,2,0,0,0,0,1,-0.012021188920128179,-0.8659689668020626,0,31,3260,0.5689971415547358,5
1,0,1,1,0.6364125111626608,1,0,0,0,2,2,0,0,0,1,1,1,-0.29785027294870164,0.16388432011871337,0,27,3446,-0.5310670703172302,3
0,0,0,1,-0.30015585439803716,1,0,2,1,1,1,1,1,1,0,0,1,-1.4860351280674797,-0.7976738510006077,0,24,2192,-0.5732167392843182,8
1,0,0,0,1.0436161483629645,1,0,1,2,2,0,0,2,2,1,0,0,1.1429277261953275,1.5182055845341924,0,26,6409,-0.4689546668607058,6
1,0,0,0,-0.9109613101984924,1,0,0,0,0,0,0,0,2,0,1,0,-0.2662761299455452,-0.7837545299183345,0,70,2037,-0.07011773088110183,2
1,0,1,0,1.5729808767233588,1,2,1,0,2,0,2,2,2,2,1,1,1.3091074262119398,2.243664716757205,0,65,5973,-0.4957817281554325,7
0,0,1,1,1.3286586944031769,1,2,1,0,2,2,2,2,2,2,1,1,1.5301264272340338,2.1909874762746875,0,23,6332,-0.46915194180393927,8
0,0,0,0,-0.1779947632379461,0,1,0,0,0,2,2,0,0,0,1,3,-0.9642308700153169,-0.5816265757553076,0,69,2431,-0.5202914349756665,3
0,0,1,1,1.4100994218432374,1,2,0,0,0,2,2,0,2,2,1,0,0.17077648109814536,1.0306764003197366,0,21,6079,-0.5437747829846102,5
1,0,0,0,0.10704778280226633,1,0,1,2,0,0,2,0,2,1,1,2,0.8122301231622688,0.42863818957900474,0,39,4446,-0.3775437395575412,5
0,0,1,1,1.6137012404433893,0,1,0,2,2,2,2,0,2,2,0,1,-0.3028356639492,0.7060319496575884,0,35,5192,-0.5742285788904182,6
0,0,1,1,1.1657772395230555,0,1,0,2,2,0,2,0,2,1,1,0,-0.467353566965646,0.3569239061582909,0,22,5024,-0.5678751810055294,5
1,1,0,0,1.4508197855632678,1,0,2,1,1,1,1,1,1,2,1,1,-1.4876969250676457,-0.3898884793256417,0,55,6136,-0.6284000594450421,8
1,0,0,0,-1.1960038562387048,1,0,2,1,1,1,1,1,1,0,1,3,-1.517609271070636,-0.9823750798783796,0,68,4905,-0.11415568145530262,8
0,0,0,1,0.6364125111626608,0,1,0,0,2,2,0,0,2,0,0,1,-0.6385186579827569,-0.07561182725092344,0,52,4106,-0.5550510284249038,4
1,0,1,1,1.4508197855632678,1,2,1,0,2,0,0,2,2,1,1,1,1.2060760122016398,1.9812491167655681,0,32,5570,-0.4937219535041151,6
0,0,0,0,0.5956921474426305,1,0,1,2,0,2,2,2,2,1,1,2,1.2941512532104444,1.0812800810847685,0,20,4543,-0.41393078386005727,7
1,0,1,1,-0.015113308357824713,0,1,0,0,0,2,2,0,0,1,1,3,-0.9476129000136557,-0.4979562352401532,0,45,2609,-0.5356865969121006,3
0,0,1,1,-1.1145631287986442,1,0,0,2,0,0,0,0,0,0,1,3,-0.5105602889699654,-0.9031827459871578,0,44,5756,0.2823595934386356,2
1,0,0,0,0.6771328748826912,1,0,2,1,1,1,1,1,1,2,1,1,-1.491020519067978,-0.5546261811361278,0,71,5240,-0.6160007006969707,8
1,0,0,0,-0.7073594915983407,1,0,2,1,1,1,1,1,1,0,1,3,-1.4943441130683104,-0.869277838691668,0,73,2681,-0.5197478120395842,8
0,0,0,0,-0.8295205827584317,1,0,0,0,0,0,0,0,0,0,1,2,-0.6551366279844181,-0.7749970489838457,0,37,5624,-0.26430965858381356,1
1,1,0,0,1.4100994218432374,1,2,0,2,2,0,2,0,0,2,1,0,-0.007035797919630092,0.8692916886907176,0,67,4494,-0.5527954352341463,5
1,0,0,0,-0.9516816739185228,1,0,1,0,0,0,2,2,0,0,0,2,0.7141841001524675,-0.6658483949187297,0,42,4754,0.32726614264349135,4
0,0,1,1,-0.7888002190384014,1,0,2,1,1,1,1,1,1,2,1,0,-1.4960059100684764,-0.8969400076887689,0,22,4314,-0.4998879247772544,8
0,0,0,0,0.22920887396235737,1,0,1,0,0,0,0,2,2,1,1,3,0.8089065291619363,0.468653480297299,0,56,2675,-0.39969077746326387,4
0,1,1,0,0.3920903288424788,1,2,1,0,2,2,0,2,0,0,1,2,1.0232783421833662,0.7283337461935285,0,26,4121,-0.4068592800082783,6
1,0,1,1,-0.9516816739185228,1,2,1,0,2,2,0,2,2,0,1,1,1.2575917192067896,-0.609707868525092,0,32,4062,0.5147270991114208,7
0,0,1,0,0.6771328748826912,0,1,0,0,2,0,2,2,2,1,1,1,-0.28123230294704044,0.22097338978737144,0,20,5913,-0.5325318466855623,5
0,1,1,0,1.1657772395230555,1,2,1,2,2,2,2,0,0,0,1,1,0.9784098231788811,1.595192003832344,0,76,5274,-0.48743174008262385,7
1,0,0,1,0.7178532386027215,0,1,0,2,2,0,0,2,0,1,1,0,-0.721608507991063,-0.031625890265102576,0,41,5409,-0.5648510732872647,4
0,1,1,0,0.8400143297628127,1,0,1,0,2,2,2,2,0,1,1,2,0.9717626351782166,1.143420695171557,0,73,6355,-0.46204873522436185,6
0,0,1,0,0.758573602322752,1,2,1,0,0,2,0,2,2,1,1,2,1.1329569441943304,1.1769947152780864,0,43,6034,-0.44367861657800384,6
0,0,1,1,-0.3408762181180675,1,2,0,2,2,2,0,0,0,2,0,2,-0.013682985920294679,-0.31813007761306644,0,60,5461,-0.36651137881671714,5
0,0,1,0,1.2064976032430856,1,0,0,2,2,2,0,2,0,2,1,1,0.24057195510512236,0.8843360262154565,0,48,6489,-0.5305990906468366,5
1,0,0,0,-0.3408762181180675,1,0,0,0,2,0,0,0,0,0,1,3,-0.5005895069689685,-0.468308743109289,0,38,2911,-0.4336992200951309,2
0,0,1,1,1.5322605130033284,1,2,0,2,2,2,2,2,0,2,0,2,0.5297246331340278,1.4727637439169452,0,49,4412,-0.5313142426783536,7
1,0,0,1,-1.2774445836787656,0,1,0,0,0,0,0,0,0,0,0,3,-1.3481059770536914,-0.9951032070803951,0,80,4276,0.7256923345248704,1
0,0,0,0,-0.9924020376385531,1,0,0,0,2,0,2,2,0,0,1,2,0.022876548083360315,-0.7611659644852952,0,80,5227,0.1721633804962239,4
0,0,1,1,1.6137012404433893,1,0,0,2,2,2,2,0,2,2,1,2,0.31867641411292996,1.3048715842383685,0,78,4874,-0.5448580465629056,6
0,0,0,0,-0.38159658183809786,1,0,1,0,2,2,2,0,0,0,0,0,0.612814483142334,-0.10916378821152191,0,28,2061,-0.264162664969395,5
1,0,0,1,-0.055833672077855064,0,1,0,0,0,0,0,0,0,0,0,1,-1.3215172250510334,-0.657598274340647,0,65,4242,-0.5720591645707724,1
1,0,1,1,0.18848851024232702,0,1,0,2,0,2,2,0,0,1,1,2,-0.8163309370005319,-0.3328214688029144,0,48,2308,-0.5403404569437145,4
0,1,0,0,0.10704778280226633,1,2,1,2,2,2,0,2,2,1,1,2,1.4486983742258936,0.6381338984828862,0,50,5139,-0.3165536390417267,8
0,0,1,1,-0.38159658183809786,1,2,0,0,2,0,2,2,0,0,1,1,0.1574821050968162,-0.2769015338685836,0,66,2159,-0.32961157178923783,5
0,0,1,1,-0.5037576729981889,1,2,0,2,0,0,0,2,2,1,0,0,0.3735157151184122,-0.3048504717627836,0,69,4085,-0.24669142394136606,5
1,0,1,0,0.14776814652229667,1,0,1,2,0,0,0,2,2,0,1,2,0.9584682591768874,0.47926392948996693,0,53,2701,-0.3715871875066001,5
1,0,1,1,1.5729808767233588,1,2,1,0,2,0,0,2,2,1,0,0,1.1894580421999785,2.132685153579841,0,37,5876,-0.5015144791177545,6
0,0,1,1,0.43281069256250915,1,2,2,1,1,1,1,1,1,1,1,0,-1.3397969920528607,-0.5676190180893116,0,77,5119,-0.5979216887985206,9
1,0,0,1,1.002895784642934,1,2,0,2,2,2,2,2,2,2,0,3,0.8238627021634315,1.205583368404277,0,22,4260,-0.48461000226190365,8
0,0,1,0,-0.21871512695797646,1,0,1,0,2,0,0,0,0,0,1,2,0.37683930911874425,-0.0822075118842034,0,43,3291,-0.35001743533369356,3
0,0,0,0,-0.7888002190384014,1,0,1,0,0,0,0,0,2,0,1,2,0.5230774451333633,-0.5593909566571595,0,37,3895,-0.0023670376900236517,3
0,0,0,0,1.4100994218432374,1,0,2,1,1,1,1,1,1,1,0,2,-1.4694171580658184,-0.41309470084474065,0,72,5462,-0.6269839770994898,8
0,0,1,0,1.2879383306831464,1,2,1,0,2,0,2,2,2,2,1,0,1.3506523512160928,1.991947802541959,0,24,4512,-0.47571587484051864,7
1,0,0,0,-0.2594354906780068,0,1,0,0,0,2,2,0,0,0,0,2,-0.9642308700153169,-0.5546702994279893,0,65,2734,-0.5098216599103784,3
1,0,0,0,0.22920887396235737,1,2,1,0,2,2,0,0,2,0,1,1,1.0083221691818711,0.622714555477325,0,62,5393,-0.38205154373304234,6
1,0,1,0,-0.38159658183809786,1,0,2,1,1,1,1,1,1,1,0,1,-1.5109620830699715,-0.791276698680704,0,68,2111,-0.5694316537130415,8
1,1,1,0,1.6137012404433893,0,1,0,2,2,2,2,2,2,2,1,0,-0.055227910924447524,1.0614047906012054,0,56,4933,-0.5625274844604734,7
0,0,1,0,1.2064976032430856,1,2,0,2,2,0,2,2,2,2,1,2,0.6709773781481484,1.2665548477567385,0,39,6307,-0.5070311144684017,7
0,0,0,0,0.3106496014024181,1,2,1,0,2,2,0,2,0,0,1,0,0.9518210711762233,0.6514796817709612,0,53,3819,-0.4004436715858952,6
1,0,0,0,0.35136996512244845,1,2,1,0,2,0,0,2,0,0,1,2,0.8122301231622688,0.6026627918263165,0,77,3259,-0.41812797652890016,5
1,1,1,0,0.06632741908223598,1,0,1,0,0,2,0,2,0,0,1,1,0.6792863631489789,0.26237840669929996,0,27,5393,-0.3825303229342912,4
0,0,0,0,-1.2774445836787656,1,0,0,0,2,0,0,0,0,0,0,2,-0.4922805219681379,-0.9837427469260833,0,32,5230,2.201875707322786,2
0,0,0,0,0.758573602322752,1,0,2,1,1,1,1,1,1,2,0,0,-1.4660935640654862,-0.5554423695355638,0,70,4725,-0.6161021262909194,8
0,0,0,0,0.26992923768238775,1,0,2,1,1,1,1,1,1,2,0,3,-1.4827115340671475,-0.64136274293565,0,44,2007,-0.6038759324116595,8
1,0,1,1,-0.8295205827584317,1,0,2,1,1,1,1,1,1,0,1,2,-1.5142856770703037,-0.9003371161620971,0,73,3101,-0.4922967545469269,8
1,0,0,0,1.6137012404433893,1,2,1,0,2,2,0,2,2,1,1,2,1.3356961782145975,2.3226364591891198,0,20,5760,-0.4967971754815211,7
0,1,1,0,1.247217966963116,1,2,1,0,2,2,0,2,2,0,1,2,1.28750406520978,1.8528207691570182,0,53,5187,-0.4762147344194515,7
1,0,1,0,0.47353105628253944,1,2,1,2,0,2,0,0,0,0,1,1,0.6659919871476498,0.5941038432052039,0,44,2770,-0.445572384310429,5
0,0,0,0,-0.5851984004382496,1,2,1,0,0,2,2,0,2,0,1,0,1.0066603721817051,-0.26485724019041995,0,60,4524,-0.08805657838999462,6
1,0,0,0,-0.7888002190384014,1,0,0,0,2,0,2,2,2,0,0,3,0.2854404741096075,-0.5947958858759371,0,65,4645,-0.06092299394802699,5
0,0,1,0,1.4508197855632678,1,0,0,0,2,0,2,2,0,2,0,0,-0.021991970921125294,0.9028877679431774,0,48,5553,-0.5551205471440566,4
0,1,0,0,-1.0738427650786138,0,1,0,0,0,0,0,2,2,0,1,2,-0.6767399889865777,-0.8897266669694293,0,71,4611,0.06560700943465146,3
0,0,0,0,-1.2367242199587352,1,0,2,1,1,1,1,1,1,0,1,3,-1.4860351280674797,-0.9884634041552536,0,80,5191,0.10464431360665372,8
1,1,1,0,0.9214550572028734,1,2,0,2,2,0,0,0,0,1,0,1,-0.1582593249347472,0.45722684270519504,0,71,4212,-0.5387887348787251,4
1,0,0,0,0.22920887396235737,1,0,1,0,0,0,0,0,0,0,1,1,0.1574821050968162,0.15243562338067887,0,35,4591,-0.4573122743153209,2
1,0,0,0,-0.5444780367182193,1,0,1,0,0,0,0,2,0,0,1,0,0.46325275312738295,-0.3461672520909894,0,20,2464,-0.21046589762231227,3
0,0,0,0,-0.8295205827584317,0,1,0,0,2,2,2,2,2,1,0,2,-0.13665596393258767,-0.6778485703050319,0,24,3740,-0.12672363548808546,6
0,0,0,0,1.6137012404433893,1,0,2,1,1,1,1,1,1,2,1,0,-1.4494755940638249,-0.3795647990300729,0,45,5306,-0.6284148551096262,8
1,0,1,1,-0.3408762181180675,1,2,0,2,0,2,2,2,2,1,1,3,0.6659919871476498,-0.12760523420958916,0,59,2140,-0.2727235730731292,7
0,0,1,1,1.6137012404433893,1,2,1,0,2,2,0,2,2,1,1,1,1.2775332832087833,2.2426058777525313,0,71,5560,-0.49954575471003165,7
0,0,1,1,-0.8702409464784621,0,1,0,2,0,0,0,0,0,0,1,2,-1.16863190103575,-0.8529320115570175,0,59,2793,-0.378817684215835,2
1,0,0,0,1.369379058123207,1,0,1,2,0,2,2,2,2,2,1,0,1.3589613362169235,2.013896652743008,0,38,5097,-0.48083783442591366,7
